row,col,lat,lon,probability_30d,expected_count_30d
0,0,-59.0,-179.0,0.0,-0.0
0,1,-59.0,-177.0,0.0,-0.0
0,2,-59.0,-175.0,0.0,-0.0
0,3,-59.0,-173.0,0.0,-0.0
0,4,-59.0,-171.0,0.0,-0.0
0,5,-59.0,-169.0,0.0,-0.0
0,6,-59.0,-167.0,0.0,-0.0
0,7,-59.0,-165.0,0.0,-0.0
0,8,-59.0,-163.0,0.0,-0.0
0,9,-59.0,-161.0,0.0,-0.0
0,10,-59.0,-159.0,0.0,-0.0
0,11,-59.0,-157.0,0.0,-0.0
0,12,-59.0,-155.0,0.0,-0.0
0,13,-59.0,-153.0,0.0,-0.0
0,14,-59.0,-151.0,0.0,-0.0
0,15,-59.0,-149.0,0.0,-0.0
0,16,-59.0,-147.0,0.0,-0.0
0,17,-59.0,-145.0,0.0,-0.0
0,18,-59.0,-143.0,0.0,-0.0
0,19,-59.0,-141.0,0.0,-0.0
0,20,-59.0,-139.0,0.0,-0.0
0,21,-59.0,-137.0,0.0,-0.0
0,22,-59.0,-135.0,0.0,-0.0
0,23,-59.0,-133.0,0.0,-0.0
0,24,-59.0,-131.0,0.0,-0.0
0,25,-59.0,-129.0,0.0,-0.0
0,26,-59.0,-127.0,0.0,-0.0
0,27,-59.0,-125.0,0.0,-0.0
0,28,-59.0,-123.0,0.0,-0.0
0,29,-59.0,-121.0,0.0,-0.0
0,30,-59.0,-119.0,0.0,-0.0
0,31,-59.0,-117.0,0.0,-0.0
0,32,-59.0,-115.0,0.0,-0.0
0,33,-59.0,-113.0,0.0,-0.0
0,34,-59.0,-111.0,0.0,-0.0
0,35,-59.0,-109.0,0.0,-0.0
0,36,-59.0,-107.0,0.0,-0.0
0,37,-59.0,-105.0,0.0,-0.0
0,38,-59.0,-103.0,0.0,-0.0
0,39,-59.0,-101.0,0.0,-0.0
0,40,-59.0,-99.0,0.0,-0.0
0,41,-59.0,-97.0,0.0,-0.0
0,42,-59.0,-95.0,0.0,-0.0
0,43,-59.0,-93.0,0.0,-0.0
0,44,-59.0,-91.0,0.0,-0.0
0,45,-59.0,-89.0,0.0,-0.0
0,46,-59.0,-87.0,0.0,-0.0
0,47,-59.0,-85.0,0.0,-0.0
0,48,-59.0,-83.0,0.0,-0.0
0,49,-59.0,-81.0,0.0,-0.0
0,50,-59.0,-79.0,0.0,-0.0
0,51,-59.0,-77.0,0.0,-0.0
0,52,-59.0,-75.0,0.0,-0.0
0,53,-59.0,-73.0,0.0,-0.0
0,54,-59.0,-71.0,0.0,-0.0
0,55,-59.0,-69.0,0.0,-0.0
0,56,-59.0,-67.0,0.0,-0.0
0,57,-59.0,-65.0,0.0,-0.0
0,58,-59.0,-63.0,0.0,-0.0
0,59,-59.0,-61.0,0.0,-0.0
0,60,-59.0,-59.0,0.0,-0.0
0,61,-59.0,-57.0,0.0,-0.0
0,62,-59.0,-55.0,0.0,-0.0
0,63,-59.0,-53.0,0.0,-0.0
0,64,-59.0,-51.0,0.0,-0.0
0,65,-59.0,-49.0,0.0,-0.0
0,66,-59.0,-47.0,0.0,-0.0
0,67,-59.0,-45.0,0.0,-0.0
0,68,-59.0,-43.0,0.0,-0.0
0,69,-59.0,-41.0,0.0,-0.0
0,70,-59.0,-39.0,0.0,-0.0
0,71,-59.0,-37.0,0.0,-0.0
0,72,-59.0,-35.0,0.0,-0.0
0,73,-59.0,-33.0,0.0,-0.0
0,74,-59.0,-31.0,0.0,-0.0
0,75,-59.0,-29.0,0.0,-0.0
0,76,-59.0,-27.0,0.5091,0.71151484
0,77,-59.0,-25.0,0.5091,0.71151484
0,78,-59.0,-23.0,0.0,-0.0
0,79,-59.0,-21.0,0.0,-0.0
0,80,-59.0,-19.0,0.0,-0.0
0,81,-59.0,-17.0,0.0,-0.0
0,82,-59.0,-15.0,0.0,-0.0
0,83,-59.0,-13.0,0.0,-0.0
0,84,-59.0,-11.0,0.0,-0.0
0,85,-59.0,-9.0,0.0,-0.0
0,86,-59.0,-7.0,0.0,-0.0
0,87,-59.0,-5.0,0.0,-0.0
0,88,-59.0,-3.0,0.0,-0.0
0,89,-59.0,-1.0,0.0,-0.0
0,90,-59.0,1.0,0.0,-0.0
0,91,-59.0,3.0,0.0,-0.0
0,92,-59.0,5.0,0.0,-0.0
0,93,-59.0,7.0,0.0,-0.0
0,94,-59.0,9.0,0.0,-0.0
0,95,-59.0,11.0,0.0,-0.0
0,96,-59.0,13.0,0.0,-0.0
0,97,-59.0,15.0,0.0,-0.0
0,98,-59.0,17.0,0.0,-0.0
0,99,-59.0,19.0,0.0,-0.0
0,100,-59.0,21.0,0.0,-0.0
0,101,-59.0,23.0,0.0,-0.0
0,102,-59.0,25.0,0.0,-0.0
0,103,-59.0,27.0,0.0,-0.0
0,104,-59.0,29.0,0.0,-0.0
0,105,-59.0,31.0,0.0,-0.0
0,106,-59.0,33.0,0.0,-0.0
0,107,-59.0,35.0,0.0,-0.0
0,108,-59.0,37.0,0.0,-0.0
0,109,-59.0,39.0,0.0,-0.0
0,110,-59.0,41.0,0.0,-0.0
0,111,-59.0,43.0,0.0,-0.0
0,112,-59.0,45.0,0.0,-0.0
0,113,-59.0,47.0,0.0,-0.0
0,114,-59.0,49.0,0.0,-0.0
0,115,-59.0,51.0,0.0,-0.0
0,116,-59.0,53.0,0.0,-0.0
0,117,-59.0,55.0,0.0,-0.0
0,118,-59.0,57.0,0.0,-0.0
0,119,-59.0,59.0,0.0,-0.0
0,120,-59.0,61.0,0.0,-0.0
0,121,-59.0,63.0,0.0,-0.0
0,122,-59.0,65.0,0.0,-0.0
0,123,-59.0,67.0,0.0,-0.0
0,124,-59.0,69.0,0.0,-0.0
0,125,-59.0,71.0,0.0,-0.0
0,126,-59.0,73.0,0.0,-0.0
0,127,-59.0,75.0,0.0,-0.0
0,128,-59.0,77.0,0.0,-0.0
0,129,-59.0,79.0,0.0,-0.0
0,130,-59.0,81.0,0.0,-0.0
0,131,-59.0,83.0,0.0,-0.0
0,132,-59.0,85.0,0.0,-0.0
0,133,-59.0,87.0,0.0,-0.0
0,134,-59.0,89.0,0.0,-0.0
0,135,-59.0,91.0,0.0,-0.0
0,136,-59.0,93.0,0.0,-0.0
0,137,-59.0,95.0,0.0,-0.0
0,138,-59.0,97.0,0.0,-0.0
0,139,-59.0,99.0,0.0,-0.0
0,140,-59.0,101.0,0.0,-0.0
0,141,-59.0,103.0,0.0,-0.0
0,142,-59.0,105.0,0.0,-0.0
0,143,-59.0,107.0,0.0,-0.0
0,144,-59.0,109.0,0.0,-0.0
0,145,-59.0,111.0,0.0,-0.0
0,146,-59.0,113.0,0.0,-0.0
0,147,-59.0,115.0,0.0,-0.0
0,148,-59.0,117.0,0.0,-0.0
0,149,-59.0,119.0,0.0,-0.0
0,150,-59.0,121.0,0.0,-0.0
0,151,-59.0,123.0,0.0,-0.0
0,152,-59.0,125.0,0.0,-0.0
0,153,-59.0,127.0,0.0,-0.0
0,154,-59.0,129.0,0.0,-0.0
0,155,-59.0,131.0,0.0,-0.0
0,156,-59.0,133.0,0.0,-0.0
0,157,-59.0,135.0,0.0,-0.0
0,158,-59.0,137.0,0.0,-0.0
0,159,-59.0,139.0,0.0,-0.0
0,160,-59.0,141.0,0.0,-0.0
0,161,-59.0,143.0,0.0,-0.0
0,162,-59.0,145.0,0.0,-0.0
0,163,-59.0,147.0,0.0,-0.0
0,164,-59.0,149.0,0.0,-0.0
0,165,-59.0,151.0,0.0,-0.0
0,166,-59.0,153.0,0.0,-0.0
0,167,-59.0,155.0,0.0,-0.0
0,168,-59.0,157.0,0.0,-0.0
0,169,-59.0,159.0,0.0,-0.0
0,170,-59.0,161.0,0.0,-0.0
0,171,-59.0,163.0,0.0,-0.0
0,172,-59.0,165.0,0.0,-0.0
0,173,-59.0,167.0,0.0,-0.0
0,174,-59.0,169.0,0.0,-0.0
0,175,-59.0,171.0,0.0,-0.0
0,176,-59.0,173.0,0.0,-0.0
0,177,-59.0,175.0,0.0,-0.0
0,178,-59.0,177.0,0.0,-0.0
0,179,-59.0,179.0,0.0,-0.0
1,0,-57.0,-179.0,0.0,-0.0
1,1,-57.0,-177.0,0.0,-0.0
1,2,-57.0,-175.0,0.0,-0.0
1,3,-57.0,-173.0,0.0,-0.0
1,4,-57.0,-171.0,0.0,-0.0
1,5,-57.0,-169.0,0.0,-0.0
1,6,-57.0,-167.0,0.0,-0.0
1,7,-57.0,-165.0,0.0,-0.0
1,8,-57.0,-163.0,0.0,-0.0
1,9,-57.0,-161.0,0.0,-0.0
1,10,-57.0,-159.0,0.0,-0.0
1,11,-57.0,-157.0,0.0,-0.0
1,12,-57.0,-155.0,0.0,-0.0
1,13,-57.0,-153.0,0.0,-0.0
1,14,-57.0,-151.0,0.0,-0.0
1,15,-57.0,-149.0,0.0,-0.0
1,16,-57.0,-147.0,0.0,-0.0
1,17,-57.0,-145.0,0.0,-0.0
1,18,-57.0,-143.0,0.0,-0.0
1,19,-57.0,-141.0,0.0,-0.0
1,20,-57.0,-139.0,0.0,-0.0
1,21,-57.0,-137.0,0.0,-0.0
1,22,-57.0,-135.0,0.0,-0.0
1,23,-57.0,-133.0,0.0,-0.0
1,24,-57.0,-131.0,0.0,-0.0
1,25,-57.0,-129.0,0.0,-0.0
1,26,-57.0,-127.0,0.0,-0.0
1,27,-57.0,-125.0,0.0,-0.0
1,28,-57.0,-123.0,0.0,-0.0
1,29,-57.0,-121.0,0.0,-0.0
1,30,-57.0,-119.0,0.0,-0.0
1,31,-57.0,-117.0,0.0,-0.0
1,32,-57.0,-115.0,0.0,-0.0
1,33,-57.0,-113.0,0.0,-0.0
1,34,-57.0,-111.0,0.0,-0.0
1,35,-57.0,-109.0,0.0,-0.0
1,36,-57.0,-107.0,0.0,-0.0
1,37,-57.0,-105.0,0.0,-0.0
1,38,-57.0,-103.0,0.0,-0.0
1,39,-57.0,-101.0,0.0,-0.0
1,40,-57.0,-99.0,0.0,-0.0
1,41,-57.0,-97.0,0.0,-0.0
1,42,-57.0,-95.0,0.0,-0.0
1,43,-57.0,-93.0,0.0,-0.0
1,44,-57.0,-91.0,0.0,-0.0
1,45,-57.0,-89.0,0.0,-0.0
1,46,-57.0,-87.0,0.0,-0.0
1,47,-57.0,-85.0,0.0,-0.0
1,48,-57.0,-83.0,0.0,-0.0
1,49,-57.0,-81.0,0.0,-0.0
1,50,-57.0,-79.0,0.0,-0.0
1,51,-57.0,-77.0,0.0,-0.0
1,52,-57.0,-75.0,0.0,-0.0
1,53,-57.0,-73.0,0.0,-0.0
1,54,-57.0,-71.0,0.0,-0.0
1,55,-57.0,-69.0,0.0,-0.0
1,56,-57.0,-67.0,0.0,-0.0
1,57,-57.0,-65.0,0.0,-0.0
1,58,-57.0,-63.0,0.0,-0.0
1,59,-57.0,-61.0,0.0,-0.0
1,60,-57.0,-59.0,0.0,-0.0
1,61,-57.0,-57.0,0.0,-0.0
1,62,-57.0,-55.0,0.0,-0.0
1,63,-57.0,-53.0,0.0,-0.0
1,64,-57.0,-51.0,0.0,-0.0
1,65,-57.0,-49.0,0.0,-0.0
1,66,-57.0,-47.0,0.0,-0.0
1,67,-57.0,-45.0,0.0,-0.0
1,68,-57.0,-43.0,0.0,-0.0
1,69,-57.0,-41.0,0.0,-0.0
1,70,-57.0,-39.0,0.0,-0.0
1,71,-57.0,-37.0,0.0,-0.0
1,72,-57.0,-35.0,0.0,-0.0
1,73,-57.0,-33.0,0.0,-0.0
1,74,-57.0,-31.0,0.0,-0.0
1,75,-57.0,-29.0,0.0,-0.0
1,76,-57.0,-27.0,0.0,-0.0
1,77,-57.0,-25.0,0.0,-0.0
1,78,-57.0,-23.0,0.0,-0.0
1,79,-57.0,-21.0,0.0,-0.0
1,80,-57.0,-19.0,0.0,-0.0
1,81,-57.0,-17.0,0.0,-0.0
1,82,-57.0,-15.0,0.0,-0.0
1,83,-57.0,-13.0,0.0,-0.0
1,84,-57.0,-11.0,0.0,-0.0
1,85,-57.0,-9.0,0.0,-0.0
1,86,-57.0,-7.0,0.0,-0.0
1,87,-57.0,-5.0,0.0,-0.0
1,88,-57.0,-3.0,0.0,-0.0
1,89,-57.0,-1.0,0.0,-0.0
1,90,-57.0,1.0,0.0,-0.0
1,91,-57.0,3.0,0.0,-0.0
1,92,-57.0,5.0,0.0,-0.0
1,93,-57.0,7.0,0.0,-0.0
1,94,-57.0,9.0,0.0,-0.0
1,95,-57.0,11.0,0.0,-0.0
1,96,-57.0,13.0,0.0,-0.0
1,97,-57.0,15.0,0.0,-0.0
1,98,-57.0,17.0,0.0,-0.0
1,99,-57.0,19.0,0.0,-0.0
1,100,-57.0,21.0,0.0,-0.0
1,101,-57.0,23.0,0.0,-0.0
1,102,-57.0,25.0,0.0,-0.0
1,103,-57.0,27.0,0.0,-0.0
1,104,-57.0,29.0,0.0,-0.0
1,105,-57.0,31.0,0.0,-0.0
1,106,-57.0,33.0,0.0,-0.0
1,107,-57.0,35.0,0.0,-0.0
1,108,-57.0,37.0,0.0,-0.0
1,109,-57.0,39.0,0.0,-0.0
1,110,-57.0,41.0,0.0,-0.0
1,111,-57.0,43.0,0.0,-0.0
1,112,-57.0,45.0,0.0,-0.0
1,113,-57.0,47.0,0.0,-0.0
1,114,-57.0,49.0,0.0,-0.0
1,115,-57.0,51.0,0.0,-0.0
1,116,-57.0,53.0,0.0,-0.0
1,117,-57.0,55.0,0.0,-0.0
1,118,-57.0,57.0,0.0,-0.0
1,119,-57.0,59.0,0.0,-0.0
1,120,-57.0,61.0,0.0,-0.0
1,121,-57.0,63.0,0.0,-0.0
1,122,-57.0,65.0,0.0,-0.0
1,123,-57.0,67.0,0.0,-0.0
1,124,-57.0,69.0,0.0,-0.0
1,125,-57.0,71.0,0.0,-0.0
1,126,-57.0,73.0,0.0,-0.0
1,127,-57.0,75.0,0.0,-0.0
1,128,-57.0,77.0,0.0,-0.0
1,129,-57.0,79.0,0.0,-0.0
1,130,-57.0,81.0,0.0,-0.0
1,131,-57.0,83.0,0.0,-0.0
1,132,-57.0,85.0,0.0,-0.0
1,133,-57.0,87.0,0.0,-0.0
1,134,-57.0,89.0,0.0,-0.0
1,135,-57.0,91.0,0.0,-0.0
1,136,-57.0,93.0,0.0,-0.0
1,137,-57.0,95.0,0.0,-0.0
1,138,-57.0,97.0,0.0,-0.0
1,139,-57.0,99.0,0.0,-0.0
1,140,-57.0,101.0,0.0,-0.0
1,141,-57.0,103.0,0.0,-0.0
1,142,-57.0,105.0,0.0,-0.0
1,143,-57.0,107.0,0.0,-0.0
1,144,-57.0,109.0,0.0,-0.0
1,145,-57.0,111.0,0.0,-0.0
1,146,-57.0,113.0,0.0,-0.0
1,147,-57.0,115.0,0.0,-0.0
1,148,-57.0,117.0,0.0,-0.0
1,149,-57.0,119.0,0.0,-0.0
1,150,-57.0,121.0,0.0,-0.0
1,151,-57.0,123.0,0.0,-0.0
1,152,-57.0,125.0,0.0,-0.0
1,153,-57.0,127.0,0.0,-0.0
1,154,-57.0,129.0,0.0,-0.0
1,155,-57.0,131.0,0.0,-0.0
1,156,-57.0,133.0,0.0,-0.0
1,157,-57.0,135.0,0.0,-0.0
1,158,-57.0,137.0,0.0,-0.0
1,159,-57.0,139.0,0.0,-0.0
1,160,-57.0,141.0,0.0,-0.0
1,161,-57.0,143.0,0.0,-0.0
1,162,-57.0,145.0,0.0,-0.0
1,163,-57.0,147.0,0.0,-0.0
1,164,-57.0,149.0,0.0,-0.0
1,165,-57.0,151.0,0.0,-0.0
1,166,-57.0,153.0,0.0,-0.0
1,167,-57.0,155.0,0.0,-0.0
1,168,-57.0,157.0,0.0,-0.0
1,169,-57.0,159.0,0.0,-0.0
1,170,-57.0,161.0,0.0,-0.0
1,171,-57.0,163.0,0.0,-0.0
1,172,-57.0,165.0,0.0,-0.0
1,173,-57.0,167.0,0.0,-0.0
1,174,-57.0,169.0,0.0,-0.0
1,175,-57.0,171.0,0.0,-0.0
1,176,-57.0,173.0,0.0,-0.0
1,177,-57.0,175.0,0.0,-0.0
1,178,-57.0,177.0,0.0,-0.0
1,179,-57.0,179.0,0.0,-0.0
2,0,-55.0,-179.0,0.0,-0.0
2,1,-55.0,-177.0,0.0,-0.0
2,2,-55.0,-175.0,0.0,-0.0
2,3,-55.0,-173.0,0.0,-0.0
2,4,-55.0,-171.0,0.0,-0.0
2,5,-55.0,-169.0,0.0,-0.0
2,6,-55.0,-167.0,0.0,-0.0
2,7,-55.0,-165.0,0.0,-0.0
2,8,-55.0,-163.0,0.0,-0.0
2,9,-55.0,-161.0,0.0,-0.0
2,10,-55.0,-159.0,0.0,-0.0
2,11,-55.0,-157.0,0.0,-0.0
2,12,-55.0,-155.0,0.0,-0.0
2,13,-55.0,-153.0,0.0,-0.0
2,14,-55.0,-151.0,0.0,-0.0
2,15,-55.0,-149.0,0.0,-0.0
2,16,-55.0,-147.0,0.0,-0.0
2,17,-55.0,-145.0,0.0,-0.0
2,18,-55.0,-143.0,0.0,-0.0
2,19,-55.0,-141.0,0.0,-0.0
2,20,-55.0,-139.0,0.0,-0.0
2,21,-55.0,-137.0,0.0,-0.0
2,22,-55.0,-135.0,0.0,-0.0
2,23,-55.0,-133.0,0.0,-0.0
2,24,-55.0,-131.0,0.0,-0.0
2,25,-55.0,-129.0,0.0,-0.0
2,26,-55.0,-127.0,0.0,-0.0
2,27,-55.0,-125.0,0.0,-0.0
2,28,-55.0,-123.0,0.0,-0.0
2,29,-55.0,-121.0,0.0,-0.0
2,30,-55.0,-119.0,0.0,-0.0
2,31,-55.0,-117.0,0.0,-0.0
2,32,-55.0,-115.0,0.0,-0.0
2,33,-55.0,-113.0,0.0,-0.0
2,34,-55.0,-111.0,0.0,-0.0
2,35,-55.0,-109.0,0.0,-0.0
2,36,-55.0,-107.0,0.0,-0.0
2,37,-55.0,-105.0,0.0,-0.0
2,38,-55.0,-103.0,0.0,-0.0
2,39,-55.0,-101.0,0.0,-0.0
2,40,-55.0,-99.0,0.0,-0.0
2,41,-55.0,-97.0,0.0,-0.0
2,42,-55.0,-95.0,0.0,-0.0
2,43,-55.0,-93.0,0.0,-0.0
2,44,-55.0,-91.0,0.0,-0.0
2,45,-55.0,-89.0,0.0,-0.0
2,46,-55.0,-87.0,0.0,-0.0
2,47,-55.0,-85.0,0.0,-0.0
2,48,-55.0,-83.0,0.0,-0.0
2,49,-55.0,-81.0,0.0,-0.0
2,50,-55.0,-79.0,0.0,-0.0
2,51,-55.0,-77.0,0.0,-0.0
2,52,-55.0,-75.0,0.0,-0.0
2,53,-55.0,-73.0,0.0,-0.0
2,54,-55.0,-71.0,0.0,-0.0
2,55,-55.0,-69.0,0.0,-0.0
2,56,-55.0,-67.0,0.0,-0.0
2,57,-55.0,-65.0,0.0,-0.0
2,58,-55.0,-63.0,0.0,-0.0
2,59,-55.0,-61.0,0.0,-0.0
2,60,-55.0,-59.0,0.0,-0.0
2,61,-55.0,-57.0,0.0,-0.0
2,62,-55.0,-55.0,0.0,-0.0
2,63,-55.0,-53.0,0.0,-0.0
2,64,-55.0,-51.0,0.0,-0.0
2,65,-55.0,-49.0,0.0,-0.0
2,66,-55.0,-47.0,0.0,-0.0
2,67,-55.0,-45.0,0.0,-0.0
2,68,-55.0,-43.0,0.0,-0.0
2,69,-55.0,-41.0,0.0,-0.0
2,70,-55.0,-39.0,0.0,-0.0
2,71,-55.0,-37.0,0.0,-0.0
2,72,-55.0,-35.0,0.0,-0.0
2,73,-55.0,-33.0,0.0,-0.0
2,74,-55.0,-31.0,0.0,-0.0
2,75,-55.0,-29.0,0.0,-0.0
2,76,-55.0,-27.0,0.0,-0.0
2,77,-55.0,-25.0,0.0,-0.0
2,78,-55.0,-23.0,0.0,-0.0
2,79,-55.0,-21.0,0.0,-0.0
2,80,-55.0,-19.0,0.0,-0.0
2,81,-55.0,-17.0,0.0,-0.0
2,82,-55.0,-15.0,0.0,-0.0
2,83,-55.0,-13.0,0.0,-0.0
2,84,-55.0,-11.0,0.0,-0.0
2,85,-55.0,-9.0,0.0,-0.0
2,86,-55.0,-7.0,0.0,-0.0
2,87,-55.0,-5.0,0.0,-0.0
2,88,-55.0,-3.0,0.0,-0.0
2,89,-55.0,-1.0,0.0,-0.0
2,90,-55.0,1.0,0.0,-0.0
2,91,-55.0,3.0,0.0,-0.0
2,92,-55.0,5.0,0.0,-0.0
2,93,-55.0,7.0,0.0,-0.0
2,94,-55.0,9.0,0.0,-0.0
2,95,-55.0,11.0,0.0,-0.0
2,96,-55.0,13.0,0.0,-0.0
2,97,-55.0,15.0,0.0,-0.0
2,98,-55.0,17.0,0.0,-0.0
2,99,-55.0,19.0,0.0,-0.0
2,100,-55.0,21.0,0.0,-0.0
2,101,-55.0,23.0,0.0,-0.0
2,102,-55.0,25.0,0.0,-0.0
2,103,-55.0,27.0,0.0,-0.0
2,104,-55.0,29.0,0.0,-0.0
2,105,-55.0,31.0,0.0,-0.0
2,106,-55.0,33.0,0.0,-0.0
2,107,-55.0,35.0,0.0,-0.0
2,108,-55.0,37.0,0.0,-0.0
2,109,-55.0,39.0,0.0,-0.0
2,110,-55.0,41.0,0.0,-0.0
2,111,-55.0,43.0,0.0,-0.0
2,112,-55.0,45.0,0.0,-0.0
2,113,-55.0,47.0,0.0,-0.0
2,114,-55.0,49.0,0.0,-0.0
2,115,-55.0,51.0,0.0,-0.0
2,116,-55.0,53.0,0.0,-0.0
2,117,-55.0,55.0,0.0,-0.0
2,118,-55.0,57.0,0.0,-0.0
2,119,-55.0,59.0,0.0,-0.0
2,120,-55.0,61.0,0.0,-0.0
2,121,-55.0,63.0,0.0,-0.0
2,122,-55.0,65.0,0.0,-0.0
2,123,-55.0,67.0,0.0,-0.0
2,124,-55.0,69.0,0.0,-0.0
2,125,-55.0,71.0,0.0,-0.0
2,126,-55.0,73.0,0.0,-0.0
2,127,-55.0,75.0,0.0,-0.0
2,128,-55.0,77.0,0.0,-0.0
2,129,-55.0,79.0,0.0,-0.0
2,130,-55.0,81.0,0.0,-0.0
2,131,-55.0,83.0,0.0,-0.0
2,132,-55.0,85.0,0.0,-0.0
2,133,-55.0,87.0,0.0,-0.0
2,134,-55.0,89.0,0.0,-0.0
2,135,-55.0,91.0,0.0,-0.0
2,136,-55.0,93.0,0.0,-0.0
2,137,-55.0,95.0,0.0,-0.0
2,138,-55.0,97.0,0.0,-0.0
2,139,-55.0,99.0,0.0,-0.0
2,140,-55.0,101.0,0.0,-0.0
2,141,-55.0,103.0,0.0,-0.0
2,142,-55.0,105.0,0.0,-0.0
2,143,-55.0,107.0,0.0,-0.0
2,144,-55.0,109.0,0.0,-0.0
2,145,-55.0,111.0,0.0,-0.0
2,146,-55.0,113.0,0.0,-0.0
2,147,-55.0,115.0,0.0,-0.0
2,148,-55.0,117.0,0.0,-0.0
2,149,-55.0,119.0,0.0,-0.0
2,150,-55.0,121.0,0.0,-0.0
2,151,-55.0,123.0,0.0,-0.0
2,152,-55.0,125.0,0.0,-0.0
2,153,-55.0,127.0,0.0,-0.0
2,154,-55.0,129.0,0.0,-0.0
2,155,-55.0,131.0,0.0,-0.0
2,156,-55.0,133.0,0.0,-0.0
2,157,-55.0,135.0,0.0,-0.0
2,158,-55.0,137.0,0.0,-0.0
2,159,-55.0,139.0,0.0,-0.0
2,160,-55.0,141.0,0.0,-0.0
2,161,-55.0,143.0,0.0,-0.0
2,162,-55.0,145.0,0.0,-0.0
2,163,-55.0,147.0,0.0,-0.0
2,164,-55.0,149.0,0.0,-0.0
2,165,-55.0,151.0,0.0,-0.0
2,166,-55.0,153.0,0.0,-0.0
2,167,-55.0,155.0,0.0,-0.0
2,168,-55.0,157.0,0.0,-0.0
2,169,-55.0,159.0,0.0,-0.0
2,170,-55.0,161.0,0.0,-0.0
2,171,-55.0,163.0,0.0,-0.0
2,172,-55.0,165.0,0.0,-0.0
2,173,-55.0,167.0,0.0,-0.0
2,174,-55.0,169.0,0.0,-0.0
2,175,-55.0,171.0,0.0,-0.0
2,176,-55.0,173.0,0.0,-0.0
2,177,-55.0,175.0,0.0,-0.0
2,178,-55.0,177.0,0.0,-0.0
2,179,-55.0,179.0,0.0,-0.0
3,0,-53.0,-179.0,0.0,-0.0
3,1,-53.0,-177.0,0.0,-0.0
3,2,-53.0,-175.0,0.0,-0.0
3,3,-53.0,-173.0,0.0,-0.0
3,4,-53.0,-171.0,0.0,-0.0
3,5,-53.0,-169.0,0.0,-0.0
3,6,-53.0,-167.0,0.0,-0.0
3,7,-53.0,-165.0,0.0,-0.0
3,8,-53.0,-163.0,0.0,-0.0
3,9,-53.0,-161.0,0.0,-0.0
3,10,-53.0,-159.0,0.0,-0.0
3,11,-53.0,-157.0,0.0,-0.0
3,12,-53.0,-155.0,0.0,-0.0
3,13,-53.0,-153.0,0.0,-0.0
3,14,-53.0,-151.0,0.0,-0.0
3,15,-53.0,-149.0,0.0,-0.0
3,16,-53.0,-147.0,0.0,-0.0
3,17,-53.0,-145.0,0.0,-0.0
3,18,-53.0,-143.0,0.0,-0.0
3,19,-53.0,-141.0,0.0,-0.0
3,20,-53.0,-139.0,0.0,-0.0
3,21,-53.0,-137.0,0.0,-0.0
3,22,-53.0,-135.0,0.0,-0.0
3,23,-53.0,-133.0,0.0,-0.0
3,24,-53.0,-131.0,0.0,-0.0
3,25,-53.0,-129.0,0.0,-0.0
3,26,-53.0,-127.0,0.0,-0.0
3,27,-53.0,-125.0,0.0,-0.0
3,28,-53.0,-123.0,0.0,-0.0
3,29,-53.0,-121.0,0.0,-0.0
3,30,-53.0,-119.0,0.0,-0.0
3,31,-53.0,-117.0,0.0,-0.0
3,32,-53.0,-115.0,0.0,-0.0
3,33,-53.0,-113.0,0.0,-0.0
3,34,-53.0,-111.0,0.0,-0.0
3,35,-53.0,-109.0,0.0,-0.0
3,36,-53.0,-107.0,0.0,-0.0
3,37,-53.0,-105.0,0.0,-0.0
3,38,-53.0,-103.0,0.0,-0.0
3,39,-53.0,-101.0,0.0,-0.0
3,40,-53.0,-99.0,0.0,-0.0
3,41,-53.0,-97.0,0.0,-0.0
3,42,-53.0,-95.0,0.0,-0.0
3,43,-53.0,-93.0,0.0,-0.0
3,44,-53.0,-91.0,0.0,-0.0
3,45,-53.0,-89.0,0.0,-0.0
3,46,-53.0,-87.0,0.0,-0.0
3,47,-53.0,-85.0,0.0,-0.0
3,48,-53.0,-83.0,0.0,-0.0
3,49,-53.0,-81.0,0.0,-0.0
3,50,-53.0,-79.0,0.0,-0.0
3,51,-53.0,-77.0,0.0,-0.0
3,52,-53.0,-75.0,0.0,-0.0
3,53,-53.0,-73.0,0.0,-0.0
3,54,-53.0,-71.0,0.0,-0.0
3,55,-53.0,-69.0,0.0,-0.0
3,56,-53.0,-67.0,0.0,-0.0
3,57,-53.0,-65.0,0.0,-0.0
3,58,-53.0,-63.0,0.0,-0.0
3,59,-53.0,-61.0,0.0,-0.0
3,60,-53.0,-59.0,0.0,-0.0
3,61,-53.0,-57.0,0.0,-0.0
3,62,-53.0,-55.0,0.0,-0.0
3,63,-53.0,-53.0,0.0,-0.0
3,64,-53.0,-51.0,0.0,-0.0
3,65,-53.0,-49.0,0.0,-0.0
3,66,-53.0,-47.0,0.0,-0.0
3,67,-53.0,-45.0,0.0,-0.0
3,68,-53.0,-43.0,0.0,-0.0
3,69,-53.0,-41.0,0.0,-0.0
3,70,-53.0,-39.0,0.0,-0.0
3,71,-53.0,-37.0,0.0,-0.0
3,72,-53.0,-35.0,0.0,-0.0
3,73,-53.0,-33.0,0.0,-0.0
3,74,-53.0,-31.0,0.0,-0.0
3,75,-53.0,-29.0,0.0,-0.0
3,76,-53.0,-27.0,0.0,-0.0
3,77,-53.0,-25.0,0.0,-0.0
3,78,-53.0,-23.0,0.0,-0.0
3,79,-53.0,-21.0,0.0,-0.0
3,80,-53.0,-19.0,0.0,-0.0
3,81,-53.0,-17.0,0.0,-0.0
3,82,-53.0,-15.0,0.0,-0.0
3,83,-53.0,-13.0,0.0,-0.0
3,84,-53.0,-11.0,0.0,-0.0
3,85,-53.0,-9.0,0.0,-0.0
3,86,-53.0,-7.0,0.0,-0.0
3,87,-53.0,-5.0,0.0,-0.0
3,88,-53.0,-3.0,0.0,-0.0
3,89,-53.0,-1.0,0.0,-0.0
3,90,-53.0,1.0,0.0,-0.0
3,91,-53.0,3.0,0.0,-0.0
3,92,-53.0,5.0,0.0,-0.0
3,93,-53.0,7.0,0.0,-0.0
3,94,-53.0,9.0,0.0,-0.0
3,95,-53.0,11.0,0.0,-0.0
3,96,-53.0,13.0,0.0,-0.0
3,97,-53.0,15.0,0.0,-0.0
3,98,-53.0,17.0,0.0,-0.0
3,99,-53.0,19.0,0.0,-0.0
3,100,-53.0,21.0,0.0,-0.0
3,101,-53.0,23.0,0.0,-0.0
3,102,-53.0,25.0,0.0,-0.0
3,103,-53.0,27.0,0.0,-0.0
3,104,-53.0,29.0,0.0,-0.0
3,105,-53.0,31.0,0.0,-0.0
3,106,-53.0,33.0,0.0,-0.0
3,107,-53.0,35.0,0.0,-0.0
3,108,-53.0,37.0,0.0,-0.0
3,109,-53.0,39.0,0.0,-0.0
3,110,-53.0,41.0,0.0,-0.0
3,111,-53.0,43.0,0.0,-0.0
3,112,-53.0,45.0,0.0,-0.0
3,113,-53.0,47.0,0.0,-0.0
3,114,-53.0,49.0,0.0,-0.0
3,115,-53.0,51.0,0.0,-0.0
3,116,-53.0,53.0,0.0,-0.0
3,117,-53.0,55.0,0.0,-0.0
3,118,-53.0,57.0,0.0,-0.0
3,119,-53.0,59.0,0.0,-0.0
3,120,-53.0,61.0,0.0,-0.0
3,121,-53.0,63.0,0.0,-0.0
3,122,-53.0,65.0,0.0,-0.0
3,123,-53.0,67.0,0.0,-0.0
3,124,-53.0,69.0,0.0,-0.0
3,125,-53.0,71.0,0.0,-0.0
3,126,-53.0,73.0,0.0,-0.0
3,127,-53.0,75.0,0.0,-0.0
3,128,-53.0,77.0,0.0,-0.0
3,129,-53.0,79.0,0.0,-0.0
3,130,-53.0,81.0,0.0,-0.0
3,131,-53.0,83.0,0.0,-0.0
3,132,-53.0,85.0,0.0,-0.0
3,133,-53.0,87.0,0.0,-0.0
3,134,-53.0,89.0,0.0,-0.0
3,135,-53.0,91.0,0.0,-0.0
3,136,-53.0,93.0,0.0,-0.0
3,137,-53.0,95.0,0.0,-0.0
3,138,-53.0,97.0,0.0,-0.0
3,139,-53.0,99.0,0.0,-0.0
3,140,-53.0,101.0,0.0,-0.0
3,141,-53.0,103.0,0.0,-0.0
3,142,-53.0,105.0,0.0,-0.0
3,143,-53.0,107.0,0.0,-0.0
3,144,-53.0,109.0,0.0,-0.0
3,145,-53.0,111.0,0.0,-0.0
3,146,-53.0,113.0,0.0,-0.0
3,147,-53.0,115.0,0.0,-0.0
3,148,-53.0,117.0,0.0,-0.0
3,149,-53.0,119.0,0.0,-0.0
3,150,-53.0,121.0,0.0,-0.0
3,151,-53.0,123.0,0.0,-0.0
3,152,-53.0,125.0,0.0,-0.0
3,153,-53.0,127.0,0.0,-0.0
3,154,-53.0,129.0,0.0,-0.0
3,155,-53.0,131.0,0.0,-0.0
3,156,-53.0,133.0,0.0,-0.0
3,157,-53.0,135.0,0.0,-0.0
3,158,-53.0,137.0,0.0,-0.0
3,159,-53.0,139.0,0.0,-0.0
3,160,-53.0,141.0,0.0,-0.0
3,161,-53.0,143.0,0.0,-0.0
3,162,-53.0,145.0,0.0,-0.0
3,163,-53.0,147.0,0.0,-0.0
3,164,-53.0,149.0,0.0,-0.0
3,165,-53.0,151.0,0.0,-0.0
3,166,-53.0,153.0,0.0,-0.0
3,167,-53.0,155.0,0.0,-0.0
3,168,-53.0,157.0,0.0,-0.0
3,169,-53.0,159.0,0.0,-0.0
3,170,-53.0,161.0,0.0,-0.0
3,171,-53.0,163.0,0.0,-0.0
3,172,-53.0,165.0,0.0,-0.0
3,173,-53.0,167.0,0.0,-0.0
3,174,-53.0,169.0,0.0,-0.0
3,175,-53.0,171.0,0.0,-0.0
3,176,-53.0,173.0,0.0,-0.0
3,177,-53.0,175.0,0.0,-0.0
3,178,-53.0,177.0,0.0,-0.0
3,179,-53.0,179.0,0.0,-0.0
4,0,-51.0,-179.0,0.0,-0.0
4,1,-51.0,-177.0,0.0,-0.0
4,2,-51.0,-175.0,0.0,-0.0
4,3,-51.0,-173.0,0.0,-0.0
4,4,-51.0,-171.0,0.0,-0.0
4,5,-51.0,-169.0,0.0,-0.0
4,6,-51.0,-167.0,0.0,-0.0
4,7,-51.0,-165.0,0.0,-0.0
4,8,-51.0,-163.0,0.0,-0.0
4,9,-51.0,-161.0,0.0,-0.0
4,10,-51.0,-159.0,0.0,-0.0
4,11,-51.0,-157.0,0.0,-0.0
4,12,-51.0,-155.0,0.0,-0.0
4,13,-51.0,-153.0,0.0,-0.0
4,14,-51.0,-151.0,0.0,-0.0
4,15,-51.0,-149.0,0.0,-0.0
4,16,-51.0,-147.0,0.0,-0.0
4,17,-51.0,-145.0,0.0,-0.0
4,18,-51.0,-143.0,0.0,-0.0
4,19,-51.0,-141.0,0.0,-0.0
4,20,-51.0,-139.0,0.0,-0.0
4,21,-51.0,-137.0,0.0,-0.0
4,22,-51.0,-135.0,0.0,-0.0
4,23,-51.0,-133.0,0.0,-0.0
4,24,-51.0,-131.0,0.0,-0.0
4,25,-51.0,-129.0,0.0,-0.0
4,26,-51.0,-127.0,0.0,-0.0
4,27,-51.0,-125.0,0.0,-0.0
4,28,-51.0,-123.0,0.0,-0.0
4,29,-51.0,-121.0,0.0,-0.0
4,30,-51.0,-119.0,0.0,-0.0
4,31,-51.0,-117.0,0.0,-0.0
4,32,-51.0,-115.0,0.0,-0.0
4,33,-51.0,-113.0,0.0,-0.0
4,34,-51.0,-111.0,0.0,-0.0
4,35,-51.0,-109.0,0.0,-0.0
4,36,-51.0,-107.0,0.0,-0.0
4,37,-51.0,-105.0,0.0,-0.0
4,38,-51.0,-103.0,0.0,-0.0
4,39,-51.0,-101.0,0.0,-0.0
4,40,-51.0,-99.0,0.0,-0.0
4,41,-51.0,-97.0,0.0,-0.0
4,42,-51.0,-95.0,0.0,-0.0
4,43,-51.0,-93.0,0.0,-0.0
4,44,-51.0,-91.0,0.0,-0.0
4,45,-51.0,-89.0,0.0,-0.0
4,46,-51.0,-87.0,0.0,-0.0
4,47,-51.0,-85.0,0.0,-0.0
4,48,-51.0,-83.0,0.0,-0.0
4,49,-51.0,-81.0,0.0,-0.0
4,50,-51.0,-79.0,0.0,-0.0
4,51,-51.0,-77.0,0.0,-0.0
4,52,-51.0,-75.0,0.0,-0.0
4,53,-51.0,-73.0,0.0,-0.0
4,54,-51.0,-71.0,0.0,-0.0
4,55,-51.0,-69.0,0.0,-0.0
4,56,-51.0,-67.0,0.0,-0.0
4,57,-51.0,-65.0,0.0,-0.0
4,58,-51.0,-63.0,0.0,-0.0
4,59,-51.0,-61.0,0.0,-0.0
4,60,-51.0,-59.0,0.0,-0.0
4,61,-51.0,-57.0,0.0,-0.0
4,62,-51.0,-55.0,0.0,-0.0
4,63,-51.0,-53.0,0.0,-0.0
4,64,-51.0,-51.0,0.0,-0.0
4,65,-51.0,-49.0,0.0,-0.0
4,66,-51.0,-47.0,0.0,-0.0
4,67,-51.0,-45.0,0.0,-0.0
4,68,-51.0,-43.0,0.0,-0.0
4,69,-51.0,-41.0,0.0,-0.0
4,70,-51.0,-39.0,0.0,-0.0
4,71,-51.0,-37.0,0.0,-0.0
4,72,-51.0,-35.0,0.0,-0.0
4,73,-51.0,-33.0,0.0,-0.0
4,74,-51.0,-31.0,0.0,-0.0
4,75,-51.0,-29.0,0.0,-0.0
4,76,-51.0,-27.0,0.0,-0.0
4,77,-51.0,-25.0,0.0,-0.0
4,78,-51.0,-23.0,0.0,-0.0
4,79,-51.0,-21.0,0.0,-0.0
4,80,-51.0,-19.0,0.0,-0.0
4,81,-51.0,-17.0,0.0,-0.0
4,82,-51.0,-15.0,0.0,-0.0
4,83,-51.0,-13.0,0.0,-0.0
4,84,-51.0,-11.0,0.0,-0.0
4,85,-51.0,-9.0,0.0,-0.0
4,86,-51.0,-7.0,0.0,-0.0
4,87,-51.0,-5.0,0.0,-0.0
4,88,-51.0,-3.0,0.0,-0.0
4,89,-51.0,-1.0,0.0,-0.0
4,90,-51.0,1.0,0.0,-0.0
4,91,-51.0,3.0,0.0,-0.0
4,92,-51.0,5.0,0.0,-0.0
4,93,-51.0,7.0,0.0,-0.0
4,94,-51.0,9.0,0.0,-0.0
4,95,-51.0,11.0,0.0,-0.0
4,96,-51.0,13.0,0.0,-0.0
4,97,-51.0,15.0,0.0,-0.0
4,98,-51.0,17.0,0.0,-0.0
4,99,-51.0,19.0,0.0,-0.0
4,100,-51.0,21.0,0.0,-0.0
4,101,-51.0,23.0,0.0,-0.0
4,102,-51.0,25.0,0.0,-0.0
4,103,-51.0,27.0,0.0,-0.0
4,104,-51.0,29.0,0.0,-0.0
4,105,-51.0,31.0,0.0,-0.0
4,106,-51.0,33.0,0.0,-0.0
4,107,-51.0,35.0,0.0,-0.0
4,108,-51.0,37.0,0.0,-0.0
4,109,-51.0,39.0,0.0,-0.0
4,110,-51.0,41.0,0.0,-0.0
4,111,-51.0,43.0,0.0,-0.0
4,112,-51.0,45.0,0.0,-0.0
4,113,-51.0,47.0,0.0,-0.0
4,114,-51.0,49.0,0.0,-0.0
4,115,-51.0,51.0,0.0,-0.0
4,116,-51.0,53.0,0.0,-0.0
4,117,-51.0,55.0,0.0,-0.0
4,118,-51.0,57.0,0.0,-0.0
4,119,-51.0,59.0,0.0,-0.0
4,120,-51.0,61.0,0.0,-0.0
4,121,-51.0,63.0,0.0,-0.0
4,122,-51.0,65.0,0.0,-0.0
4,123,-51.0,67.0,0.0,-0.0
4,124,-51.0,69.0,0.0,-0.0
4,125,-51.0,71.0,0.0,-0.0
4,126,-51.0,73.0,0.0,-0.0
4,127,-51.0,75.0,0.0,-0.0
4,128,-51.0,77.0,0.0,-0.0
4,129,-51.0,79.0,0.0,-0.0
4,130,-51.0,81.0,0.0,-0.0
4,131,-51.0,83.0,0.0,-0.0
4,132,-51.0,85.0,0.0,-0.0
4,133,-51.0,87.0,0.0,-0.0
4,134,-51.0,89.0,0.0,-0.0
4,135,-51.0,91.0,0.0,-0.0
4,136,-51.0,93.0,0.0,-0.0
4,137,-51.0,95.0,0.0,-0.0
4,138,-51.0,97.0,0.0,-0.0
4,139,-51.0,99.0,0.0,-0.0
4,140,-51.0,101.0,0.0,-0.0
4,141,-51.0,103.0,0.0,-0.0
4,142,-51.0,105.0,0.0,-0.0
4,143,-51.0,107.0,0.0,-0.0
4,144,-51.0,109.0,0.0,-0.0
4,145,-51.0,111.0,0.0,-0.0
4,146,-51.0,113.0,0.0,-0.0
4,147,-51.0,115.0,0.0,-0.0
4,148,-51.0,117.0,0.0,-0.0
4,149,-51.0,119.0,0.0,-0.0
4,150,-51.0,121.0,0.0,-0.0
4,151,-51.0,123.0,0.0,-0.0
4,152,-51.0,125.0,0.0,-0.0
4,153,-51.0,127.0,0.0,-0.0
4,154,-51.0,129.0,0.0,-0.0
4,155,-51.0,131.0,0.0,-0.0
4,156,-51.0,133.0,0.0,-0.0
4,157,-51.0,135.0,0.0,-0.0
4,158,-51.0,137.0,0.0,-0.0
4,159,-51.0,139.0,0.0,-0.0
4,160,-51.0,141.0,0.0,-0.0
4,161,-51.0,143.0,0.0,-0.0
4,162,-51.0,145.0,0.0,-0.0
4,163,-51.0,147.0,0.0,-0.0
4,164,-51.0,149.0,0.0,-0.0
4,165,-51.0,151.0,0.0,-0.0
4,166,-51.0,153.0,0.0,-0.0
4,167,-51.0,155.0,0.0,-0.0
4,168,-51.0,157.0,0.0,-0.0
4,169,-51.0,159.0,0.0,-0.0
4,170,-51.0,161.0,0.0,-0.0
4,171,-51.0,163.0,0.0,-0.0
4,172,-51.0,165.0,0.0,-0.0
4,173,-51.0,167.0,0.0,-0.0
4,174,-51.0,169.0,0.0,-0.0
4,175,-51.0,171.0,0.0,-0.0
4,176,-51.0,173.0,0.0,-0.0
4,177,-51.0,175.0,0.0,-0.0
4,178,-51.0,177.0,0.0,-0.0
4,179,-51.0,179.0,0.0,-0.0
5,0,-49.0,-179.0,0.0,-0.0
5,1,-49.0,-177.0,0.0,-0.0
5,2,-49.0,-175.0,0.0,-0.0
5,3,-49.0,-173.0,0.0,-0.0
5,4,-49.0,-171.0,0.0,-0.0
5,5,-49.0,-169.0,0.0,-0.0
5,6,-49.0,-167.0,0.0,-0.0
5,7,-49.0,-165.0,0.0,-0.0
5,8,-49.0,-163.0,0.0,-0.0
5,9,-49.0,-161.0,0.0,-0.0
5,10,-49.0,-159.0,0.0,-0.0
5,11,-49.0,-157.0,0.0,-0.0
5,12,-49.0,-155.0,0.0,-0.0
5,13,-49.0,-153.0,0.0,-0.0
5,14,-49.0,-151.0,0.0,-0.0
5,15,-49.0,-149.0,0.0,-0.0
5,16,-49.0,-147.0,0.0,-0.0
5,17,-49.0,-145.0,0.0,-0.0
5,18,-49.0,-143.0,0.0,-0.0
5,19,-49.0,-141.0,0.0,-0.0
5,20,-49.0,-139.0,0.0,-0.0
5,21,-49.0,-137.0,0.0,-0.0
5,22,-49.0,-135.0,0.0,-0.0
5,23,-49.0,-133.0,0.0,-0.0
5,24,-49.0,-131.0,0.0,-0.0
5,25,-49.0,-129.0,0.0,-0.0
5,26,-49.0,-127.0,0.0,-0.0
5,27,-49.0,-125.0,0.0,-0.0
5,28,-49.0,-123.0,0.0,-0.0
5,29,-49.0,-121.0,0.0,-0.0
5,30,-49.0,-119.0,0.0,-0.0
5,31,-49.0,-117.0,0.0,-0.0
5,32,-49.0,-115.0,0.0,-0.0
5,33,-49.0,-113.0,0.0,-0.0
5,34,-49.0,-111.0,0.0,-0.0
5,35,-49.0,-109.0,0.0,-0.0
5,36,-49.0,-107.0,0.0,-0.0
5,37,-49.0,-105.0,0.0,-0.0
5,38,-49.0,-103.0,0.0,-0.0
5,39,-49.0,-101.0,0.0,-0.0
5,40,-49.0,-99.0,0.0,-0.0
5,41,-49.0,-97.0,0.0,-0.0
5,42,-49.0,-95.0,0.0,-0.0
5,43,-49.0,-93.0,0.0,-0.0
5,44,-49.0,-91.0,0.0,-0.0
5,45,-49.0,-89.0,0.0,-0.0
5,46,-49.0,-87.0,0.0,-0.0
5,47,-49.0,-85.0,0.0,-0.0
5,48,-49.0,-83.0,0.0,-0.0
5,49,-49.0,-81.0,0.0,-0.0
5,50,-49.0,-79.0,0.0,-0.0
5,51,-49.0,-77.0,0.0,-0.0
5,52,-49.0,-75.0,0.0,-0.0
5,53,-49.0,-73.0,0.0,-0.0
5,54,-49.0,-71.0,0.0,-0.0
5,55,-49.0,-69.0,0.0,-0.0
5,56,-49.0,-67.0,0.0,-0.0
5,57,-49.0,-65.0,0.0,-0.0
5,58,-49.0,-63.0,0.0,-0.0
5,59,-49.0,-61.0,0.0,-0.0
5,60,-49.0,-59.0,0.0,-0.0
5,61,-49.0,-57.0,0.0,-0.0
5,62,-49.0,-55.0,0.0,-0.0
5,63,-49.0,-53.0,0.0,-0.0
5,64,-49.0,-51.0,0.0,-0.0
5,65,-49.0,-49.0,0.0,-0.0
5,66,-49.0,-47.0,0.0,-0.0
5,67,-49.0,-45.0,0.0,-0.0
5,68,-49.0,-43.0,0.0,-0.0
5,69,-49.0,-41.0,0.0,-0.0
5,70,-49.0,-39.0,0.0,-0.0
5,71,-49.0,-37.0,0.0,-0.0
5,72,-49.0,-35.0,0.0,-0.0
5,73,-49.0,-33.0,0.0,-0.0
5,74,-49.0,-31.0,0.0,-0.0
5,75,-49.0,-29.0,0.0,-0.0
5,76,-49.0,-27.0,0.0,-0.0
5,77,-49.0,-25.0,0.0,-0.0
5,78,-49.0,-23.0,0.0,-0.0
5,79,-49.0,-21.0,0.0,-0.0
5,80,-49.0,-19.0,0.0,-0.0
5,81,-49.0,-17.0,0.0,-0.0
5,82,-49.0,-15.0,0.0,-0.0
5,83,-49.0,-13.0,0.0,-0.0
5,84,-49.0,-11.0,0.0,-0.0
5,85,-49.0,-9.0,0.0,-0.0
5,86,-49.0,-7.0,0.0,-0.0
5,87,-49.0,-5.0,0.0,-0.0
5,88,-49.0,-3.0,0.0,-0.0
5,89,-49.0,-1.0,0.0,-0.0
5,90,-49.0,1.0,0.0,-0.0
5,91,-49.0,3.0,0.0,-0.0
5,92,-49.0,5.0,0.0,-0.0
5,93,-49.0,7.0,0.0,-0.0
5,94,-49.0,9.0,0.0,-0.0
5,95,-49.0,11.0,0.0,-0.0
5,96,-49.0,13.0,0.0,-0.0
5,97,-49.0,15.0,0.0,-0.0
5,98,-49.0,17.0,0.0,-0.0
5,99,-49.0,19.0,0.0,-0.0
5,100,-49.0,21.0,0.0,-0.0
5,101,-49.0,23.0,0.0,-0.0
5,102,-49.0,25.0,0.0,-0.0
5,103,-49.0,27.0,0.0,-0.0
5,104,-49.0,29.0,0.0,-0.0
5,105,-49.0,31.0,0.0,-0.0
5,106,-49.0,33.0,0.0,-0.0
5,107,-49.0,35.0,0.0,-0.0
5,108,-49.0,37.0,0.0,-0.0
5,109,-49.0,39.0,0.0,-0.0
5,110,-49.0,41.0,0.0,-0.0
5,111,-49.0,43.0,0.0,-0.0
5,112,-49.0,45.0,0.0,-0.0
5,113,-49.0,47.0,0.0,-0.0
5,114,-49.0,49.0,0.0,-0.0
5,115,-49.0,51.0,0.0,-0.0
5,116,-49.0,53.0,0.0,-0.0
5,117,-49.0,55.0,0.0,-0.0
5,118,-49.0,57.0,0.0,-0.0
5,119,-49.0,59.0,0.0,-0.0
5,120,-49.0,61.0,0.0,-0.0
5,121,-49.0,63.0,0.0,-0.0
5,122,-49.0,65.0,0.0,-0.0
5,123,-49.0,67.0,0.0,-0.0
5,124,-49.0,69.0,0.0,-0.0
5,125,-49.0,71.0,0.0,-0.0
5,126,-49.0,73.0,0.0,-0.0
5,127,-49.0,75.0,0.0,-0.0
5,128,-49.0,77.0,0.0,-0.0
5,129,-49.0,79.0,0.0,-0.0
5,130,-49.0,81.0,0.0,-0.0
5,131,-49.0,83.0,0.0,-0.0
5,132,-49.0,85.0,0.0,-0.0
5,133,-49.0,87.0,0.0,-0.0
5,134,-49.0,89.0,0.0,-0.0
5,135,-49.0,91.0,0.0,-0.0
5,136,-49.0,93.0,0.0,-0.0
5,137,-49.0,95.0,0.0,-0.0
5,138,-49.0,97.0,0.0,-0.0
5,139,-49.0,99.0,0.0,-0.0
5,140,-49.0,101.0,0.0,-0.0
5,141,-49.0,103.0,0.0,-0.0
5,142,-49.0,105.0,0.0,-0.0
5,143,-49.0,107.0,0.0,-0.0
5,144,-49.0,109.0,0.0,-0.0
5,145,-49.0,111.0,0.0,-0.0
5,146,-49.0,113.0,0.0,-0.0
5,147,-49.0,115.0,0.0,-0.0
5,148,-49.0,117.0,0.0,-0.0
5,149,-49.0,119.0,0.0,-0.0
5,150,-49.0,121.0,0.0,-0.0
5,151,-49.0,123.0,0.0,-0.0
5,152,-49.0,125.0,0.0,-0.0
5,153,-49.0,127.0,0.0,-0.0
5,154,-49.0,129.0,0.0,-0.0
5,155,-49.0,131.0,0.0,-0.0
5,156,-49.0,133.0,0.0,-0.0
5,157,-49.0,135.0,0.0,-0.0
5,158,-49.0,137.0,0.0,-0.0
5,159,-49.0,139.0,0.0,-0.0
5,160,-49.0,141.0,0.0,-0.0
5,161,-49.0,143.0,0.0,-0.0
5,162,-49.0,145.0,0.0,-0.0
5,163,-49.0,147.0,0.0,-0.0
5,164,-49.0,149.0,0.0,-0.0
5,165,-49.0,151.0,0.0,-0.0
5,166,-49.0,153.0,0.0,-0.0
5,167,-49.0,155.0,0.0,-0.0
5,168,-49.0,157.0,0.0,-0.0
5,169,-49.0,159.0,0.0,-0.0
5,170,-49.0,161.0,0.0,-0.0
5,171,-49.0,163.0,0.0,-0.0
5,172,-49.0,165.0,0.0,-0.0
5,173,-49.0,167.0,0.0,-0.0
5,174,-49.0,169.0,0.0,-0.0
5,175,-49.0,171.0,0.0,-0.0
5,176,-49.0,173.0,0.0,-0.0
5,177,-49.0,175.0,0.0,-0.0
5,178,-49.0,177.0,0.0,-0.0
5,179,-49.0,179.0,0.0,-0.0
6,0,-47.0,-179.0,0.0,-0.0
6,1,-47.0,-177.0,0.0,-0.0
6,2,-47.0,-175.0,0.0,-0.0
6,3,-47.0,-173.0,0.0,-0.0
6,4,-47.0,-171.0,0.0,-0.0
6,5,-47.0,-169.0,0.0,-0.0
6,6,-47.0,-167.0,0.0,-0.0
6,7,-47.0,-165.0,0.0,-0.0
6,8,-47.0,-163.0,0.0,-0.0
6,9,-47.0,-161.0,0.0,-0.0
6,10,-47.0,-159.0,0.0,-0.0
6,11,-47.0,-157.0,0.0,-0.0
6,12,-47.0,-155.0,0.0,-0.0
6,13,-47.0,-153.0,0.0,-0.0
6,14,-47.0,-151.0,0.0,-0.0
6,15,-47.0,-149.0,0.0,-0.0
6,16,-47.0,-147.0,0.0,-0.0
6,17,-47.0,-145.0,0.0,-0.0
6,18,-47.0,-143.0,0.0,-0.0
6,19,-47.0,-141.0,0.0,-0.0
6,20,-47.0,-139.0,0.0,-0.0
6,21,-47.0,-137.0,0.0,-0.0
6,22,-47.0,-135.0,0.0,-0.0
6,23,-47.0,-133.0,0.0,-0.0
6,24,-47.0,-131.0,0.0,-0.0
6,25,-47.0,-129.0,0.0,-0.0
6,26,-47.0,-127.0,0.0,-0.0
6,27,-47.0,-125.0,0.0,-0.0
6,28,-47.0,-123.0,0.0,-0.0
6,29,-47.0,-121.0,0.0,-0.0
6,30,-47.0,-119.0,0.0,-0.0
6,31,-47.0,-117.0,0.0,-0.0
6,32,-47.0,-115.0,0.0,-0.0
6,33,-47.0,-113.0,0.0,-0.0
6,34,-47.0,-111.0,0.0,-0.0
6,35,-47.0,-109.0,0.0,-0.0
6,36,-47.0,-107.0,0.0,-0.0
6,37,-47.0,-105.0,0.0,-0.0
6,38,-47.0,-103.0,0.0,-0.0
6,39,-47.0,-101.0,0.0,-0.0
6,40,-47.0,-99.0,0.0,-0.0
6,41,-47.0,-97.0,0.0,-0.0
6,42,-47.0,-95.0,0.0,-0.0
6,43,-47.0,-93.0,0.0,-0.0
6,44,-47.0,-91.0,0.0,-0.0
6,45,-47.0,-89.0,0.0,-0.0
6,46,-47.0,-87.0,0.0,-0.0
6,47,-47.0,-85.0,0.0,-0.0
6,48,-47.0,-83.0,0.0,-0.0
6,49,-47.0,-81.0,0.0,-0.0
6,50,-47.0,-79.0,0.0,-0.0
6,51,-47.0,-77.0,0.0,-0.0
6,52,-47.0,-75.0,0.0,-0.0
6,53,-47.0,-73.0,0.0,-0.0
6,54,-47.0,-71.0,0.0,-0.0
6,55,-47.0,-69.0,0.0,-0.0
6,56,-47.0,-67.0,0.0,-0.0
6,57,-47.0,-65.0,0.0,-0.0
6,58,-47.0,-63.0,0.0,-0.0
6,59,-47.0,-61.0,0.0,-0.0
6,60,-47.0,-59.0,0.0,-0.0
6,61,-47.0,-57.0,0.0,-0.0
6,62,-47.0,-55.0,0.0,-0.0
6,63,-47.0,-53.0,0.0,-0.0
6,64,-47.0,-51.0,0.0,-0.0
6,65,-47.0,-49.0,0.0,-0.0
6,66,-47.0,-47.0,0.0,-0.0
6,67,-47.0,-45.0,0.0,-0.0
6,68,-47.0,-43.0,0.0,-0.0
6,69,-47.0,-41.0,0.0,-0.0
6,70,-47.0,-39.0,0.0,-0.0
6,71,-47.0,-37.0,0.0,-0.0
6,72,-47.0,-35.0,0.0,-0.0
6,73,-47.0,-33.0,0.0,-0.0
6,74,-47.0,-31.0,0.0,-0.0
6,75,-47.0,-29.0,0.0,-0.0
6,76,-47.0,-27.0,0.0,-0.0
6,77,-47.0,-25.0,0.0,-0.0
6,78,-47.0,-23.0,0.0,-0.0
6,79,-47.0,-21.0,0.0,-0.0
6,80,-47.0,-19.0,0.0,-0.0
6,81,-47.0,-17.0,0.0,-0.0
6,82,-47.0,-15.0,0.0,-0.0
6,83,-47.0,-13.0,0.0,-0.0
6,84,-47.0,-11.0,0.0,-0.0
6,85,-47.0,-9.0,0.0,-0.0
6,86,-47.0,-7.0,0.0,-0.0
6,87,-47.0,-5.0,0.0,-0.0
6,88,-47.0,-3.0,0.0,-0.0
6,89,-47.0,-1.0,0.0,-0.0
6,90,-47.0,1.0,0.0,-0.0
6,91,-47.0,3.0,0.0,-0.0
6,92,-47.0,5.0,0.0,-0.0
6,93,-47.0,7.0,0.0,-0.0
6,94,-47.0,9.0,0.0,-0.0
6,95,-47.0,11.0,0.0,-0.0
6,96,-47.0,13.0,0.0,-0.0
6,97,-47.0,15.0,0.0,-0.0
6,98,-47.0,17.0,0.0,-0.0
6,99,-47.0,19.0,0.0,-0.0
6,100,-47.0,21.0,0.0,-0.0
6,101,-47.0,23.0,0.0,-0.0
6,102,-47.0,25.0,0.0,-0.0
6,103,-47.0,27.0,0.0,-0.0
6,104,-47.0,29.0,0.0,-0.0
6,105,-47.0,31.0,0.0,-0.0
6,106,-47.0,33.0,0.0,-0.0
6,107,-47.0,35.0,0.0,-0.0
6,108,-47.0,37.0,0.0,-0.0
6,109,-47.0,39.0,0.0,-0.0
6,110,-47.0,41.0,0.0,-0.0
6,111,-47.0,43.0,0.0,-0.0
6,112,-47.0,45.0,0.0,-0.0
6,113,-47.0,47.0,0.0,-0.0
6,114,-47.0,49.0,0.0,-0.0
6,115,-47.0,51.0,0.0,-0.0
6,116,-47.0,53.0,0.0,-0.0
6,117,-47.0,55.0,0.0,-0.0
6,118,-47.0,57.0,0.0,-0.0
6,119,-47.0,59.0,0.0,-0.0
6,120,-47.0,61.0,0.0,-0.0
6,121,-47.0,63.0,0.0,-0.0
6,122,-47.0,65.0,0.0,-0.0
6,123,-47.0,67.0,0.0,-0.0
6,124,-47.0,69.0,0.0,-0.0
6,125,-47.0,71.0,0.0,-0.0
6,126,-47.0,73.0,0.0,-0.0
6,127,-47.0,75.0,0.0,-0.0
6,128,-47.0,77.0,0.0,-0.0
6,129,-47.0,79.0,0.0,-0.0
6,130,-47.0,81.0,0.0,-0.0
6,131,-47.0,83.0,0.0,-0.0
6,132,-47.0,85.0,0.0,-0.0
6,133,-47.0,87.0,0.0,-0.0
6,134,-47.0,89.0,0.0,-0.0
6,135,-47.0,91.0,0.0,-0.0
6,136,-47.0,93.0,0.0,-0.0
6,137,-47.0,95.0,0.0,-0.0
6,138,-47.0,97.0,0.0,-0.0
6,139,-47.0,99.0,0.0,-0.0
6,140,-47.0,101.0,0.0,-0.0
6,141,-47.0,103.0,0.0,-0.0
6,142,-47.0,105.0,0.0,-0.0
6,143,-47.0,107.0,0.0,-0.0
6,144,-47.0,109.0,0.0,-0.0
6,145,-47.0,111.0,0.0,-0.0
6,146,-47.0,113.0,0.0,-0.0
6,147,-47.0,115.0,0.0,-0.0
6,148,-47.0,117.0,0.0,-0.0
6,149,-47.0,119.0,0.0,-0.0
6,150,-47.0,121.0,0.0,-0.0
6,151,-47.0,123.0,0.0,-0.0
6,152,-47.0,125.0,0.0,-0.0
6,153,-47.0,127.0,0.0,-0.0
6,154,-47.0,129.0,0.0,-0.0
6,155,-47.0,131.0,0.0,-0.0
6,156,-47.0,133.0,0.0,-0.0
6,157,-47.0,135.0,0.0,-0.0
6,158,-47.0,137.0,0.0,-0.0
6,159,-47.0,139.0,0.0,-0.0
6,160,-47.0,141.0,0.0,-0.0
6,161,-47.0,143.0,0.0,-0.0
6,162,-47.0,145.0,0.0,-0.0
6,163,-47.0,147.0,0.0,-0.0
6,164,-47.0,149.0,0.0,-0.0
6,165,-47.0,151.0,0.0,-0.0
6,166,-47.0,153.0,0.0,-0.0
6,167,-47.0,155.0,0.0,-0.0
6,168,-47.0,157.0,0.0,-0.0
6,169,-47.0,159.0,0.0,-0.0
6,170,-47.0,161.0,0.0,-0.0
6,171,-47.0,163.0,0.0,-0.0
6,172,-47.0,165.0,0.0,-0.0
6,173,-47.0,167.0,0.0,-0.0
6,174,-47.0,169.0,0.0,-0.0
6,175,-47.0,171.0,0.0,-0.0
6,176,-47.0,173.0,0.0,-0.0
6,177,-47.0,175.0,0.0,-0.0
6,178,-47.0,177.0,0.0,-0.0
6,179,-47.0,179.0,0.0,-0.0
7,0,-45.0,-179.0,0.0,-0.0
7,1,-45.0,-177.0,0.0,-0.0
7,2,-45.0,-175.0,0.0,-0.0
7,3,-45.0,-173.0,0.0,-0.0
7,4,-45.0,-171.0,0.0,-0.0
7,5,-45.0,-169.0,0.0,-0.0
7,6,-45.0,-167.0,0.0,-0.0
7,7,-45.0,-165.0,0.0,-0.0
7,8,-45.0,-163.0,0.0,-0.0
7,9,-45.0,-161.0,0.0,-0.0
7,10,-45.0,-159.0,0.0,-0.0
7,11,-45.0,-157.0,0.0,-0.0
7,12,-45.0,-155.0,0.0,-0.0
7,13,-45.0,-153.0,0.0,-0.0
7,14,-45.0,-151.0,0.0,-0.0
7,15,-45.0,-149.0,0.0,-0.0
7,16,-45.0,-147.0,0.0,-0.0
7,17,-45.0,-145.0,0.0,-0.0
7,18,-45.0,-143.0,0.0,-0.0
7,19,-45.0,-141.0,0.0,-0.0
7,20,-45.0,-139.0,0.0,-0.0
7,21,-45.0,-137.0,0.0,-0.0
7,22,-45.0,-135.0,0.0,-0.0
7,23,-45.0,-133.0,0.0,-0.0
7,24,-45.0,-131.0,0.0,-0.0
7,25,-45.0,-129.0,0.0,-0.0
7,26,-45.0,-127.0,0.0,-0.0
7,27,-45.0,-125.0,0.0,-0.0
7,28,-45.0,-123.0,0.0,-0.0
7,29,-45.0,-121.0,0.0,-0.0
7,30,-45.0,-119.0,0.0,-0.0
7,31,-45.0,-117.0,0.0,-0.0
7,32,-45.0,-115.0,0.0,-0.0
7,33,-45.0,-113.0,0.0,-0.0
7,34,-45.0,-111.0,0.0,-0.0
7,35,-45.0,-109.0,0.0,-0.0
7,36,-45.0,-107.0,0.0,-0.0
7,37,-45.0,-105.0,0.0,-0.0
7,38,-45.0,-103.0,0.0,-0.0
7,39,-45.0,-101.0,0.0,-0.0
7,40,-45.0,-99.0,0.0,-0.0
7,41,-45.0,-97.0,0.0,-0.0
7,42,-45.0,-95.0,0.0,-0.0
7,43,-45.0,-93.0,0.0,-0.0
7,44,-45.0,-91.0,0.0,-0.0
7,45,-45.0,-89.0,0.0,-0.0
7,46,-45.0,-87.0,0.0,-0.0
7,47,-45.0,-85.0,0.0,-0.0
7,48,-45.0,-83.0,0.0,-0.0
7,49,-45.0,-81.0,0.0,-0.0
7,50,-45.0,-79.0,0.0,-0.0
7,51,-45.0,-77.0,0.0,-0.0
7,52,-45.0,-75.0,0.0,-0.0
7,53,-45.0,-73.0,0.0,-0.0
7,54,-45.0,-71.0,0.0,-0.0
7,55,-45.0,-69.0,0.0,-0.0
7,56,-45.0,-67.0,0.0,-0.0
7,57,-45.0,-65.0,0.0,-0.0
7,58,-45.0,-63.0,0.0,-0.0
7,59,-45.0,-61.0,0.0,-0.0
7,60,-45.0,-59.0,0.0,-0.0
7,61,-45.0,-57.0,0.0,-0.0
7,62,-45.0,-55.0,0.0,-0.0
7,63,-45.0,-53.0,0.0,-0.0
7,64,-45.0,-51.0,0.0,-0.0
7,65,-45.0,-49.0,0.0,-0.0
7,66,-45.0,-47.0,0.0,-0.0
7,67,-45.0,-45.0,0.0,-0.0
7,68,-45.0,-43.0,0.0,-0.0
7,69,-45.0,-41.0,0.0,-0.0
7,70,-45.0,-39.0,0.0,-0.0
7,71,-45.0,-37.0,0.0,-0.0
7,72,-45.0,-35.0,0.0,-0.0
7,73,-45.0,-33.0,0.0,-0.0
7,74,-45.0,-31.0,0.0,-0.0
7,75,-45.0,-29.0,0.0,-0.0
7,76,-45.0,-27.0,0.0,-0.0
7,77,-45.0,-25.0,0.0,-0.0
7,78,-45.0,-23.0,0.0,-0.0
7,79,-45.0,-21.0,0.0,-0.0
7,80,-45.0,-19.0,0.0,-0.0
7,81,-45.0,-17.0,0.0,-0.0
7,82,-45.0,-15.0,0.0,-0.0
7,83,-45.0,-13.0,0.0,-0.0
7,84,-45.0,-11.0,0.0,-0.0
7,85,-45.0,-9.0,0.0,-0.0
7,86,-45.0,-7.0,0.0,-0.0
7,87,-45.0,-5.0,0.0,-0.0
7,88,-45.0,-3.0,0.0,-0.0
7,89,-45.0,-1.0,0.0,-0.0
7,90,-45.0,1.0,0.0,-0.0
7,91,-45.0,3.0,0.0,-0.0
7,92,-45.0,5.0,0.0,-0.0
7,93,-45.0,7.0,0.0,-0.0
7,94,-45.0,9.0,0.0,-0.0
7,95,-45.0,11.0,0.0,-0.0
7,96,-45.0,13.0,0.0,-0.0
7,97,-45.0,15.0,0.0,-0.0
7,98,-45.0,17.0,0.0,-0.0
7,99,-45.0,19.0,0.0,-0.0
7,100,-45.0,21.0,0.0,-0.0
7,101,-45.0,23.0,0.0,-0.0
7,102,-45.0,25.0,0.0,-0.0
7,103,-45.0,27.0,0.0,-0.0
7,104,-45.0,29.0,0.0,-0.0
7,105,-45.0,31.0,0.0,-0.0
7,106,-45.0,33.0,0.0,-0.0
7,107,-45.0,35.0,0.0,-0.0
7,108,-45.0,37.0,0.0,-0.0
7,109,-45.0,39.0,0.0,-0.0
7,110,-45.0,41.0,0.0,-0.0
7,111,-45.0,43.0,0.0,-0.0
7,112,-45.0,45.0,0.0,-0.0
7,113,-45.0,47.0,0.0,-0.0
7,114,-45.0,49.0,0.0,-0.0
7,115,-45.0,51.0,0.0,-0.0
7,116,-45.0,53.0,0.0,-0.0
7,117,-45.0,55.0,0.0,-0.0
7,118,-45.0,57.0,0.0,-0.0
7,119,-45.0,59.0,0.0,-0.0
7,120,-45.0,61.0,0.0,-0.0
7,121,-45.0,63.0,0.0,-0.0
7,122,-45.0,65.0,0.0,-0.0
7,123,-45.0,67.0,0.0,-0.0
7,124,-45.0,69.0,0.0,-0.0
7,125,-45.0,71.0,0.0,-0.0
7,126,-45.0,73.0,0.0,-0.0
7,127,-45.0,75.0,0.0,-0.0
7,128,-45.0,77.0,0.0,-0.0
7,129,-45.0,79.0,0.0,-0.0
7,130,-45.0,81.0,0.0,-0.0
7,131,-45.0,83.0,0.0,-0.0
7,132,-45.0,85.0,0.0,-0.0
7,133,-45.0,87.0,0.0,-0.0
7,134,-45.0,89.0,0.0,-0.0
7,135,-45.0,91.0,0.0,-0.0
7,136,-45.0,93.0,0.0,-0.0
7,137,-45.0,95.0,0.0,-0.0
7,138,-45.0,97.0,0.0,-0.0
7,139,-45.0,99.0,0.0,-0.0
7,140,-45.0,101.0,0.0,-0.0
7,141,-45.0,103.0,0.0,-0.0
7,142,-45.0,105.0,0.0,-0.0
7,143,-45.0,107.0,0.0,-0.0
7,144,-45.0,109.0,0.0,-0.0
7,145,-45.0,111.0,0.0,-0.0
7,146,-45.0,113.0,0.0,-0.0
7,147,-45.0,115.0,0.0,-0.0
7,148,-45.0,117.0,0.0,-0.0
7,149,-45.0,119.0,0.0,-0.0
7,150,-45.0,121.0,0.0,-0.0
7,151,-45.0,123.0,0.0,-0.0
7,152,-45.0,125.0,0.0,-0.0
7,153,-45.0,127.0,0.0,-0.0
7,154,-45.0,129.0,0.0,-0.0
7,155,-45.0,131.0,0.0,-0.0
7,156,-45.0,133.0,0.0,-0.0
7,157,-45.0,135.0,0.0,-0.0
7,158,-45.0,137.0,0.0,-0.0
7,159,-45.0,139.0,0.0,-0.0
7,160,-45.0,141.0,0.0,-0.0
7,161,-45.0,143.0,0.0,-0.0
7,162,-45.0,145.0,0.0,-0.0
7,163,-45.0,147.0,0.0,-0.0
7,164,-45.0,149.0,0.0,-0.0
7,165,-45.0,151.0,0.0,-0.0
7,166,-45.0,153.0,0.0,-0.0
7,167,-45.0,155.0,0.0,-0.0
7,168,-45.0,157.0,0.0,-0.0
7,169,-45.0,159.0,0.0,-0.0
7,170,-45.0,161.0,0.0,-0.0
7,171,-45.0,163.0,0.0,-0.0
7,172,-45.0,165.0,0.0,-0.0
7,173,-45.0,167.0,0.0,-0.0
7,174,-45.0,169.0,0.0,-0.0
7,175,-45.0,171.0,0.0,-0.0
7,176,-45.0,173.0,0.0,-0.0
7,177,-45.0,175.0,0.0,-0.0
7,178,-45.0,177.0,0.0,-0.0
7,179,-45.0,179.0,0.0,-0.0
8,0,-43.0,-179.0,0.0,-0.0
8,1,-43.0,-177.0,0.0,-0.0
8,2,-43.0,-175.0,0.0,-0.0
8,3,-43.0,-173.0,0.0,-0.0
8,4,-43.0,-171.0,0.0,-0.0
8,5,-43.0,-169.0,0.0,-0.0
8,6,-43.0,-167.0,0.0,-0.0
8,7,-43.0,-165.0,0.0,-0.0
8,8,-43.0,-163.0,0.0,-0.0
8,9,-43.0,-161.0,0.0,-0.0
8,10,-43.0,-159.0,0.0,-0.0
8,11,-43.0,-157.0,0.0,-0.0
8,12,-43.0,-155.0,0.0,-0.0
8,13,-43.0,-153.0,0.0,-0.0
8,14,-43.0,-151.0,0.0,-0.0
8,15,-43.0,-149.0,0.0,-0.0
8,16,-43.0,-147.0,0.0,-0.0
8,17,-43.0,-145.0,0.0,-0.0
8,18,-43.0,-143.0,0.0,-0.0
8,19,-43.0,-141.0,0.0,-0.0
8,20,-43.0,-139.0,0.0,-0.0
8,21,-43.0,-137.0,0.0,-0.0
8,22,-43.0,-135.0,0.0,-0.0
8,23,-43.0,-133.0,0.0,-0.0
8,24,-43.0,-131.0,0.0,-0.0
8,25,-43.0,-129.0,0.0,-0.0
8,26,-43.0,-127.0,0.0,-0.0
8,27,-43.0,-125.0,0.0,-0.0
8,28,-43.0,-123.0,0.0,-0.0
8,29,-43.0,-121.0,0.0,-0.0
8,30,-43.0,-119.0,0.0,-0.0
8,31,-43.0,-117.0,0.0,-0.0
8,32,-43.0,-115.0,0.0,-0.0
8,33,-43.0,-113.0,0.0,-0.0
8,34,-43.0,-111.0,0.0,-0.0
8,35,-43.0,-109.0,0.0,-0.0
8,36,-43.0,-107.0,0.0,-0.0
8,37,-43.0,-105.0,0.0,-0.0
8,38,-43.0,-103.0,0.0,-0.0
8,39,-43.0,-101.0,0.0,-0.0
8,40,-43.0,-99.0,0.0,-0.0
8,41,-43.0,-97.0,0.0,-0.0
8,42,-43.0,-95.0,0.0,-0.0
8,43,-43.0,-93.0,0.0,-0.0
8,44,-43.0,-91.0,0.0,-0.0
8,45,-43.0,-89.0,0.0,-0.0
8,46,-43.0,-87.0,0.0,-0.0
8,47,-43.0,-85.0,0.0,-0.0
8,48,-43.0,-83.0,0.0,-0.0
8,49,-43.0,-81.0,0.0,-0.0
8,50,-43.0,-79.0,0.0,-0.0
8,51,-43.0,-77.0,0.0,-0.0
8,52,-43.0,-75.0,0.0,-0.0
8,53,-43.0,-73.0,0.0,-0.0
8,54,-43.0,-71.0,0.0,-0.0
8,55,-43.0,-69.0,0.0,-0.0
8,56,-43.0,-67.0,0.0,-0.0
8,57,-43.0,-65.0,0.0,-0.0
8,58,-43.0,-63.0,0.0,-0.0
8,59,-43.0,-61.0,0.0,-0.0
8,60,-43.0,-59.0,0.0,-0.0
8,61,-43.0,-57.0,0.0,-0.0
8,62,-43.0,-55.0,0.0,-0.0
8,63,-43.0,-53.0,0.0,-0.0
8,64,-43.0,-51.0,0.0,-0.0
8,65,-43.0,-49.0,0.0,-0.0
8,66,-43.0,-47.0,0.0,-0.0
8,67,-43.0,-45.0,0.0,-0.0
8,68,-43.0,-43.0,0.0,-0.0
8,69,-43.0,-41.0,0.0,-0.0
8,70,-43.0,-39.0,0.0,-0.0
8,71,-43.0,-37.0,0.0,-0.0
8,72,-43.0,-35.0,0.0,-0.0
8,73,-43.0,-33.0,0.0,-0.0
8,74,-43.0,-31.0,0.0,-0.0
8,75,-43.0,-29.0,0.0,-0.0
8,76,-43.0,-27.0,0.0,-0.0
8,77,-43.0,-25.0,0.0,-0.0
8,78,-43.0,-23.0,0.0,-0.0
8,79,-43.0,-21.0,0.0,-0.0
8,80,-43.0,-19.0,0.0,-0.0
8,81,-43.0,-17.0,0.0,-0.0
8,82,-43.0,-15.0,0.0,-0.0
8,83,-43.0,-13.0,0.0,-0.0
8,84,-43.0,-11.0,0.0,-0.0
8,85,-43.0,-9.0,0.0,-0.0
8,86,-43.0,-7.0,0.0,-0.0
8,87,-43.0,-5.0,0.0,-0.0
8,88,-43.0,-3.0,0.0,-0.0
8,89,-43.0,-1.0,0.0,-0.0
8,90,-43.0,1.0,0.0,-0.0
8,91,-43.0,3.0,0.0,-0.0
8,92,-43.0,5.0,0.0,-0.0
8,93,-43.0,7.0,0.0,-0.0
8,94,-43.0,9.0,0.0,-0.0
8,95,-43.0,11.0,0.0,-0.0
8,96,-43.0,13.0,0.0,-0.0
8,97,-43.0,15.0,0.0,-0.0
8,98,-43.0,17.0,0.0,-0.0
8,99,-43.0,19.0,0.0,-0.0
8,100,-43.0,21.0,0.0,-0.0
8,101,-43.0,23.0,0.0,-0.0
8,102,-43.0,25.0,0.0,-0.0
8,103,-43.0,27.0,0.0,-0.0
8,104,-43.0,29.0,0.0,-0.0
8,105,-43.0,31.0,0.0,-0.0
8,106,-43.0,33.0,0.0,-0.0
8,107,-43.0,35.0,0.0,-0.0
8,108,-43.0,37.0,0.0,-0.0
8,109,-43.0,39.0,0.0,-0.0
8,110,-43.0,41.0,0.0,-0.0
8,111,-43.0,43.0,0.0,-0.0
8,112,-43.0,45.0,0.0,-0.0
8,113,-43.0,47.0,0.0,-0.0
8,114,-43.0,49.0,0.0,-0.0
8,115,-43.0,51.0,0.0,-0.0
8,116,-43.0,53.0,0.0,-0.0
8,117,-43.0,55.0,0.0,-0.0
8,118,-43.0,57.0,0.0,-0.0
8,119,-43.0,59.0,0.0,-0.0
8,120,-43.0,61.0,0.0,-0.0
8,121,-43.0,63.0,0.0,-0.0
8,122,-43.0,65.0,0.0,-0.0
8,123,-43.0,67.0,0.0,-0.0
8,124,-43.0,69.0,0.0,-0.0
8,125,-43.0,71.0,0.0,-0.0
8,126,-43.0,73.0,0.0,-0.0
8,127,-43.0,75.0,0.0,-0.0
8,128,-43.0,77.0,0.0,-0.0
8,129,-43.0,79.0,0.0,-0.0
8,130,-43.0,81.0,0.0,-0.0
8,131,-43.0,83.0,0.0,-0.0
8,132,-43.0,85.0,0.0,-0.0
8,133,-43.0,87.0,0.0,-0.0
8,134,-43.0,89.0,0.0,-0.0
8,135,-43.0,91.0,0.0,-0.0
8,136,-43.0,93.0,0.0,-0.0
8,137,-43.0,95.0,0.0,-0.0
8,138,-43.0,97.0,0.0,-0.0
8,139,-43.0,99.0,0.0,-0.0
8,140,-43.0,101.0,0.0,-0.0
8,141,-43.0,103.0,0.0,-0.0
8,142,-43.0,105.0,0.0,-0.0
8,143,-43.0,107.0,0.0,-0.0
8,144,-43.0,109.0,0.0,-0.0
8,145,-43.0,111.0,0.0,-0.0
8,146,-43.0,113.0,0.0,-0.0
8,147,-43.0,115.0,0.0,-0.0
8,148,-43.0,117.0,0.0,-0.0
8,149,-43.0,119.0,0.0,-0.0
8,150,-43.0,121.0,0.0,-0.0
8,151,-43.0,123.0,0.0,-0.0
8,152,-43.0,125.0,0.0,-0.0
8,153,-43.0,127.0,0.0,-0.0
8,154,-43.0,129.0,0.0,-0.0
8,155,-43.0,131.0,0.0,-0.0
8,156,-43.0,133.0,0.0,-0.0
8,157,-43.0,135.0,0.0,-0.0
8,158,-43.0,137.0,0.0,-0.0
8,159,-43.0,139.0,0.0,-0.0
8,160,-43.0,141.0,0.0,-0.0
8,161,-43.0,143.0,0.0,-0.0
8,162,-43.0,145.0,0.0,-0.0
8,163,-43.0,147.0,0.0,-0.0
8,164,-43.0,149.0,0.0,-0.0
8,165,-43.0,151.0,0.0,-0.0
8,166,-43.0,153.0,0.0,-0.0
8,167,-43.0,155.0,0.0,-0.0
8,168,-43.0,157.0,0.0,-0.0
8,169,-43.0,159.0,0.0,-0.0
8,170,-43.0,161.0,0.0,-0.0
8,171,-43.0,163.0,0.0,-0.0
8,172,-43.0,165.0,0.0,-0.0
8,173,-43.0,167.0,0.0,-0.0
8,174,-43.0,169.0,0.0,-0.0
8,175,-43.0,171.0,0.0,-0.0
8,176,-43.0,173.0,0.0,-0.0
8,177,-43.0,175.0,0.0,-0.0
8,178,-43.0,177.0,0.0,-0.0
8,179,-43.0,179.0,0.0,-0.0
9,0,-41.0,-179.0,0.0,-0.0
9,1,-41.0,-177.0,0.0,-0.0
9,2,-41.0,-175.0,0.0,-0.0
9,3,-41.0,-173.0,0.0,-0.0
9,4,-41.0,-171.0,0.0,-0.0
9,5,-41.0,-169.0,0.0,-0.0
9,6,-41.0,-167.0,0.0,-0.0
9,7,-41.0,-165.0,0.0,-0.0
9,8,-41.0,-163.0,0.0,-0.0
9,9,-41.0,-161.0,0.0,-0.0
9,10,-41.0,-159.0,0.0,-0.0
9,11,-41.0,-157.0,0.0,-0.0
9,12,-41.0,-155.0,0.0,-0.0
9,13,-41.0,-153.0,0.0,-0.0
9,14,-41.0,-151.0,0.0,-0.0
9,15,-41.0,-149.0,0.0,-0.0
9,16,-41.0,-147.0,0.0,-0.0
9,17,-41.0,-145.0,0.0,-0.0
9,18,-41.0,-143.0,0.0,-0.0
9,19,-41.0,-141.0,0.0,-0.0
9,20,-41.0,-139.0,0.0,-0.0
9,21,-41.0,-137.0,0.0,-0.0
9,22,-41.0,-135.0,0.0,-0.0
9,23,-41.0,-133.0,0.0,-0.0
9,24,-41.0,-131.0,0.0,-0.0
9,25,-41.0,-129.0,0.0,-0.0
9,26,-41.0,-127.0,0.0,-0.0
9,27,-41.0,-125.0,0.0,-0.0
9,28,-41.0,-123.0,0.0,-0.0
9,29,-41.0,-121.0,0.0,-0.0
9,30,-41.0,-119.0,0.0,-0.0
9,31,-41.0,-117.0,0.0,-0.0
9,32,-41.0,-115.0,0.0,-0.0
9,33,-41.0,-113.0,0.0,-0.0
9,34,-41.0,-111.0,0.0,-0.0
9,35,-41.0,-109.0,0.0,-0.0
9,36,-41.0,-107.0,0.0,-0.0
9,37,-41.0,-105.0,0.0,-0.0
9,38,-41.0,-103.0,0.0,-0.0
9,39,-41.0,-101.0,0.0,-0.0
9,40,-41.0,-99.0,0.0,-0.0
9,41,-41.0,-97.0,0.0,-0.0
9,42,-41.0,-95.0,0.0,-0.0
9,43,-41.0,-93.0,0.0,-0.0
9,44,-41.0,-91.0,0.0,-0.0
9,45,-41.0,-89.0,0.0,-0.0
9,46,-41.0,-87.0,0.0,-0.0
9,47,-41.0,-85.0,0.0,-0.0
9,48,-41.0,-83.0,0.0,-0.0
9,49,-41.0,-81.0,0.0,-0.0
9,50,-41.0,-79.0,0.0,-0.0
9,51,-41.0,-77.0,0.0,-0.0
9,52,-41.0,-75.0,0.0,-0.0
9,53,-41.0,-73.0,0.0,-0.0
9,54,-41.0,-71.0,0.0,-0.0
9,55,-41.0,-69.0,0.0,-0.0
9,56,-41.0,-67.0,0.0,-0.0
9,57,-41.0,-65.0,0.0,-0.0
9,58,-41.0,-63.0,0.0,-0.0
9,59,-41.0,-61.0,0.0,-0.0
9,60,-41.0,-59.0,0.0,-0.0
9,61,-41.0,-57.0,0.0,-0.0
9,62,-41.0,-55.0,0.0,-0.0
9,63,-41.0,-53.0,0.0,-0.0
9,64,-41.0,-51.0,0.0,-0.0
9,65,-41.0,-49.0,0.0,-0.0
9,66,-41.0,-47.0,0.0,-0.0
9,67,-41.0,-45.0,0.0,-0.0
9,68,-41.0,-43.0,0.0,-0.0
9,69,-41.0,-41.0,0.0,-0.0
9,70,-41.0,-39.0,0.0,-0.0
9,71,-41.0,-37.0,0.0,-0.0
9,72,-41.0,-35.0,0.0,-0.0
9,73,-41.0,-33.0,0.0,-0.0
9,74,-41.0,-31.0,0.0,-0.0
9,75,-41.0,-29.0,0.0,-0.0
9,76,-41.0,-27.0,0.0,-0.0
9,77,-41.0,-25.0,0.0,-0.0
9,78,-41.0,-23.0,0.0,-0.0
9,79,-41.0,-21.0,0.0,-0.0
9,80,-41.0,-19.0,0.0,-0.0
9,81,-41.0,-17.0,0.0,-0.0
9,82,-41.0,-15.0,0.0,-0.0
9,83,-41.0,-13.0,0.0,-0.0
9,84,-41.0,-11.0,0.0,-0.0
9,85,-41.0,-9.0,0.0,-0.0
9,86,-41.0,-7.0,0.0,-0.0
9,87,-41.0,-5.0,0.0,-0.0
9,88,-41.0,-3.0,0.0,-0.0
9,89,-41.0,-1.0,0.0,-0.0
9,90,-41.0,1.0,0.0,-0.0
9,91,-41.0,3.0,0.0,-0.0
9,92,-41.0,5.0,0.0,-0.0
9,93,-41.0,7.0,0.0,-0.0
9,94,-41.0,9.0,0.0,-0.0
9,95,-41.0,11.0,0.0,-0.0
9,96,-41.0,13.0,0.0,-0.0
9,97,-41.0,15.0,0.0,-0.0
9,98,-41.0,17.0,0.0,-0.0
9,99,-41.0,19.0,0.0,-0.0
9,100,-41.0,21.0,0.0,-0.0
9,101,-41.0,23.0,0.0,-0.0
9,102,-41.0,25.0,0.0,-0.0
9,103,-41.0,27.0,0.0,-0.0
9,104,-41.0,29.0,0.0,-0.0
9,105,-41.0,31.0,0.0,-0.0
9,106,-41.0,33.0,0.0,-0.0
9,107,-41.0,35.0,0.0,-0.0
9,108,-41.0,37.0,0.0,-0.0
9,109,-41.0,39.0,0.0,-0.0
9,110,-41.0,41.0,0.0,-0.0
9,111,-41.0,43.0,0.0,-0.0
9,112,-41.0,45.0,0.0,-0.0
9,113,-41.0,47.0,0.0,-0.0
9,114,-41.0,49.0,0.0,-0.0
9,115,-41.0,51.0,0.0,-0.0
9,116,-41.0,53.0,0.0,-0.0
9,117,-41.0,55.0,0.0,-0.0
9,118,-41.0,57.0,0.0,-0.0
9,119,-41.0,59.0,0.0,-0.0
9,120,-41.0,61.0,0.0,-0.0
9,121,-41.0,63.0,0.0,-0.0
9,122,-41.0,65.0,0.0,-0.0
9,123,-41.0,67.0,0.0,-0.0
9,124,-41.0,69.0,0.0,-0.0
9,125,-41.0,71.0,0.0,-0.0
9,126,-41.0,73.0,0.0,-0.0
9,127,-41.0,75.0,0.0,-0.0
9,128,-41.0,77.0,0.0,-0.0
9,129,-41.0,79.0,0.0,-0.0
9,130,-41.0,81.0,0.0,-0.0
9,131,-41.0,83.0,0.0,-0.0
9,132,-41.0,85.0,0.0,-0.0
9,133,-41.0,87.0,0.0,-0.0
9,134,-41.0,89.0,0.0,-0.0
9,135,-41.0,91.0,0.0,-0.0
9,136,-41.0,93.0,0.0,-0.0
9,137,-41.0,95.0,0.0,-0.0
9,138,-41.0,97.0,0.0,-0.0
9,139,-41.0,99.0,0.0,-0.0
9,140,-41.0,101.0,0.0,-0.0
9,141,-41.0,103.0,0.0,-0.0
9,142,-41.0,105.0,0.0,-0.0
9,143,-41.0,107.0,0.0,-0.0
9,144,-41.0,109.0,0.0,-0.0
9,145,-41.0,111.0,0.0,-0.0
9,146,-41.0,113.0,0.0,-0.0
9,147,-41.0,115.0,0.0,-0.0
9,148,-41.0,117.0,0.0,-0.0
9,149,-41.0,119.0,0.0,-0.0
9,150,-41.0,121.0,0.0,-0.0
9,151,-41.0,123.0,0.0,-0.0
9,152,-41.0,125.0,0.0,-0.0
9,153,-41.0,127.0,0.0,-0.0
9,154,-41.0,129.0,0.0,-0.0
9,155,-41.0,131.0,0.0,-0.0
9,156,-41.0,133.0,0.0,-0.0
9,157,-41.0,135.0,0.0,-0.0
9,158,-41.0,137.0,0.0,-0.0
9,159,-41.0,139.0,0.0,-0.0
9,160,-41.0,141.0,0.0,-0.0
9,161,-41.0,143.0,0.0,-0.0
9,162,-41.0,145.0,0.0,-0.0
9,163,-41.0,147.0,0.0,-0.0
9,164,-41.0,149.0,0.0,-0.0
9,165,-41.0,151.0,0.0,-0.0
9,166,-41.0,153.0,0.0,-0.0
9,167,-41.0,155.0,0.0,-0.0
9,168,-41.0,157.0,0.0,-0.0
9,169,-41.0,159.0,0.0,-0.0
9,170,-41.0,161.0,0.0,-0.0
9,171,-41.0,163.0,0.0,-0.0
9,172,-41.0,165.0,0.0,-0.0
9,173,-41.0,167.0,0.0,-0.0
9,174,-41.0,169.0,0.0,-0.0
9,175,-41.0,171.0,0.0,-0.0
9,176,-41.0,173.0,0.0,-0.0
9,177,-41.0,175.0,0.0,-0.0
9,178,-41.0,177.0,0.0,-0.0
9,179,-41.0,179.0,0.0,-0.0
10,0,-39.0,-179.0,0.0,-0.0
10,1,-39.0,-177.0,0.0,-0.0
10,2,-39.0,-175.0,0.0,-0.0
10,3,-39.0,-173.0,0.0,-0.0
10,4,-39.0,-171.0,0.0,-0.0
10,5,-39.0,-169.0,0.0,-0.0
10,6,-39.0,-167.0,0.0,-0.0
10,7,-39.0,-165.0,0.0,-0.0
10,8,-39.0,-163.0,0.0,-0.0
10,9,-39.0,-161.0,0.0,-0.0
10,10,-39.0,-159.0,0.0,-0.0
10,11,-39.0,-157.0,0.0,-0.0
10,12,-39.0,-155.0,0.0,-0.0
10,13,-39.0,-153.0,0.0,-0.0
10,14,-39.0,-151.0,0.0,-0.0
10,15,-39.0,-149.0,0.0,-0.0
10,16,-39.0,-147.0,0.0,-0.0
10,17,-39.0,-145.0,0.0,-0.0
10,18,-39.0,-143.0,0.0,-0.0
10,19,-39.0,-141.0,0.0,-0.0
10,20,-39.0,-139.0,0.0,-0.0
10,21,-39.0,-137.0,0.0,-0.0
10,22,-39.0,-135.0,0.0,-0.0
10,23,-39.0,-133.0,0.0,-0.0
10,24,-39.0,-131.0,0.0,-0.0
10,25,-39.0,-129.0,0.0,-0.0
10,26,-39.0,-127.0,0.0,-0.0
10,27,-39.0,-125.0,0.0,-0.0
10,28,-39.0,-123.0,0.0,-0.0
10,29,-39.0,-121.0,0.0,-0.0
10,30,-39.0,-119.0,0.0,-0.0
10,31,-39.0,-117.0,0.0,-0.0
10,32,-39.0,-115.0,0.0,-0.0
10,33,-39.0,-113.0,0.0,-0.0
10,34,-39.0,-111.0,0.0,-0.0
10,35,-39.0,-109.0,0.0,-0.0
10,36,-39.0,-107.0,0.0,-0.0
10,37,-39.0,-105.0,0.0,-0.0
10,38,-39.0,-103.0,0.0,-0.0
10,39,-39.0,-101.0,0.0,-0.0
10,40,-39.0,-99.0,0.0,-0.0
10,41,-39.0,-97.0,0.0,-0.0
10,42,-39.0,-95.0,0.0,-0.0
10,43,-39.0,-93.0,0.0,-0.0
10,44,-39.0,-91.0,0.0,-0.0
10,45,-39.0,-89.0,0.0,-0.0
10,46,-39.0,-87.0,0.0,-0.0
10,47,-39.0,-85.0,0.0,-0.0
10,48,-39.0,-83.0,0.0,-0.0
10,49,-39.0,-81.0,0.0,-0.0
10,50,-39.0,-79.0,0.0,-0.0
10,51,-39.0,-77.0,0.0,-0.0
10,52,-39.0,-75.0,0.0,-0.0
10,53,-39.0,-73.0,0.0,-0.0
10,54,-39.0,-71.0,0.0,-0.0
10,55,-39.0,-69.0,0.0,-0.0
10,56,-39.0,-67.0,0.0,-0.0
10,57,-39.0,-65.0,0.0,-0.0
10,58,-39.0,-63.0,0.0,-0.0
10,59,-39.0,-61.0,0.0,-0.0
10,60,-39.0,-59.0,0.0,-0.0
10,61,-39.0,-57.0,0.0,-0.0
10,62,-39.0,-55.0,0.0,-0.0
10,63,-39.0,-53.0,0.0,-0.0
10,64,-39.0,-51.0,0.0,-0.0
10,65,-39.0,-49.0,0.0,-0.0
10,66,-39.0,-47.0,0.0,-0.0
10,67,-39.0,-45.0,0.0,-0.0
10,68,-39.0,-43.0,0.0,-0.0
10,69,-39.0,-41.0,0.0,-0.0
10,70,-39.0,-39.0,0.0,-0.0
10,71,-39.0,-37.0,0.0,-0.0
10,72,-39.0,-35.0,0.0,-0.0
10,73,-39.0,-33.0,0.0,-0.0
10,74,-39.0,-31.0,0.0,-0.0
10,75,-39.0,-29.0,0.0,-0.0
10,76,-39.0,-27.0,0.0,-0.0
10,77,-39.0,-25.0,0.0,-0.0
10,78,-39.0,-23.0,0.0,-0.0
10,79,-39.0,-21.0,0.0,-0.0
10,80,-39.0,-19.0,0.0,-0.0
10,81,-39.0,-17.0,0.0,-0.0
10,82,-39.0,-15.0,0.0,-0.0
10,83,-39.0,-13.0,0.0,-0.0
10,84,-39.0,-11.0,0.0,-0.0
10,85,-39.0,-9.0,0.0,-0.0
10,86,-39.0,-7.0,0.0,-0.0
10,87,-39.0,-5.0,0.0,-0.0
10,88,-39.0,-3.0,0.0,-0.0
10,89,-39.0,-1.0,0.0,-0.0
10,90,-39.0,1.0,0.0,-0.0
10,91,-39.0,3.0,0.0,-0.0
10,92,-39.0,5.0,0.0,-0.0
10,93,-39.0,7.0,0.0,-0.0
10,94,-39.0,9.0,0.0,-0.0
10,95,-39.0,11.0,0.0,-0.0
10,96,-39.0,13.0,0.0,-0.0
10,97,-39.0,15.0,0.0,-0.0
10,98,-39.0,17.0,0.0,-0.0
10,99,-39.0,19.0,0.0,-0.0
10,100,-39.0,21.0,0.0,-0.0
10,101,-39.0,23.0,0.0,-0.0
10,102,-39.0,25.0,0.0,-0.0
10,103,-39.0,27.0,0.0,-0.0
10,104,-39.0,29.0,0.0,-0.0
10,105,-39.0,31.0,0.0,-0.0
10,106,-39.0,33.0,0.0,-0.0
10,107,-39.0,35.0,0.0,-0.0
10,108,-39.0,37.0,0.0,-0.0
10,109,-39.0,39.0,0.0,-0.0
10,110,-39.0,41.0,0.0,-0.0
10,111,-39.0,43.0,0.0,-0.0
10,112,-39.0,45.0,0.0,-0.0
10,113,-39.0,47.0,0.0,-0.0
10,114,-39.0,49.0,0.0,-0.0
10,115,-39.0,51.0,0.0,-0.0
10,116,-39.0,53.0,0.0,-0.0
10,117,-39.0,55.0,0.0,-0.0
10,118,-39.0,57.0,0.0,-0.0
10,119,-39.0,59.0,0.0,-0.0
10,120,-39.0,61.0,0.0,-0.0
10,121,-39.0,63.0,0.0,-0.0
10,122,-39.0,65.0,0.0,-0.0
10,123,-39.0,67.0,0.0,-0.0
10,124,-39.0,69.0,0.0,-0.0
10,125,-39.0,71.0,0.0,-0.0
10,126,-39.0,73.0,0.0,-0.0
10,127,-39.0,75.0,0.0,-0.0
10,128,-39.0,77.0,0.0,-0.0
10,129,-39.0,79.0,0.0,-0.0
10,130,-39.0,81.0,0.0,-0.0
10,131,-39.0,83.0,0.0,-0.0
10,132,-39.0,85.0,0.0,-0.0
10,133,-39.0,87.0,0.0,-0.0
10,134,-39.0,89.0,0.0,-0.0
10,135,-39.0,91.0,0.0,-0.0
10,136,-39.0,93.0,0.0,-0.0
10,137,-39.0,95.0,0.0,-0.0
10,138,-39.0,97.0,0.0,-0.0
10,139,-39.0,99.0,0.0,-0.0
10,140,-39.0,101.0,0.0,-0.0
10,141,-39.0,103.0,0.0,-0.0
10,142,-39.0,105.0,0.0,-0.0
10,143,-39.0,107.0,0.0,-0.0
10,144,-39.0,109.0,0.0,-0.0
10,145,-39.0,111.0,0.0,-0.0
10,146,-39.0,113.0,0.0,-0.0
10,147,-39.0,115.0,0.0,-0.0
10,148,-39.0,117.0,0.0,-0.0
10,149,-39.0,119.0,0.0,-0.0
10,150,-39.0,121.0,0.0,-0.0
10,151,-39.0,123.0,0.0,-0.0
10,152,-39.0,125.0,0.0,-0.0
10,153,-39.0,127.0,0.0,-0.0
10,154,-39.0,129.0,0.0,-0.0
10,155,-39.0,131.0,0.0,-0.0
10,156,-39.0,133.0,0.0,-0.0
10,157,-39.0,135.0,0.0,-0.0
10,158,-39.0,137.0,0.0,-0.0
10,159,-39.0,139.0,0.0,-0.0
10,160,-39.0,141.0,0.0,-0.0
10,161,-39.0,143.0,0.0,-0.0
10,162,-39.0,145.0,0.0,-0.0
10,163,-39.0,147.0,0.0,-0.0
10,164,-39.0,149.0,0.0,-0.0
10,165,-39.0,151.0,0.0,-0.0
10,166,-39.0,153.0,0.0,-0.0
10,167,-39.0,155.0,0.0,-0.0
10,168,-39.0,157.0,0.0,-0.0
10,169,-39.0,159.0,0.0,-0.0
10,170,-39.0,161.0,0.0,-0.0
10,171,-39.0,163.0,0.0,-0.0
10,172,-39.0,165.0,0.0,-0.0
10,173,-39.0,167.0,0.0,-0.0
10,174,-39.0,169.0,0.0,-0.0
10,175,-39.0,171.0,0.0,-0.0
10,176,-39.0,173.0,0.0,-0.0
10,177,-39.0,175.0,0.0,-0.0
10,178,-39.0,177.0,0.0,-0.0
10,179,-39.0,179.0,0.0,-0.0
11,0,-37.0,-179.0,0.0,-0.0
11,1,-37.0,-177.0,0.0,-0.0
11,2,-37.0,-175.0,0.0,-0.0
11,3,-37.0,-173.0,0.0,-0.0
11,4,-37.0,-171.0,0.0,-0.0
11,5,-37.0,-169.0,0.0,-0.0
11,6,-37.0,-167.0,0.0,-0.0
11,7,-37.0,-165.0,0.0,-0.0
11,8,-37.0,-163.0,0.0,-0.0
11,9,-37.0,-161.0,0.0,-0.0
11,10,-37.0,-159.0,0.0,-0.0
11,11,-37.0,-157.0,0.0,-0.0
11,12,-37.0,-155.0,0.0,-0.0
11,13,-37.0,-153.0,0.0,-0.0
11,14,-37.0,-151.0,0.0,-0.0
11,15,-37.0,-149.0,0.0,-0.0
11,16,-37.0,-147.0,0.0,-0.0
11,17,-37.0,-145.0,0.0,-0.0
11,18,-37.0,-143.0,0.0,-0.0
11,19,-37.0,-141.0,0.0,-0.0
11,20,-37.0,-139.0,0.0,-0.0
11,21,-37.0,-137.0,0.0,-0.0
11,22,-37.0,-135.0,0.0,-0.0
11,23,-37.0,-133.0,0.0,-0.0
11,24,-37.0,-131.0,0.0,-0.0
11,25,-37.0,-129.0,0.0,-0.0
11,26,-37.0,-127.0,0.0,-0.0
11,27,-37.0,-125.0,0.0,-0.0
11,28,-37.0,-123.0,0.0,-0.0
11,29,-37.0,-121.0,0.0,-0.0
11,30,-37.0,-119.0,0.0,-0.0
11,31,-37.0,-117.0,0.0,-0.0
11,32,-37.0,-115.0,0.0,-0.0
11,33,-37.0,-113.0,0.0,-0.0
11,34,-37.0,-111.0,0.0,-0.0
11,35,-37.0,-109.0,0.0,-0.0
11,36,-37.0,-107.0,0.0,-0.0
11,37,-37.0,-105.0,0.0,-0.0
11,38,-37.0,-103.0,0.0,-0.0
11,39,-37.0,-101.0,0.0,-0.0
11,40,-37.0,-99.0,0.0,-0.0
11,41,-37.0,-97.0,0.0,-0.0
11,42,-37.0,-95.0,0.0,-0.0
11,43,-37.0,-93.0,0.0,-0.0
11,44,-37.0,-91.0,0.0,-0.0
11,45,-37.0,-89.0,0.0,-0.0
11,46,-37.0,-87.0,0.0,-0.0
11,47,-37.0,-85.0,0.0,-0.0
11,48,-37.0,-83.0,0.0,-0.0
11,49,-37.0,-81.0,0.0,-0.0
11,50,-37.0,-79.0,0.0,-0.0
11,51,-37.0,-77.0,0.0,-0.0
11,52,-37.0,-75.0,0.0,-0.0
11,53,-37.0,-73.0,0.0,-0.0
11,54,-37.0,-71.0,0.0,-0.0
11,55,-37.0,-69.0,0.0,-0.0
11,56,-37.0,-67.0,0.0,-0.0
11,57,-37.0,-65.0,0.0,-0.0
11,58,-37.0,-63.0,0.0,-0.0
11,59,-37.0,-61.0,0.0,-0.0
11,60,-37.0,-59.0,0.0,-0.0
11,61,-37.0,-57.0,0.0,-0.0
11,62,-37.0,-55.0,0.0,-0.0
11,63,-37.0,-53.0,0.0,-0.0
11,64,-37.0,-51.0,0.0,-0.0
11,65,-37.0,-49.0,0.0,-0.0
11,66,-37.0,-47.0,0.0,-0.0
11,67,-37.0,-45.0,0.0,-0.0
11,68,-37.0,-43.0,0.0,-0.0
11,69,-37.0,-41.0,0.0,-0.0
11,70,-37.0,-39.0,0.0,-0.0
11,71,-37.0,-37.0,0.0,-0.0
11,72,-37.0,-35.0,0.0,-0.0
11,73,-37.0,-33.0,0.0,-0.0
11,74,-37.0,-31.0,0.0,-0.0
11,75,-37.0,-29.0,0.0,-0.0
11,76,-37.0,-27.0,0.0,-0.0
11,77,-37.0,-25.0,0.0,-0.0
11,78,-37.0,-23.0,0.0,-0.0
11,79,-37.0,-21.0,0.0,-0.0
11,80,-37.0,-19.0,0.0,-0.0
11,81,-37.0,-17.0,0.0,-0.0
11,82,-37.0,-15.0,0.0,-0.0
11,83,-37.0,-13.0,0.0,-0.0
11,84,-37.0,-11.0,0.0,-0.0
11,85,-37.0,-9.0,0.0,-0.0
11,86,-37.0,-7.0,0.0,-0.0
11,87,-37.0,-5.0,0.0,-0.0
11,88,-37.0,-3.0,0.0,-0.0
11,89,-37.0,-1.0,0.0,-0.0
11,90,-37.0,1.0,0.0,-0.0
11,91,-37.0,3.0,0.0,-0.0
11,92,-37.0,5.0,0.0,-0.0
11,93,-37.0,7.0,0.0,-0.0
11,94,-37.0,9.0,0.0,-0.0
11,95,-37.0,11.0,0.0,-0.0
11,96,-37.0,13.0,0.0,-0.0
11,97,-37.0,15.0,0.0,-0.0
11,98,-37.0,17.0,0.0,-0.0
11,99,-37.0,19.0,0.0,-0.0
11,100,-37.0,21.0,0.0,-0.0
11,101,-37.0,23.0,0.0,-0.0
11,102,-37.0,25.0,0.0,-0.0
11,103,-37.0,27.0,0.0,-0.0
11,104,-37.0,29.0,0.0,-0.0
11,105,-37.0,31.0,0.0,-0.0
11,106,-37.0,33.0,0.0,-0.0
11,107,-37.0,35.0,0.0,-0.0
11,108,-37.0,37.0,0.0,-0.0
11,109,-37.0,39.0,0.0,-0.0
11,110,-37.0,41.0,0.0,-0.0
11,111,-37.0,43.0,0.0,-0.0
11,112,-37.0,45.0,0.0,-0.0
11,113,-37.0,47.0,0.0,-0.0
11,114,-37.0,49.0,0.0,-0.0
11,115,-37.0,51.0,0.0,-0.0
11,116,-37.0,53.0,0.0,-0.0
11,117,-37.0,55.0,0.0,-0.0
11,118,-37.0,57.0,0.0,-0.0
11,119,-37.0,59.0,0.0,-0.0
11,120,-37.0,61.0,0.0,-0.0
11,121,-37.0,63.0,0.0,-0.0
11,122,-37.0,65.0,0.0,-0.0
11,123,-37.0,67.0,0.0,-0.0
11,124,-37.0,69.0,0.0,-0.0
11,125,-37.0,71.0,0.0,-0.0
11,126,-37.0,73.0,0.0,-0.0
11,127,-37.0,75.0,0.0,-0.0
11,128,-37.0,77.0,0.0,-0.0
11,129,-37.0,79.0,0.0,-0.0
11,130,-37.0,81.0,0.0,-0.0
11,131,-37.0,83.0,0.0,-0.0
11,132,-37.0,85.0,0.0,-0.0
11,133,-37.0,87.0,0.0,-0.0
11,134,-37.0,89.0,0.0,-0.0
11,135,-37.0,91.0,0.0,-0.0
11,136,-37.0,93.0,0.0,-0.0
11,137,-37.0,95.0,0.0,-0.0
11,138,-37.0,97.0,0.0,-0.0
11,139,-37.0,99.0,0.0,-0.0
11,140,-37.0,101.0,0.0,-0.0
11,141,-37.0,103.0,0.0,-0.0
11,142,-37.0,105.0,0.0,-0.0
11,143,-37.0,107.0,0.0,-0.0
11,144,-37.0,109.0,0.0,-0.0
11,145,-37.0,111.0,0.0,-0.0
11,146,-37.0,113.0,0.0,-0.0
11,147,-37.0,115.0,0.0,-0.0
11,148,-37.0,117.0,0.0,-0.0
11,149,-37.0,119.0,0.0,-0.0
11,150,-37.0,121.0,0.0,-0.0
11,151,-37.0,123.0,0.0,-0.0
11,152,-37.0,125.0,0.0,-0.0
11,153,-37.0,127.0,0.0,-0.0
11,154,-37.0,129.0,0.0,-0.0
11,155,-37.0,131.0,0.0,-0.0
11,156,-37.0,133.0,0.0,-0.0
11,157,-37.0,135.0,0.0,-0.0
11,158,-37.0,137.0,0.0,-0.0
11,159,-37.0,139.0,0.0,-0.0
11,160,-37.0,141.0,0.0,-0.0
11,161,-37.0,143.0,0.0,-0.0
11,162,-37.0,145.0,0.0,-0.0
11,163,-37.0,147.0,0.0,-0.0
11,164,-37.0,149.0,0.0,-0.0
11,165,-37.0,151.0,0.0,-0.0
11,166,-37.0,153.0,0.0,-0.0
11,167,-37.0,155.0,0.0,-0.0
11,168,-37.0,157.0,0.0,-0.0
11,169,-37.0,159.0,0.0,-0.0
11,170,-37.0,161.0,0.0,-0.0
11,171,-37.0,163.0,0.0,-0.0
11,172,-37.0,165.0,0.0,-0.0
11,173,-37.0,167.0,0.0,-0.0
11,174,-37.0,169.0,0.0,-0.0
11,175,-37.0,171.0,0.0,-0.0
11,176,-37.0,173.0,0.0,-0.0
11,177,-37.0,175.0,0.0,-0.0
11,178,-37.0,177.0,0.0,-0.0
11,179,-37.0,179.0,0.0,-0.0
12,0,-35.0,-179.0,0.0,-0.0
12,1,-35.0,-177.0,0.0,-0.0
12,2,-35.0,-175.0,0.0,-0.0
12,3,-35.0,-173.0,0.0,-0.0
12,4,-35.0,-171.0,0.0,-0.0
12,5,-35.0,-169.0,0.0,-0.0
12,6,-35.0,-167.0,0.0,-0.0
12,7,-35.0,-165.0,0.0,-0.0
12,8,-35.0,-163.0,0.0,-0.0
12,9,-35.0,-161.0,0.0,-0.0
12,10,-35.0,-159.0,0.0,-0.0
12,11,-35.0,-157.0,0.0,-0.0
12,12,-35.0,-155.0,0.0,-0.0
12,13,-35.0,-153.0,0.0,-0.0
12,14,-35.0,-151.0,0.0,-0.0
12,15,-35.0,-149.0,0.0,-0.0
12,16,-35.0,-147.0,0.0,-0.0
12,17,-35.0,-145.0,0.0,-0.0
12,18,-35.0,-143.0,0.0,-0.0
12,19,-35.0,-141.0,0.0,-0.0
12,20,-35.0,-139.0,0.0,-0.0
12,21,-35.0,-137.0,0.0,-0.0
12,22,-35.0,-135.0,0.0,-0.0
12,23,-35.0,-133.0,0.0,-0.0
12,24,-35.0,-131.0,0.0,-0.0
12,25,-35.0,-129.0,0.0,-0.0
12,26,-35.0,-127.0,0.0,-0.0
12,27,-35.0,-125.0,0.0,-0.0
12,28,-35.0,-123.0,0.0,-0.0
12,29,-35.0,-121.0,0.0,-0.0
12,30,-35.0,-119.0,0.0,-0.0
12,31,-35.0,-117.0,0.0,-0.0
12,32,-35.0,-115.0,0.0,-0.0
12,33,-35.0,-113.0,0.0,-0.0
12,34,-35.0,-111.0,0.0,-0.0
12,35,-35.0,-109.0,0.0,-0.0
12,36,-35.0,-107.0,0.0,-0.0
12,37,-35.0,-105.0,0.0,-0.0
12,38,-35.0,-103.0,0.0,-0.0
12,39,-35.0,-101.0,0.0,-0.0
12,40,-35.0,-99.0,0.0,-0.0
12,41,-35.0,-97.0,0.0,-0.0
12,42,-35.0,-95.0,0.0,-0.0
12,43,-35.0,-93.0,0.0,-0.0
12,44,-35.0,-91.0,0.0,-0.0
12,45,-35.0,-89.0,0.0,-0.0
12,46,-35.0,-87.0,0.0,-0.0
12,47,-35.0,-85.0,0.0,-0.0
12,48,-35.0,-83.0,0.0,-0.0
12,49,-35.0,-81.0,0.0,-0.0
12,50,-35.0,-79.0,0.0,-0.0
12,51,-35.0,-77.0,0.0,-0.0
12,52,-35.0,-75.0,0.0,-0.0
12,53,-35.0,-73.0,0.0,-0.0
12,54,-35.0,-71.0,0.0,-0.0
12,55,-35.0,-69.0,0.0,-0.0
12,56,-35.0,-67.0,0.0,-0.0
12,57,-35.0,-65.0,0.0,-0.0
12,58,-35.0,-63.0,0.0,-0.0
12,59,-35.0,-61.0,0.0,-0.0
12,60,-35.0,-59.0,0.0,-0.0
12,61,-35.0,-57.0,0.0,-0.0
12,62,-35.0,-55.0,0.0,-0.0
12,63,-35.0,-53.0,0.0,-0.0
12,64,-35.0,-51.0,0.0,-0.0
12,65,-35.0,-49.0,0.0,-0.0
12,66,-35.0,-47.0,0.0,-0.0
12,67,-35.0,-45.0,0.0,-0.0
12,68,-35.0,-43.0,0.0,-0.0
12,69,-35.0,-41.0,0.0,-0.0
12,70,-35.0,-39.0,0.0,-0.0
12,71,-35.0,-37.0,0.0,-0.0
12,72,-35.0,-35.0,0.0,-0.0
12,73,-35.0,-33.0,0.0,-0.0
12,74,-35.0,-31.0,0.0,-0.0
12,75,-35.0,-29.0,0.0,-0.0
12,76,-35.0,-27.0,0.0,-0.0
12,77,-35.0,-25.0,0.0,-0.0
12,78,-35.0,-23.0,0.0,-0.0
12,79,-35.0,-21.0,0.0,-0.0
12,80,-35.0,-19.0,0.0,-0.0
12,81,-35.0,-17.0,0.0,-0.0
12,82,-35.0,-15.0,0.0,-0.0
12,83,-35.0,-13.0,0.0,-0.0
12,84,-35.0,-11.0,0.0,-0.0
12,85,-35.0,-9.0,0.0,-0.0
12,86,-35.0,-7.0,0.0,-0.0
12,87,-35.0,-5.0,0.0,-0.0
12,88,-35.0,-3.0,0.0,-0.0
12,89,-35.0,-1.0,0.0,-0.0
12,90,-35.0,1.0,0.0,-0.0
12,91,-35.0,3.0,0.0,-0.0
12,92,-35.0,5.0,0.0,-0.0
12,93,-35.0,7.0,0.0,-0.0
12,94,-35.0,9.0,0.0,-0.0
12,95,-35.0,11.0,0.0,-0.0
12,96,-35.0,13.0,0.0,-0.0
12,97,-35.0,15.0,0.0,-0.0
12,98,-35.0,17.0,0.0,-0.0
12,99,-35.0,19.0,0.0,-0.0
12,100,-35.0,21.0,0.0,-0.0
12,101,-35.0,23.0,0.0,-0.0
12,102,-35.0,25.0,0.0,-0.0
12,103,-35.0,27.0,0.0,-0.0
12,104,-35.0,29.0,0.0,-0.0
12,105,-35.0,31.0,0.0,-0.0
12,106,-35.0,33.0,0.0,-0.0
12,107,-35.0,35.0,0.0,-0.0
12,108,-35.0,37.0,0.0,-0.0
12,109,-35.0,39.0,0.0,-0.0
12,110,-35.0,41.0,0.0,-0.0
12,111,-35.0,43.0,0.0,-0.0
12,112,-35.0,45.0,0.0,-0.0
12,113,-35.0,47.0,0.0,-0.0
12,114,-35.0,49.0,0.0,-0.0
12,115,-35.0,51.0,0.0,-0.0
12,116,-35.0,53.0,0.0,-0.0
12,117,-35.0,55.0,0.0,-0.0
12,118,-35.0,57.0,0.0,-0.0
12,119,-35.0,59.0,0.0,-0.0
12,120,-35.0,61.0,0.0,-0.0
12,121,-35.0,63.0,0.0,-0.0
12,122,-35.0,65.0,0.0,-0.0
12,123,-35.0,67.0,0.0,-0.0
12,124,-35.0,69.0,0.0,-0.0
12,125,-35.0,71.0,0.0,-0.0
12,126,-35.0,73.0,0.0,-0.0
12,127,-35.0,75.0,0.0,-0.0
12,128,-35.0,77.0,0.0,-0.0
12,129,-35.0,79.0,0.0,-0.0
12,130,-35.0,81.0,0.0,-0.0
12,131,-35.0,83.0,0.0,-0.0
12,132,-35.0,85.0,0.0,-0.0
12,133,-35.0,87.0,0.0,-0.0
12,134,-35.0,89.0,0.0,-0.0
12,135,-35.0,91.0,0.0,-0.0
12,136,-35.0,93.0,0.0,-0.0
12,137,-35.0,95.0,0.0,-0.0
12,138,-35.0,97.0,0.0,-0.0
12,139,-35.0,99.0,0.0,-0.0
12,140,-35.0,101.0,0.0,-0.0
12,141,-35.0,103.0,0.0,-0.0
12,142,-35.0,105.0,0.0,-0.0
12,143,-35.0,107.0,0.0,-0.0
12,144,-35.0,109.0,0.0,-0.0
12,145,-35.0,111.0,0.0,-0.0
12,146,-35.0,113.0,0.0,-0.0
12,147,-35.0,115.0,0.0,-0.0
12,148,-35.0,117.0,0.0,-0.0
12,149,-35.0,119.0,0.0,-0.0
12,150,-35.0,121.0,0.0,-0.0
12,151,-35.0,123.0,0.0,-0.0
12,152,-35.0,125.0,0.0,-0.0
12,153,-35.0,127.0,0.0,-0.0
12,154,-35.0,129.0,0.0,-0.0
12,155,-35.0,131.0,0.0,-0.0
12,156,-35.0,133.0,0.0,-0.0
12,157,-35.0,135.0,0.0,-0.0
12,158,-35.0,137.0,0.0,-0.0
12,159,-35.0,139.0,0.0,-0.0
12,160,-35.0,141.0,0.0,-0.0
12,161,-35.0,143.0,0.0,-0.0
12,162,-35.0,145.0,0.0,-0.0
12,163,-35.0,147.0,0.0,-0.0
12,164,-35.0,149.0,0.0,-0.0
12,165,-35.0,151.0,0.0,-0.0
12,166,-35.0,153.0,0.0,-0.0
12,167,-35.0,155.0,0.0,-0.0
12,168,-35.0,157.0,0.0,-0.0
12,169,-35.0,159.0,0.0,-0.0
12,170,-35.0,161.0,0.0,-0.0
12,171,-35.0,163.0,0.0,-0.0
12,172,-35.0,165.0,0.0,-0.0
12,173,-35.0,167.0,0.0,-0.0
12,174,-35.0,169.0,0.0,-0.0
12,175,-35.0,171.0,0.0,-0.0
12,176,-35.0,173.0,0.0,-0.0
12,177,-35.0,175.0,0.0,-0.0
12,178,-35.0,177.0,0.0,-0.0
12,179,-35.0,179.0,0.0,-0.0
13,0,-33.0,-179.0,0.5091,0.71151484
13,1,-33.0,-177.0,0.0,-0.0
13,2,-33.0,-175.0,0.0,-0.0
13,3,-33.0,-173.0,0.0,-0.0
13,4,-33.0,-171.0,0.0,-0.0
13,5,-33.0,-169.0,0.0,-0.0
13,6,-33.0,-167.0,0.0,-0.0
13,7,-33.0,-165.0,0.0,-0.0
13,8,-33.0,-163.0,0.0,-0.0
13,9,-33.0,-161.0,0.0,-0.0
13,10,-33.0,-159.0,0.0,-0.0
13,11,-33.0,-157.0,0.0,-0.0
13,12,-33.0,-155.0,0.0,-0.0
13,13,-33.0,-153.0,0.0,-0.0
13,14,-33.0,-151.0,0.0,-0.0
13,15,-33.0,-149.0,0.0,-0.0
13,16,-33.0,-147.0,0.0,-0.0
13,17,-33.0,-145.0,0.0,-0.0
13,18,-33.0,-143.0,0.0,-0.0
13,19,-33.0,-141.0,0.0,-0.0
13,20,-33.0,-139.0,0.0,-0.0
13,21,-33.0,-137.0,0.0,-0.0
13,22,-33.0,-135.0,0.0,-0.0
13,23,-33.0,-133.0,0.0,-0.0
13,24,-33.0,-131.0,0.0,-0.0
13,25,-33.0,-129.0,0.0,-0.0
13,26,-33.0,-127.0,0.0,-0.0
13,27,-33.0,-125.0,0.0,-0.0
13,28,-33.0,-123.0,0.0,-0.0
13,29,-33.0,-121.0,0.0,-0.0
13,30,-33.0,-119.0,0.0,-0.0
13,31,-33.0,-117.0,0.0,-0.0
13,32,-33.0,-115.0,0.0,-0.0
13,33,-33.0,-113.0,0.0,-0.0
13,34,-33.0,-111.0,0.0,-0.0
13,35,-33.0,-109.0,0.0,-0.0
13,36,-33.0,-107.0,0.0,-0.0
13,37,-33.0,-105.0,0.0,-0.0
13,38,-33.0,-103.0,0.0,-0.0
13,39,-33.0,-101.0,0.0,-0.0
13,40,-33.0,-99.0,0.0,-0.0
13,41,-33.0,-97.0,0.0,-0.0
13,42,-33.0,-95.0,0.0,-0.0
13,43,-33.0,-93.0,0.0,-0.0
13,44,-33.0,-91.0,0.0,-0.0
13,45,-33.0,-89.0,0.0,-0.0
13,46,-33.0,-87.0,0.0,-0.0
13,47,-33.0,-85.0,0.0,-0.0
13,48,-33.0,-83.0,0.0,-0.0
13,49,-33.0,-81.0,0.0,-0.0
13,50,-33.0,-79.0,0.0,-0.0
13,51,-33.0,-77.0,0.0,-0.0
13,52,-33.0,-75.0,0.0,-0.0
13,53,-33.0,-73.0,0.0356,0.03624913
13,54,-33.0,-71.0,0.0356,0.03624913
13,55,-33.0,-69.0,0.0,-0.0
13,56,-33.0,-67.0,0.0,-0.0
13,57,-33.0,-65.0,0.0,-0.0
13,58,-33.0,-63.0,0.0,-0.0
13,59,-33.0,-61.0,0.0,-0.0
13,60,-33.0,-59.0,0.0,-0.0
13,61,-33.0,-57.0,0.0,-0.0
13,62,-33.0,-55.0,0.0,-0.0
13,63,-33.0,-53.0,0.0,-0.0
13,64,-33.0,-51.0,0.0,-0.0
13,65,-33.0,-49.0,0.0,-0.0
13,66,-33.0,-47.0,0.0,-0.0
13,67,-33.0,-45.0,0.0,-0.0
13,68,-33.0,-43.0,0.0,-0.0
13,69,-33.0,-41.0,0.0,-0.0
13,70,-33.0,-39.0,0.0,-0.0
13,71,-33.0,-37.0,0.0,-0.0
13,72,-33.0,-35.0,0.0,-0.0
13,73,-33.0,-33.0,0.0,-0.0
13,74,-33.0,-31.0,0.0,-0.0
13,75,-33.0,-29.0,0.0,-0.0
13,76,-33.0,-27.0,0.0,-0.0
13,77,-33.0,-25.0,0.0,-0.0
13,78,-33.0,-23.0,0.0,-0.0
13,79,-33.0,-21.0,0.0,-0.0
13,80,-33.0,-19.0,0.0,-0.0
13,81,-33.0,-17.0,0.0,-0.0
13,82,-33.0,-15.0,0.0,-0.0
13,83,-33.0,-13.0,0.0,-0.0
13,84,-33.0,-11.0,0.0,-0.0
13,85,-33.0,-9.0,0.0,-0.0
13,86,-33.0,-7.0,0.0,-0.0
13,87,-33.0,-5.0,0.0,-0.0
13,88,-33.0,-3.0,0.0,-0.0
13,89,-33.0,-1.0,0.0,-0.0
13,90,-33.0,1.0,0.0,-0.0
13,91,-33.0,3.0,0.0,-0.0
13,92,-33.0,5.0,0.0,-0.0
13,93,-33.0,7.0,0.0,-0.0
13,94,-33.0,9.0,0.0,-0.0
13,95,-33.0,11.0,0.0,-0.0
13,96,-33.0,13.0,0.0,-0.0
13,97,-33.0,15.0,0.0,-0.0
13,98,-33.0,17.0,0.0,-0.0
13,99,-33.0,19.0,0.0,-0.0
13,100,-33.0,21.0,0.0,-0.0
13,101,-33.0,23.0,0.0,-0.0
13,102,-33.0,25.0,0.0,-0.0
13,103,-33.0,27.0,0.0,-0.0
13,104,-33.0,29.0,0.0,-0.0
13,105,-33.0,31.0,0.0,-0.0
13,106,-33.0,33.0,0.0,-0.0
13,107,-33.0,35.0,0.0,-0.0
13,108,-33.0,37.0,0.0,-0.0
13,109,-33.0,39.0,0.0,-0.0
13,110,-33.0,41.0,0.0,-0.0
13,111,-33.0,43.0,0.0,-0.0
13,112,-33.0,45.0,0.0,-0.0
13,113,-33.0,47.0,0.0,-0.0
13,114,-33.0,49.0,0.0,-0.0
13,115,-33.0,51.0,0.0,-0.0
13,116,-33.0,53.0,0.0,-0.0
13,117,-33.0,55.0,0.0,-0.0
13,118,-33.0,57.0,0.0,-0.0
13,119,-33.0,59.0,0.0,-0.0
13,120,-33.0,61.0,0.0,-0.0
13,121,-33.0,63.0,0.0,-0.0
13,122,-33.0,65.0,0.0,-0.0
13,123,-33.0,67.0,0.0,-0.0
13,124,-33.0,69.0,0.0,-0.0
13,125,-33.0,71.0,0.0,-0.0
13,126,-33.0,73.0,0.0,-0.0
13,127,-33.0,75.0,0.0,-0.0
13,128,-33.0,77.0,0.0,-0.0
13,129,-33.0,79.0,0.0,-0.0
13,130,-33.0,81.0,0.0,-0.0
13,131,-33.0,83.0,0.0,-0.0
13,132,-33.0,85.0,0.0,-0.0
13,133,-33.0,87.0,0.0,-0.0
13,134,-33.0,89.0,0.0,-0.0
13,135,-33.0,91.0,0.0,-0.0
13,136,-33.0,93.0,0.0,-0.0
13,137,-33.0,95.0,0.0,-0.0
13,138,-33.0,97.0,0.0,-0.0
13,139,-33.0,99.0,0.0,-0.0
13,140,-33.0,101.0,0.0,-0.0
13,141,-33.0,103.0,0.0,-0.0
13,142,-33.0,105.0,0.0,-0.0
13,143,-33.0,107.0,0.0,-0.0
13,144,-33.0,109.0,0.0,-0.0
13,145,-33.0,111.0,0.0,-0.0
13,146,-33.0,113.0,0.0,-0.0
13,147,-33.0,115.0,0.0,-0.0
13,148,-33.0,117.0,0.0,-0.0
13,149,-33.0,119.0,0.0,-0.0
13,150,-33.0,121.0,0.0,-0.0
13,151,-33.0,123.0,0.0,-0.0
13,152,-33.0,125.0,0.0,-0.0
13,153,-33.0,127.0,0.0,-0.0
13,154,-33.0,129.0,0.0,-0.0
13,155,-33.0,131.0,0.0,-0.0
13,156,-33.0,133.0,0.0,-0.0
13,157,-33.0,135.0,0.0,-0.0
13,158,-33.0,137.0,0.0,-0.0
13,159,-33.0,139.0,0.0,-0.0
13,160,-33.0,141.0,0.0,-0.0
13,161,-33.0,143.0,0.0,-0.0
13,162,-33.0,145.0,0.0,-0.0
13,163,-33.0,147.0,0.0,-0.0
13,164,-33.0,149.0,0.0,-0.0
13,165,-33.0,151.0,0.0,-0.0
13,166,-33.0,153.0,0.0,-0.0
13,167,-33.0,155.0,0.0,-0.0
13,168,-33.0,157.0,0.0,-0.0
13,169,-33.0,159.0,0.0,-0.0
13,170,-33.0,161.0,0.0,-0.0
13,171,-33.0,163.0,0.0,-0.0
13,172,-33.0,165.0,0.0,-0.0
13,173,-33.0,167.0,0.0,-0.0
13,174,-33.0,169.0,0.0,-0.0
13,175,-33.0,171.0,0.0,-0.0
13,176,-33.0,173.0,0.0,-0.0
13,177,-33.0,175.0,0.0,-0.0
13,178,-33.0,177.0,0.0,-0.0
13,179,-33.0,179.0,0.0,-0.0
14,0,-31.0,-179.0,0.0,-0.0
14,1,-31.0,-177.0,0.0,-0.0
14,2,-31.0,-175.0,0.0,-0.0
14,3,-31.0,-173.0,0.0,-0.0
14,4,-31.0,-171.0,0.0,-0.0
14,5,-31.0,-169.0,0.0,-0.0
14,6,-31.0,-167.0,0.0,-0.0
14,7,-31.0,-165.0,0.0,-0.0
14,8,-31.0,-163.0,0.0,-0.0
14,9,-31.0,-161.0,0.0,-0.0
14,10,-31.0,-159.0,0.0,-0.0
14,11,-31.0,-157.0,0.0,-0.0
14,12,-31.0,-155.0,0.0,-0.0
14,13,-31.0,-153.0,0.0,-0.0
14,14,-31.0,-151.0,0.0,-0.0
14,15,-31.0,-149.0,0.0,-0.0
14,16,-31.0,-147.0,0.0,-0.0
14,17,-31.0,-145.0,0.0,-0.0
14,18,-31.0,-143.0,0.0,-0.0
14,19,-31.0,-141.0,0.0,-0.0
14,20,-31.0,-139.0,0.0,-0.0
14,21,-31.0,-137.0,0.0,-0.0
14,22,-31.0,-135.0,0.0,-0.0
14,23,-31.0,-133.0,0.0,-0.0
14,24,-31.0,-131.0,0.0,-0.0
14,25,-31.0,-129.0,0.0,-0.0
14,26,-31.0,-127.0,0.0,-0.0
14,27,-31.0,-125.0,0.0,-0.0
14,28,-31.0,-123.0,0.0,-0.0
14,29,-31.0,-121.0,0.0,-0.0
14,30,-31.0,-119.0,0.0,-0.0
14,31,-31.0,-117.0,0.0,-0.0
14,32,-31.0,-115.0,0.0,-0.0
14,33,-31.0,-113.0,0.0,-0.0
14,34,-31.0,-111.0,0.0,-0.0
14,35,-31.0,-109.0,0.0,-0.0
14,36,-31.0,-107.0,0.0,-0.0
14,37,-31.0,-105.0,0.0,-0.0
14,38,-31.0,-103.0,0.0,-0.0
14,39,-31.0,-101.0,0.0,-0.0
14,40,-31.0,-99.0,0.0,-0.0
14,41,-31.0,-97.0,0.0,-0.0
14,42,-31.0,-95.0,0.0,-0.0
14,43,-31.0,-93.0,0.0,-0.0
14,44,-31.0,-91.0,0.0,-0.0
14,45,-31.0,-89.0,0.0,-0.0
14,46,-31.0,-87.0,0.0,-0.0
14,47,-31.0,-85.0,0.0,-0.0
14,48,-31.0,-83.0,0.0,-0.0
14,49,-31.0,-81.0,0.0,-0.0
14,50,-31.0,-79.0,0.0,-0.0
14,51,-31.0,-77.0,0.0,-0.0
14,52,-31.0,-75.0,0.0,-0.0
14,53,-31.0,-73.0,0.0,-0.0
14,54,-31.0,-71.0,0.0,-0.0
14,55,-31.0,-69.0,0.0,-0.0
14,56,-31.0,-67.0,0.0,-0.0
14,57,-31.0,-65.0,0.0,-0.0
14,58,-31.0,-63.0,0.0,-0.0
14,59,-31.0,-61.0,0.0,-0.0
14,60,-31.0,-59.0,0.0,-0.0
14,61,-31.0,-57.0,0.0,-0.0
14,62,-31.0,-55.0,0.0,-0.0
14,63,-31.0,-53.0,0.0,-0.0
14,64,-31.0,-51.0,0.0,-0.0
14,65,-31.0,-49.0,0.0,-0.0
14,66,-31.0,-47.0,0.0,-0.0
14,67,-31.0,-45.0,0.0,-0.0
14,68,-31.0,-43.0,0.0,-0.0
14,69,-31.0,-41.0,0.0,-0.0
14,70,-31.0,-39.0,0.0,-0.0
14,71,-31.0,-37.0,0.0,-0.0
14,72,-31.0,-35.0,0.0,-0.0
14,73,-31.0,-33.0,0.0,-0.0
14,74,-31.0,-31.0,0.0,-0.0
14,75,-31.0,-29.0,0.0,-0.0
14,76,-31.0,-27.0,0.0,-0.0
14,77,-31.0,-25.0,0.0,-0.0
14,78,-31.0,-23.0,0.0,-0.0
14,79,-31.0,-21.0,0.0,-0.0
14,80,-31.0,-19.0,0.0,-0.0
14,81,-31.0,-17.0,0.0,-0.0
14,82,-31.0,-15.0,0.0,-0.0
14,83,-31.0,-13.0,0.0,-0.0
14,84,-31.0,-11.0,0.0,-0.0
14,85,-31.0,-9.0,0.0,-0.0
14,86,-31.0,-7.0,0.0,-0.0
14,87,-31.0,-5.0,0.0,-0.0
14,88,-31.0,-3.0,0.0,-0.0
14,89,-31.0,-1.0,0.0,-0.0
14,90,-31.0,1.0,0.0,-0.0
14,91,-31.0,3.0,0.0,-0.0
14,92,-31.0,5.0,0.0,-0.0
14,93,-31.0,7.0,0.0,-0.0
14,94,-31.0,9.0,0.0,-0.0
14,95,-31.0,11.0,0.0,-0.0
14,96,-31.0,13.0,0.0,-0.0
14,97,-31.0,15.0,0.0,-0.0
14,98,-31.0,17.0,0.0,-0.0
14,99,-31.0,19.0,0.0,-0.0
14,100,-31.0,21.0,0.0,-0.0
14,101,-31.0,23.0,0.0,-0.0
14,102,-31.0,25.0,0.0,-0.0
14,103,-31.0,27.0,0.0,-0.0
14,104,-31.0,29.0,0.0,-0.0
14,105,-31.0,31.0,0.0,-0.0
14,106,-31.0,33.0,0.0,-0.0
14,107,-31.0,35.0,0.0,-0.0
14,108,-31.0,37.0,0.0,-0.0
14,109,-31.0,39.0,0.0,-0.0
14,110,-31.0,41.0,0.0,-0.0
14,111,-31.0,43.0,0.0,-0.0
14,112,-31.0,45.0,0.0,-0.0
14,113,-31.0,47.0,0.0,-0.0
14,114,-31.0,49.0,0.0,-0.0
14,115,-31.0,51.0,0.0,-0.0
14,116,-31.0,53.0,0.0,-0.0
14,117,-31.0,55.0,0.0,-0.0
14,118,-31.0,57.0,0.0,-0.0
14,119,-31.0,59.0,0.0,-0.0
14,120,-31.0,61.0,0.0,-0.0
14,121,-31.0,63.0,0.0,-0.0
14,122,-31.0,65.0,0.0,-0.0
14,123,-31.0,67.0,0.0,-0.0
14,124,-31.0,69.0,0.0,-0.0
14,125,-31.0,71.0,0.0,-0.0
14,126,-31.0,73.0,0.0,-0.0
14,127,-31.0,75.0,0.0,-0.0
14,128,-31.0,77.0,0.0,-0.0
14,129,-31.0,79.0,0.0,-0.0
14,130,-31.0,81.0,0.0,-0.0
14,131,-31.0,83.0,0.0,-0.0
14,132,-31.0,85.0,0.0,-0.0
14,133,-31.0,87.0,0.0,-0.0
14,134,-31.0,89.0,0.0,-0.0
14,135,-31.0,91.0,0.0,-0.0
14,136,-31.0,93.0,0.0,-0.0
14,137,-31.0,95.0,0.0,-0.0
14,138,-31.0,97.0,0.0,-0.0
14,139,-31.0,99.0,0.0,-0.0
14,140,-31.0,101.0,0.0,-0.0
14,141,-31.0,103.0,0.0,-0.0
14,142,-31.0,105.0,0.0,-0.0
14,143,-31.0,107.0,0.0,-0.0
14,144,-31.0,109.0,0.0,-0.0
14,145,-31.0,111.0,0.0,-0.0
14,146,-31.0,113.0,0.0,-0.0
14,147,-31.0,115.0,0.0,-0.0
14,148,-31.0,117.0,0.0,-0.0
14,149,-31.0,119.0,0.0,-0.0
14,150,-31.0,121.0,0.0,-0.0
14,151,-31.0,123.0,0.0,-0.0
14,152,-31.0,125.0,0.0,-0.0
14,153,-31.0,127.0,0.0,-0.0
14,154,-31.0,129.0,0.0,-0.0
14,155,-31.0,131.0,0.0,-0.0
14,156,-31.0,133.0,0.0,-0.0
14,157,-31.0,135.0,0.0,-0.0
14,158,-31.0,137.0,0.0,-0.0
14,159,-31.0,139.0,0.0,-0.0
14,160,-31.0,141.0,0.0,-0.0
14,161,-31.0,143.0,0.0,-0.0
14,162,-31.0,145.0,0.0,-0.0
14,163,-31.0,147.0,0.0,-0.0
14,164,-31.0,149.0,0.0,-0.0
14,165,-31.0,151.0,0.0,-0.0
14,166,-31.0,153.0,0.0,-0.0
14,167,-31.0,155.0,0.0,-0.0
14,168,-31.0,157.0,0.0,-0.0
14,169,-31.0,159.0,0.0,-0.0
14,170,-31.0,161.0,0.0,-0.0
14,171,-31.0,163.0,0.0,-0.0
14,172,-31.0,165.0,0.0,-0.0
14,173,-31.0,167.0,0.0,-0.0
14,174,-31.0,169.0,0.0,-0.0
14,175,-31.0,171.0,0.0,-0.0
14,176,-31.0,173.0,0.0,-0.0
14,177,-31.0,175.0,0.0,-0.0
14,178,-31.0,177.0,0.0,-0.0
14,179,-31.0,179.0,0.0,-0.0
15,0,-29.0,-179.0,0.0,-0.0
15,1,-29.0,-177.0,0.5091,0.71151484
15,2,-29.0,-175.0,0.0,-0.0
15,3,-29.0,-173.0,0.0,-0.0
15,4,-29.0,-171.0,0.0,-0.0
15,5,-29.0,-169.0,0.0,-0.0
15,6,-29.0,-167.0,0.0,-0.0
15,7,-29.0,-165.0,0.0,-0.0
15,8,-29.0,-163.0,0.0,-0.0
15,9,-29.0,-161.0,0.0,-0.0
15,10,-29.0,-159.0,0.0,-0.0
15,11,-29.0,-157.0,0.0,-0.0
15,12,-29.0,-155.0,0.0,-0.0
15,13,-29.0,-153.0,0.0,-0.0
15,14,-29.0,-151.0,0.0,-0.0
15,15,-29.0,-149.0,0.0,-0.0
15,16,-29.0,-147.0,0.0,-0.0
15,17,-29.0,-145.0,0.0,-0.0
15,18,-29.0,-143.0,0.0,-0.0
15,19,-29.0,-141.0,0.0,-0.0
15,20,-29.0,-139.0,0.0,-0.0
15,21,-29.0,-137.0,0.0,-0.0
15,22,-29.0,-135.0,0.0,-0.0
15,23,-29.0,-133.0,0.0,-0.0
15,24,-29.0,-131.0,0.0,-0.0
15,25,-29.0,-129.0,0.0,-0.0
15,26,-29.0,-127.0,0.0,-0.0
15,27,-29.0,-125.0,0.0,-0.0
15,28,-29.0,-123.0,0.0,-0.0
15,29,-29.0,-121.0,0.0,-0.0
15,30,-29.0,-119.0,0.0,-0.0
15,31,-29.0,-117.0,0.0,-0.0
15,32,-29.0,-115.0,0.0,-0.0
15,33,-29.0,-113.0,0.0,-0.0
15,34,-29.0,-111.0,0.0,-0.0
15,35,-29.0,-109.0,0.0,-0.0
15,36,-29.0,-107.0,0.0,-0.0
15,37,-29.0,-105.0,0.0,-0.0
15,38,-29.0,-103.0,0.0,-0.0
15,39,-29.0,-101.0,0.0,-0.0
15,40,-29.0,-99.0,0.0,-0.0
15,41,-29.0,-97.0,0.0,-0.0
15,42,-29.0,-95.0,0.0,-0.0
15,43,-29.0,-93.0,0.0,-0.0
15,44,-29.0,-91.0,0.0,-0.0
15,45,-29.0,-89.0,0.0,-0.0
15,46,-29.0,-87.0,0.0,-0.0
15,47,-29.0,-85.0,0.0,-0.0
15,48,-29.0,-83.0,0.0,-0.0
15,49,-29.0,-81.0,0.0,-0.0
15,50,-29.0,-79.0,0.0,-0.0
15,51,-29.0,-77.0,0.0,-0.0
15,52,-29.0,-75.0,0.0,-0.0
15,53,-29.0,-73.0,0.0,-0.0
15,54,-29.0,-71.0,0.0,-0.0
15,55,-29.0,-69.0,0.0,-0.0
15,56,-29.0,-67.0,0.0,-0.0
15,57,-29.0,-65.0,0.0,-0.0
15,58,-29.0,-63.0,0.0,-0.0
15,59,-29.0,-61.0,0.0,-0.0
15,60,-29.0,-59.0,0.0,-0.0
15,61,-29.0,-57.0,0.0,-0.0
15,62,-29.0,-55.0,0.0,-0.0
15,63,-29.0,-53.0,0.0,-0.0
15,64,-29.0,-51.0,0.0,-0.0
15,65,-29.0,-49.0,0.0,-0.0
15,66,-29.0,-47.0,0.0,-0.0
15,67,-29.0,-45.0,0.0,-0.0
15,68,-29.0,-43.0,0.0,-0.0
15,69,-29.0,-41.0,0.0,-0.0
15,70,-29.0,-39.0,0.0,-0.0
15,71,-29.0,-37.0,0.0,-0.0
15,72,-29.0,-35.0,0.0,-0.0
15,73,-29.0,-33.0,0.0,-0.0
15,74,-29.0,-31.0,0.0,-0.0
15,75,-29.0,-29.0,0.0,-0.0
15,76,-29.0,-27.0,0.0,-0.0
15,77,-29.0,-25.0,0.0,-0.0
15,78,-29.0,-23.0,0.0,-0.0
15,79,-29.0,-21.0,0.0,-0.0
15,80,-29.0,-19.0,0.0,-0.0
15,81,-29.0,-17.0,0.0,-0.0
15,82,-29.0,-15.0,0.0,-0.0
15,83,-29.0,-13.0,0.0,-0.0
15,84,-29.0,-11.0,0.0,-0.0
15,85,-29.0,-9.0,0.0,-0.0
15,86,-29.0,-7.0,0.0,-0.0
15,87,-29.0,-5.0,0.0,-0.0
15,88,-29.0,-3.0,0.0,-0.0
15,89,-29.0,-1.0,0.0,-0.0
15,90,-29.0,1.0,0.0,-0.0
15,91,-29.0,3.0,0.0,-0.0
15,92,-29.0,5.0,0.0,-0.0
15,93,-29.0,7.0,0.0,-0.0
15,94,-29.0,9.0,0.0,-0.0
15,95,-29.0,11.0,0.0,-0.0
15,96,-29.0,13.0,0.0,-0.0
15,97,-29.0,15.0,0.0,-0.0
15,98,-29.0,17.0,0.0,-0.0
15,99,-29.0,19.0,0.0,-0.0
15,100,-29.0,21.0,0.0,-0.0
15,101,-29.0,23.0,0.0,-0.0
15,102,-29.0,25.0,0.0,-0.0
15,103,-29.0,27.0,0.0,-0.0
15,104,-29.0,29.0,0.0,-0.0
15,105,-29.0,31.0,0.0,-0.0
15,106,-29.0,33.0,0.0,-0.0
15,107,-29.0,35.0,0.0,-0.0
15,108,-29.0,37.0,0.0,-0.0
15,109,-29.0,39.0,0.0,-0.0
15,110,-29.0,41.0,0.0,-0.0
15,111,-29.0,43.0,0.0,-0.0
15,112,-29.0,45.0,0.0,-0.0
15,113,-29.0,47.0,0.0,-0.0
15,114,-29.0,49.0,0.0,-0.0
15,115,-29.0,51.0,0.0,-0.0
15,116,-29.0,53.0,0.0,-0.0
15,117,-29.0,55.0,0.0,-0.0
15,118,-29.0,57.0,0.0,-0.0
15,119,-29.0,59.0,0.0,-0.0
15,120,-29.0,61.0,0.0,-0.0
15,121,-29.0,63.0,0.0,-0.0
15,122,-29.0,65.0,0.0,-0.0
15,123,-29.0,67.0,0.0,-0.0
15,124,-29.0,69.0,0.0,-0.0
15,125,-29.0,71.0,0.0,-0.0
15,126,-29.0,73.0,0.0,-0.0
15,127,-29.0,75.0,0.0,-0.0
15,128,-29.0,77.0,0.0,-0.0
15,129,-29.0,79.0,0.0,-0.0
15,130,-29.0,81.0,0.0,-0.0
15,131,-29.0,83.0,0.0,-0.0
15,132,-29.0,85.0,0.0,-0.0
15,133,-29.0,87.0,0.0,-0.0
15,134,-29.0,89.0,0.0,-0.0
15,135,-29.0,91.0,0.0,-0.0
15,136,-29.0,93.0,0.0,-0.0
15,137,-29.0,95.0,0.0,-0.0
15,138,-29.0,97.0,0.0,-0.0
15,139,-29.0,99.0,0.0,-0.0
15,140,-29.0,101.0,0.0,-0.0
15,141,-29.0,103.0,0.0,-0.0
15,142,-29.0,105.0,0.0,-0.0
15,143,-29.0,107.0,0.0,-0.0
15,144,-29.0,109.0,0.0,-0.0
15,145,-29.0,111.0,0.0,-0.0
15,146,-29.0,113.0,0.0,-0.0
15,147,-29.0,115.0,0.0,-0.0
15,148,-29.0,117.0,0.0,-0.0
15,149,-29.0,119.0,0.0,-0.0
15,150,-29.0,121.0,0.0,-0.0
15,151,-29.0,123.0,0.0,-0.0
15,152,-29.0,125.0,0.0,-0.0
15,153,-29.0,127.0,0.0,-0.0
15,154,-29.0,129.0,0.0,-0.0
15,155,-29.0,131.0,0.0,-0.0
15,156,-29.0,133.0,0.0,-0.0
15,157,-29.0,135.0,0.0,-0.0
15,158,-29.0,137.0,0.0,-0.0
15,159,-29.0,139.0,0.0,-0.0
15,160,-29.0,141.0,0.0,-0.0
15,161,-29.0,143.0,0.0,-0.0
15,162,-29.0,145.0,0.0,-0.0
15,163,-29.0,147.0,0.0,-0.0
15,164,-29.0,149.0,0.0,-0.0
15,165,-29.0,151.0,0.0,-0.0
15,166,-29.0,153.0,0.0,-0.0
15,167,-29.0,155.0,0.0,-0.0
15,168,-29.0,157.0,0.0,-0.0
15,169,-29.0,159.0,0.0,-0.0
15,170,-29.0,161.0,0.0,-0.0
15,171,-29.0,163.0,0.0,-0.0
15,172,-29.0,165.0,0.0,-0.0
15,173,-29.0,167.0,0.0,-0.0
15,174,-29.0,169.0,0.0,-0.0
15,175,-29.0,171.0,0.0,-0.0
15,176,-29.0,173.0,0.0,-0.0
15,177,-29.0,175.0,0.0,-0.0
15,178,-29.0,177.0,0.0,-0.0
15,179,-29.0,179.0,0.0,-0.0
16,0,-27.0,-179.0,0.0,-0.0
16,1,-27.0,-177.0,0.0,-0.0
16,2,-27.0,-175.0,0.0,-0.0
16,3,-27.0,-173.0,0.0,-0.0
16,4,-27.0,-171.0,0.0,-0.0
16,5,-27.0,-169.0,0.0,-0.0
16,6,-27.0,-167.0,0.0,-0.0
16,7,-27.0,-165.0,0.0,-0.0
16,8,-27.0,-163.0,0.0,-0.0
16,9,-27.0,-161.0,0.0,-0.0
16,10,-27.0,-159.0,0.0,-0.0
16,11,-27.0,-157.0,0.0,-0.0
16,12,-27.0,-155.0,0.0,-0.0
16,13,-27.0,-153.0,0.0,-0.0
16,14,-27.0,-151.0,0.0,-0.0
16,15,-27.0,-149.0,0.0,-0.0
16,16,-27.0,-147.0,0.0,-0.0
16,17,-27.0,-145.0,0.0,-0.0
16,18,-27.0,-143.0,0.0,-0.0
16,19,-27.0,-141.0,0.0,-0.0
16,20,-27.0,-139.0,0.0,-0.0
16,21,-27.0,-137.0,0.0,-0.0
16,22,-27.0,-135.0,0.0,-0.0
16,23,-27.0,-133.0,0.0,-0.0
16,24,-27.0,-131.0,0.0,-0.0
16,25,-27.0,-129.0,0.0,-0.0
16,26,-27.0,-127.0,0.0,-0.0
16,27,-27.0,-125.0,0.0,-0.0
16,28,-27.0,-123.0,0.0,-0.0
16,29,-27.0,-121.0,0.0,-0.0
16,30,-27.0,-119.0,0.0,-0.0
16,31,-27.0,-117.0,0.0,-0.0
16,32,-27.0,-115.0,0.0,-0.0
16,33,-27.0,-113.0,0.0,-0.0
16,34,-27.0,-111.0,0.0,-0.0
16,35,-27.0,-109.0,0.0,-0.0
16,36,-27.0,-107.0,0.0,-0.0
16,37,-27.0,-105.0,0.0,-0.0
16,38,-27.0,-103.0,0.0,-0.0
16,39,-27.0,-101.0,0.0,-0.0
16,40,-27.0,-99.0,0.0,-0.0
16,41,-27.0,-97.0,0.0,-0.0
16,42,-27.0,-95.0,0.0,-0.0
16,43,-27.0,-93.0,0.0,-0.0
16,44,-27.0,-91.0,0.0,-0.0
16,45,-27.0,-89.0,0.0,-0.0
16,46,-27.0,-87.0,0.0,-0.0
16,47,-27.0,-85.0,0.0,-0.0
16,48,-27.0,-83.0,0.0,-0.0
16,49,-27.0,-81.0,0.0,-0.0
16,50,-27.0,-79.0,0.0,-0.0
16,51,-27.0,-77.0,0.0,-0.0
16,52,-27.0,-75.0,0.0,-0.0
16,53,-27.0,-73.0,0.0,-0.0
16,54,-27.0,-71.0,0.0,-0.0
16,55,-27.0,-69.0,0.0,-0.0
16,56,-27.0,-67.0,0.0,-0.0
16,57,-27.0,-65.0,0.0,-0.0
16,58,-27.0,-63.0,0.0,-0.0
16,59,-27.0,-61.0,0.0,-0.0
16,60,-27.0,-59.0,0.0,-0.0
16,61,-27.0,-57.0,0.0,-0.0
16,62,-27.0,-55.0,0.0,-0.0
16,63,-27.0,-53.0,0.0,-0.0
16,64,-27.0,-51.0,0.0,-0.0
16,65,-27.0,-49.0,0.0,-0.0
16,66,-27.0,-47.0,0.0,-0.0
16,67,-27.0,-45.0,0.0,-0.0
16,68,-27.0,-43.0,0.0,-0.0
16,69,-27.0,-41.0,0.0,-0.0
16,70,-27.0,-39.0,0.0,-0.0
16,71,-27.0,-37.0,0.0,-0.0
16,72,-27.0,-35.0,0.0,-0.0
16,73,-27.0,-33.0,0.0,-0.0
16,74,-27.0,-31.0,0.0,-0.0
16,75,-27.0,-29.0,0.0,-0.0
16,76,-27.0,-27.0,0.0,-0.0
16,77,-27.0,-25.0,0.0,-0.0
16,78,-27.0,-23.0,0.0,-0.0
16,79,-27.0,-21.0,0.0,-0.0
16,80,-27.0,-19.0,0.0,-0.0
16,81,-27.0,-17.0,0.0,-0.0
16,82,-27.0,-15.0,0.0,-0.0
16,83,-27.0,-13.0,0.0,-0.0
16,84,-27.0,-11.0,0.0,-0.0
16,85,-27.0,-9.0,0.0,-0.0
16,86,-27.0,-7.0,0.0,-0.0
16,87,-27.0,-5.0,0.0,-0.0
16,88,-27.0,-3.0,0.0,-0.0
16,89,-27.0,-1.0,0.0,-0.0
16,90,-27.0,1.0,0.0,-0.0
16,91,-27.0,3.0,0.0,-0.0
16,92,-27.0,5.0,0.0,-0.0
16,93,-27.0,7.0,0.0,-0.0
16,94,-27.0,9.0,0.0,-0.0
16,95,-27.0,11.0,0.0,-0.0
16,96,-27.0,13.0,0.0,-0.0
16,97,-27.0,15.0,0.0,-0.0
16,98,-27.0,17.0,0.0,-0.0
16,99,-27.0,19.0,0.0,-0.0
16,100,-27.0,21.0,0.0,-0.0
16,101,-27.0,23.0,0.0,-0.0
16,102,-27.0,25.0,0.0,-0.0
16,103,-27.0,27.0,0.0,-0.0
16,104,-27.0,29.0,0.0,-0.0
16,105,-27.0,31.0,0.0,-0.0
16,106,-27.0,33.0,0.0,-0.0
16,107,-27.0,35.0,0.0,-0.0
16,108,-27.0,37.0,0.0,-0.0
16,109,-27.0,39.0,0.0,-0.0
16,110,-27.0,41.0,0.0,-0.0
16,111,-27.0,43.0,0.0,-0.0
16,112,-27.0,45.0,0.0,-0.0
16,113,-27.0,47.0,0.0,-0.0
16,114,-27.0,49.0,0.0,-0.0
16,115,-27.0,51.0,0.0,-0.0
16,116,-27.0,53.0,0.0,-0.0
16,117,-27.0,55.0,0.0,-0.0
16,118,-27.0,57.0,0.0,-0.0
16,119,-27.0,59.0,0.0,-0.0
16,120,-27.0,61.0,0.0,-0.0
16,121,-27.0,63.0,0.0,-0.0
16,122,-27.0,65.0,0.0,-0.0
16,123,-27.0,67.0,0.0,-0.0
16,124,-27.0,69.0,0.0,-0.0
16,125,-27.0,71.0,0.0,-0.0
16,126,-27.0,73.0,0.0,-0.0
16,127,-27.0,75.0,0.0,-0.0
16,128,-27.0,77.0,0.0,-0.0
16,129,-27.0,79.0,0.0,-0.0
16,130,-27.0,81.0,0.0,-0.0
16,131,-27.0,83.0,0.0,-0.0
16,132,-27.0,85.0,0.0,-0.0
16,133,-27.0,87.0,0.0,-0.0
16,134,-27.0,89.0,0.0,-0.0
16,135,-27.0,91.0,0.0,-0.0
16,136,-27.0,93.0,0.0,-0.0
16,137,-27.0,95.0,0.0,-0.0
16,138,-27.0,97.0,0.0,-0.0
16,139,-27.0,99.0,0.0,-0.0
16,140,-27.0,101.0,0.0,-0.0
16,141,-27.0,103.0,0.0,-0.0
16,142,-27.0,105.0,0.0,-0.0
16,143,-27.0,107.0,0.0,-0.0
16,144,-27.0,109.0,0.0,-0.0
16,145,-27.0,111.0,0.0,-0.0
16,146,-27.0,113.0,0.0,-0.0
16,147,-27.0,115.0,0.0,-0.0
16,148,-27.0,117.0,0.0,-0.0
16,149,-27.0,119.0,0.0,-0.0
16,150,-27.0,121.0,0.0,-0.0
16,151,-27.0,123.0,0.0,-0.0
16,152,-27.0,125.0,0.0,-0.0
16,153,-27.0,127.0,0.0,-0.0
16,154,-27.0,129.0,0.0,-0.0
16,155,-27.0,131.0,0.0,-0.0
16,156,-27.0,133.0,0.0,-0.0
16,157,-27.0,135.0,0.0,-0.0
16,158,-27.0,137.0,0.0,-0.0
16,159,-27.0,139.0,0.0,-0.0
16,160,-27.0,141.0,0.0,-0.0
16,161,-27.0,143.0,0.0,-0.0
16,162,-27.0,145.0,0.0,-0.0
16,163,-27.0,147.0,0.0,-0.0
16,164,-27.0,149.0,0.0,-0.0
16,165,-27.0,151.0,0.0,-0.0
16,166,-27.0,153.0,0.0,-0.0
16,167,-27.0,155.0,0.0,-0.0
16,168,-27.0,157.0,0.0,-0.0
16,169,-27.0,159.0,0.0,-0.0
16,170,-27.0,161.0,0.0,-0.0
16,171,-27.0,163.0,0.0,-0.0
16,172,-27.0,165.0,0.0,-0.0
16,173,-27.0,167.0,0.0,-0.0
16,174,-27.0,169.0,0.0,-0.0
16,175,-27.0,171.0,0.0,-0.0
16,176,-27.0,173.0,0.0,-0.0
16,177,-27.0,175.0,0.0,-0.0
16,178,-27.0,177.0,0.0,-0.0
16,179,-27.0,179.0,0.0,-0.0
17,0,-25.0,-179.0,0.0,-0.0
17,1,-25.0,-177.0,0.0,-0.0
17,2,-25.0,-175.0,0.5091,0.71151484
17,3,-25.0,-173.0,0.0,-0.0
17,4,-25.0,-171.0,0.0,-0.0
17,5,-25.0,-169.0,0.0,-0.0
17,6,-25.0,-167.0,0.0,-0.0
17,7,-25.0,-165.0,0.0,-0.0
17,8,-25.0,-163.0,0.0,-0.0
17,9,-25.0,-161.0,0.0,-0.0
17,10,-25.0,-159.0,0.0,-0.0
17,11,-25.0,-157.0,0.0,-0.0
17,12,-25.0,-155.0,0.0,-0.0
17,13,-25.0,-153.0,0.0,-0.0
17,14,-25.0,-151.0,0.0,-0.0
17,15,-25.0,-149.0,0.0,-0.0
17,16,-25.0,-147.0,0.0,-0.0
17,17,-25.0,-145.0,0.0,-0.0
17,18,-25.0,-143.0,0.0,-0.0
17,19,-25.0,-141.0,0.0,-0.0
17,20,-25.0,-139.0,0.0,-0.0
17,21,-25.0,-137.0,0.0,-0.0
17,22,-25.0,-135.0,0.0,-0.0
17,23,-25.0,-133.0,0.0,-0.0
17,24,-25.0,-131.0,0.0,-0.0
17,25,-25.0,-129.0,0.0,-0.0
17,26,-25.0,-127.0,0.0,-0.0
17,27,-25.0,-125.0,0.0,-0.0
17,28,-25.0,-123.0,0.0,-0.0
17,29,-25.0,-121.0,0.0,-0.0
17,30,-25.0,-119.0,0.0,-0.0
17,31,-25.0,-117.0,0.0,-0.0
17,32,-25.0,-115.0,0.0,-0.0
17,33,-25.0,-113.0,0.0,-0.0
17,34,-25.0,-111.0,0.0,-0.0
17,35,-25.0,-109.0,0.0,-0.0
17,36,-25.0,-107.0,0.0,-0.0
17,37,-25.0,-105.0,0.0,-0.0
17,38,-25.0,-103.0,0.0,-0.0
17,39,-25.0,-101.0,0.0,-0.0
17,40,-25.0,-99.0,0.0,-0.0
17,41,-25.0,-97.0,0.0,-0.0
17,42,-25.0,-95.0,0.0,-0.0
17,43,-25.0,-93.0,0.0,-0.0
17,44,-25.0,-91.0,0.0,-0.0
17,45,-25.0,-89.0,0.0,-0.0
17,46,-25.0,-87.0,0.0,-0.0
17,47,-25.0,-85.0,0.0,-0.0
17,48,-25.0,-83.0,0.0,-0.0
17,49,-25.0,-81.0,0.0,-0.0
17,50,-25.0,-79.0,0.0,-0.0
17,51,-25.0,-77.0,0.0,-0.0
17,52,-25.0,-75.0,0.0,-0.0
17,53,-25.0,-73.0,0.0,-0.0
17,54,-25.0,-71.0,0.0,-0.0
17,55,-25.0,-69.0,0.0,-0.0
17,56,-25.0,-67.0,0.5091,0.71151484
17,57,-25.0,-65.0,0.0,-0.0
17,58,-25.0,-63.0,0.0,-0.0
17,59,-25.0,-61.0,0.0,-0.0
17,60,-25.0,-59.0,0.0,-0.0
17,61,-25.0,-57.0,0.0,-0.0
17,62,-25.0,-55.0,0.0,-0.0
17,63,-25.0,-53.0,0.0,-0.0
17,64,-25.0,-51.0,0.0,-0.0
17,65,-25.0,-49.0,0.0,-0.0
17,66,-25.0,-47.0,0.0,-0.0
17,67,-25.0,-45.0,0.0,-0.0
17,68,-25.0,-43.0,0.0,-0.0
17,69,-25.0,-41.0,0.0,-0.0
17,70,-25.0,-39.0,0.0,-0.0
17,71,-25.0,-37.0,0.0,-0.0
17,72,-25.0,-35.0,0.0,-0.0
17,73,-25.0,-33.0,0.0,-0.0
17,74,-25.0,-31.0,0.0,-0.0
17,75,-25.0,-29.0,0.0,-0.0
17,76,-25.0,-27.0,0.0,-0.0
17,77,-25.0,-25.0,0.0,-0.0
17,78,-25.0,-23.0,0.0,-0.0
17,79,-25.0,-21.0,0.0,-0.0
17,80,-25.0,-19.0,0.0,-0.0
17,81,-25.0,-17.0,0.0,-0.0
17,82,-25.0,-15.0,0.0,-0.0
17,83,-25.0,-13.0,0.0,-0.0
17,84,-25.0,-11.0,0.0,-0.0
17,85,-25.0,-9.0,0.0,-0.0
17,86,-25.0,-7.0,0.0,-0.0
17,87,-25.0,-5.0,0.0,-0.0
17,88,-25.0,-3.0,0.0,-0.0
17,89,-25.0,-1.0,0.0,-0.0
17,90,-25.0,1.0,0.0,-0.0
17,91,-25.0,3.0,0.0,-0.0
17,92,-25.0,5.0,0.0,-0.0
17,93,-25.0,7.0,0.0,-0.0
17,94,-25.0,9.0,0.0,-0.0
17,95,-25.0,11.0,0.0,-0.0
17,96,-25.0,13.0,0.0,-0.0
17,97,-25.0,15.0,0.0,-0.0
17,98,-25.0,17.0,0.0,-0.0
17,99,-25.0,19.0,0.0,-0.0
17,100,-25.0,21.0,0.0,-0.0
17,101,-25.0,23.0,0.0,-0.0
17,102,-25.0,25.0,0.0,-0.0
17,103,-25.0,27.0,0.0,-0.0
17,104,-25.0,29.0,0.0,-0.0
17,105,-25.0,31.0,0.0,-0.0
17,106,-25.0,33.0,0.0,-0.0
17,107,-25.0,35.0,0.0,-0.0
17,108,-25.0,37.0,0.0,-0.0
17,109,-25.0,39.0,0.0,-0.0
17,110,-25.0,41.0,0.0,-0.0
17,111,-25.0,43.0,0.0,-0.0
17,112,-25.0,45.0,0.0,-0.0
17,113,-25.0,47.0,0.0,-0.0
17,114,-25.0,49.0,0.0,-0.0
17,115,-25.0,51.0,0.0,-0.0
17,116,-25.0,53.0,0.0,-0.0
17,117,-25.0,55.0,0.0,-0.0
17,118,-25.0,57.0,0.0,-0.0
17,119,-25.0,59.0,0.0,-0.0
17,120,-25.0,61.0,0.0,-0.0
17,121,-25.0,63.0,0.0,-0.0
17,122,-25.0,65.0,0.0,-0.0
17,123,-25.0,67.0,0.0,-0.0
17,124,-25.0,69.0,0.0,-0.0
17,125,-25.0,71.0,0.0,-0.0
17,126,-25.0,73.0,0.0,-0.0
17,127,-25.0,75.0,0.0,-0.0
17,128,-25.0,77.0,0.0,-0.0
17,129,-25.0,79.0,0.0,-0.0
17,130,-25.0,81.0,0.0,-0.0
17,131,-25.0,83.0,0.0,-0.0
17,132,-25.0,85.0,0.0,-0.0
17,133,-25.0,87.0,0.0,-0.0
17,134,-25.0,89.0,0.0,-0.0
17,135,-25.0,91.0,0.0,-0.0
17,136,-25.0,93.0,0.0,-0.0
17,137,-25.0,95.0,0.0,-0.0
17,138,-25.0,97.0,0.0,-0.0
17,139,-25.0,99.0,0.0,-0.0
17,140,-25.0,101.0,0.0,-0.0
17,141,-25.0,103.0,0.0,-0.0
17,142,-25.0,105.0,0.0,-0.0
17,143,-25.0,107.0,0.0,-0.0
17,144,-25.0,109.0,0.0,-0.0
17,145,-25.0,111.0,0.0,-0.0
17,146,-25.0,113.0,0.0,-0.0
17,147,-25.0,115.0,0.0,-0.0
17,148,-25.0,117.0,0.0,-0.0
17,149,-25.0,119.0,0.0,-0.0
17,150,-25.0,121.0,0.0,-0.0
17,151,-25.0,123.0,0.0,-0.0
17,152,-25.0,125.0,0.0,-0.0
17,153,-25.0,127.0,0.0,-0.0
17,154,-25.0,129.0,0.0,-0.0
17,155,-25.0,131.0,0.0,-0.0
17,156,-25.0,133.0,0.0,-0.0
17,157,-25.0,135.0,0.0,-0.0
17,158,-25.0,137.0,0.0,-0.0
17,159,-25.0,139.0,0.0,-0.0
17,160,-25.0,141.0,0.0,-0.0
17,161,-25.0,143.0,0.0,-0.0
17,162,-25.0,145.0,0.0,-0.0
17,163,-25.0,147.0,0.0,-0.0
17,164,-25.0,149.0,0.0,-0.0
17,165,-25.0,151.0,0.0,-0.0
17,166,-25.0,153.0,0.0,-0.0
17,167,-25.0,155.0,0.0,-0.0
17,168,-25.0,157.0,0.0,-0.0
17,169,-25.0,159.0,0.0,-0.0
17,170,-25.0,161.0,0.0,-0.0
17,171,-25.0,163.0,0.0,-0.0
17,172,-25.0,165.0,0.0,-0.0
17,173,-25.0,167.0,0.0,-0.0
17,174,-25.0,169.0,0.0,-0.0
17,175,-25.0,171.0,0.0,-0.0
17,176,-25.0,173.0,0.0,-0.0
17,177,-25.0,175.0,0.0,-0.0
17,178,-25.0,177.0,0.0,-0.0
17,179,-25.0,179.0,0.0,-0.0
18,0,-23.0,-179.0,0.5091,0.71151484
18,1,-23.0,-177.0,0.0,-0.0
18,2,-23.0,-175.0,0.0,-0.0
18,3,-23.0,-173.0,0.0,-0.0
18,4,-23.0,-171.0,0.0,-0.0
18,5,-23.0,-169.0,0.0,-0.0
18,6,-23.0,-167.0,0.0,-0.0
18,7,-23.0,-165.0,0.0,-0.0
18,8,-23.0,-163.0,0.0,-0.0
18,9,-23.0,-161.0,0.0,-0.0
18,10,-23.0,-159.0,0.0,-0.0
18,11,-23.0,-157.0,0.0,-0.0
18,12,-23.0,-155.0,0.0,-0.0
18,13,-23.0,-153.0,0.0,-0.0
18,14,-23.0,-151.0,0.0,-0.0
18,15,-23.0,-149.0,0.0,-0.0
18,16,-23.0,-147.0,0.0,-0.0
18,17,-23.0,-145.0,0.0,-0.0
18,18,-23.0,-143.0,0.0,-0.0
18,19,-23.0,-141.0,0.0,-0.0
18,20,-23.0,-139.0,0.0,-0.0
18,21,-23.0,-137.0,0.0,-0.0
18,22,-23.0,-135.0,0.0,-0.0
18,23,-23.0,-133.0,0.0,-0.0
18,24,-23.0,-131.0,0.0,-0.0
18,25,-23.0,-129.0,0.0,-0.0
18,26,-23.0,-127.0,0.0,-0.0
18,27,-23.0,-125.0,0.0,-0.0
18,28,-23.0,-123.0,0.0,-0.0
18,29,-23.0,-121.0,0.0,-0.0
18,30,-23.0,-119.0,0.0,-0.0
18,31,-23.0,-117.0,0.0,-0.0
18,32,-23.0,-115.0,0.0,-0.0
18,33,-23.0,-113.0,0.0,-0.0
18,34,-23.0,-111.0,0.0,-0.0
18,35,-23.0,-109.0,0.0,-0.0
18,36,-23.0,-107.0,0.0,-0.0
18,37,-23.0,-105.0,0.0,-0.0
18,38,-23.0,-103.0,0.0,-0.0
18,39,-23.0,-101.0,0.0,-0.0
18,40,-23.0,-99.0,0.0,-0.0
18,41,-23.0,-97.0,0.0,-0.0
18,42,-23.0,-95.0,0.0,-0.0
18,43,-23.0,-93.0,0.0,-0.0
18,44,-23.0,-91.0,0.0,-0.0
18,45,-23.0,-89.0,0.0,-0.0
18,46,-23.0,-87.0,0.0,-0.0
18,47,-23.0,-85.0,0.0,-0.0
18,48,-23.0,-83.0,0.0,-0.0
18,49,-23.0,-81.0,0.0,-0.0
18,50,-23.0,-79.0,0.0,-0.0
18,51,-23.0,-77.0,0.0,-0.0
18,52,-23.0,-75.0,0.0,-0.0
18,53,-23.0,-73.0,0.0,-0.0
18,54,-23.0,-71.0,0.0,-0.0
18,55,-23.0,-69.0,0.5091,0.71151484
18,56,-23.0,-67.0,0.5091,0.71151484
18,57,-23.0,-65.0,0.0,-0.0
18,58,-23.0,-63.0,0.0,-0.0
18,59,-23.0,-61.0,0.0,-0.0
18,60,-23.0,-59.0,0.0,-0.0
18,61,-23.0,-57.0,0.0,-0.0
18,62,-23.0,-55.0,0.0,-0.0
18,63,-23.0,-53.0,0.0,-0.0
18,64,-23.0,-51.0,0.0,-0.0
18,65,-23.0,-49.0,0.0,-0.0
18,66,-23.0,-47.0,0.0,-0.0
18,67,-23.0,-45.0,0.0,-0.0
18,68,-23.0,-43.0,0.0,-0.0
18,69,-23.0,-41.0,0.0,-0.0
18,70,-23.0,-39.0,0.0,-0.0
18,71,-23.0,-37.0,0.0,-0.0
18,72,-23.0,-35.0,0.0,-0.0
18,73,-23.0,-33.0,0.0,-0.0
18,74,-23.0,-31.0,0.0,-0.0
18,75,-23.0,-29.0,0.0,-0.0
18,76,-23.0,-27.0,0.0,-0.0
18,77,-23.0,-25.0,0.0,-0.0
18,78,-23.0,-23.0,0.0,-0.0
18,79,-23.0,-21.0,0.0,-0.0
18,80,-23.0,-19.0,0.0,-0.0
18,81,-23.0,-17.0,0.0,-0.0
18,82,-23.0,-15.0,0.0,-0.0
18,83,-23.0,-13.0,0.0,-0.0
18,84,-23.0,-11.0,0.0,-0.0
18,85,-23.0,-9.0,0.0,-0.0
18,86,-23.0,-7.0,0.0,-0.0
18,87,-23.0,-5.0,0.0,-0.0
18,88,-23.0,-3.0,0.0,-0.0
18,89,-23.0,-1.0,0.0,-0.0
18,90,-23.0,1.0,0.0,-0.0
18,91,-23.0,3.0,0.0,-0.0
18,92,-23.0,5.0,0.0,-0.0
18,93,-23.0,7.0,0.0,-0.0
18,94,-23.0,9.0,0.0,-0.0
18,95,-23.0,11.0,0.0,-0.0
18,96,-23.0,13.0,0.0,-0.0
18,97,-23.0,15.0,0.0,-0.0
18,98,-23.0,17.0,0.0,-0.0
18,99,-23.0,19.0,0.0,-0.0
18,100,-23.0,21.0,0.0,-0.0
18,101,-23.0,23.0,0.0,-0.0
18,102,-23.0,25.0,0.0,-0.0
18,103,-23.0,27.0,0.0,-0.0
18,104,-23.0,29.0,0.0,-0.0
18,105,-23.0,31.0,0.0,-0.0
18,106,-23.0,33.0,0.0,-0.0
18,107,-23.0,35.0,0.0,-0.0
18,108,-23.0,37.0,0.0,-0.0
18,109,-23.0,39.0,0.0,-0.0
18,110,-23.0,41.0,0.0,-0.0
18,111,-23.0,43.0,0.0,-0.0
18,112,-23.0,45.0,0.0,-0.0
18,113,-23.0,47.0,0.0,-0.0
18,114,-23.0,49.0,0.0,-0.0
18,115,-23.0,51.0,0.0,-0.0
18,116,-23.0,53.0,0.0,-0.0
18,117,-23.0,55.0,0.0,-0.0
18,118,-23.0,57.0,0.0,-0.0
18,119,-23.0,59.0,0.0,-0.0
18,120,-23.0,61.0,0.0,-0.0
18,121,-23.0,63.0,0.0,-0.0
18,122,-23.0,65.0,0.0,-0.0
18,123,-23.0,67.0,0.0,-0.0
18,124,-23.0,69.0,0.0,-0.0
18,125,-23.0,71.0,0.0,-0.0
18,126,-23.0,73.0,0.0,-0.0
18,127,-23.0,75.0,0.0,-0.0
18,128,-23.0,77.0,0.0,-0.0
18,129,-23.0,79.0,0.0,-0.0
18,130,-23.0,81.0,0.0,-0.0
18,131,-23.0,83.0,0.0,-0.0
18,132,-23.0,85.0,0.0,-0.0
18,133,-23.0,87.0,0.0,-0.0
18,134,-23.0,89.0,0.0,-0.0
18,135,-23.0,91.0,0.0,-0.0
18,136,-23.0,93.0,0.0,-0.0
18,137,-23.0,95.0,0.0,-0.0
18,138,-23.0,97.0,0.0,-0.0
18,139,-23.0,99.0,0.0,-0.0
18,140,-23.0,101.0,0.0,-0.0
18,141,-23.0,103.0,0.0,-0.0
18,142,-23.0,105.0,0.0,-0.0
18,143,-23.0,107.0,0.0,-0.0
18,144,-23.0,109.0,0.0,-0.0
18,145,-23.0,111.0,0.0,-0.0
18,146,-23.0,113.0,0.0,-0.0
18,147,-23.0,115.0,0.0,-0.0
18,148,-23.0,117.0,0.0,-0.0
18,149,-23.0,119.0,0.0,-0.0
18,150,-23.0,121.0,0.0,-0.0
18,151,-23.0,123.0,0.0,-0.0
18,152,-23.0,125.0,0.0,-0.0
18,153,-23.0,127.0,0.0,-0.0
18,154,-23.0,129.0,0.0,-0.0
18,155,-23.0,131.0,0.0,-0.0
18,156,-23.0,133.0,0.0,-0.0
18,157,-23.0,135.0,0.0,-0.0
18,158,-23.0,137.0,0.0,-0.0
18,159,-23.0,139.0,0.0,-0.0
18,160,-23.0,141.0,0.0,-0.0
18,161,-23.0,143.0,0.0,-0.0
18,162,-23.0,145.0,0.0,-0.0
18,163,-23.0,147.0,0.0,-0.0
18,164,-23.0,149.0,0.0,-0.0
18,165,-23.0,151.0,0.0,-0.0
18,166,-23.0,153.0,0.0,-0.0
18,167,-23.0,155.0,0.0,-0.0
18,168,-23.0,157.0,0.0,-0.0
18,169,-23.0,159.0,0.0,-0.0
18,170,-23.0,161.0,0.0,-0.0
18,171,-23.0,163.0,0.0,-0.0
18,172,-23.0,165.0,0.0,-0.0
18,173,-23.0,167.0,0.0,-0.0
18,174,-23.0,169.0,0.0,-0.0
18,175,-23.0,171.0,0.0356,0.03624913
18,176,-23.0,173.0,0.0,-0.0
18,177,-23.0,175.0,0.0,-0.0
18,178,-23.0,177.0,0.0,-0.0
18,179,-23.0,179.0,0.0,-0.0
19,0,-21.0,-179.0,0.5091,0.71151484
19,1,-21.0,-177.0,0.0,-0.0
19,2,-21.0,-175.0,0.0,-0.0
19,3,-21.0,-173.0,0.0,-0.0
19,4,-21.0,-171.0,0.0,-0.0
19,5,-21.0,-169.0,0.0,-0.0
19,6,-21.0,-167.0,0.0,-0.0
19,7,-21.0,-165.0,0.0,-0.0
19,8,-21.0,-163.0,0.0,-0.0
19,9,-21.0,-161.0,0.0,-0.0
19,10,-21.0,-159.0,0.0,-0.0
19,11,-21.0,-157.0,0.0,-0.0
19,12,-21.0,-155.0,0.0,-0.0
19,13,-21.0,-153.0,0.0,-0.0
19,14,-21.0,-151.0,0.0,-0.0
19,15,-21.0,-149.0,0.0,-0.0
19,16,-21.0,-147.0,0.0,-0.0
19,17,-21.0,-145.0,0.0,-0.0
19,18,-21.0,-143.0,0.0,-0.0
19,19,-21.0,-141.0,0.0,-0.0
19,20,-21.0,-139.0,0.0,-0.0
19,21,-21.0,-137.0,0.0,-0.0
19,22,-21.0,-135.0,0.0,-0.0
19,23,-21.0,-133.0,0.0,-0.0
19,24,-21.0,-131.0,0.0,-0.0
19,25,-21.0,-129.0,0.0,-0.0
19,26,-21.0,-127.0,0.0,-0.0
19,27,-21.0,-125.0,0.0,-0.0
19,28,-21.0,-123.0,0.0,-0.0
19,29,-21.0,-121.0,0.0,-0.0
19,30,-21.0,-119.0,0.0,-0.0
19,31,-21.0,-117.0,0.0,-0.0
19,32,-21.0,-115.0,0.0,-0.0
19,33,-21.0,-113.0,0.0,-0.0
19,34,-21.0,-111.0,0.0,-0.0
19,35,-21.0,-109.0,0.0,-0.0
19,36,-21.0,-107.0,0.0,-0.0
19,37,-21.0,-105.0,0.0,-0.0
19,38,-21.0,-103.0,0.0,-0.0
19,39,-21.0,-101.0,0.0,-0.0
19,40,-21.0,-99.0,0.0,-0.0
19,41,-21.0,-97.0,0.0,-0.0
19,42,-21.0,-95.0,0.0,-0.0
19,43,-21.0,-93.0,0.0,-0.0
19,44,-21.0,-91.0,0.0,-0.0
19,45,-21.0,-89.0,0.0,-0.0
19,46,-21.0,-87.0,0.0,-0.0
19,47,-21.0,-85.0,0.0,-0.0
19,48,-21.0,-83.0,0.0,-0.0
19,49,-21.0,-81.0,0.0,-0.0
19,50,-21.0,-79.0,0.0,-0.0
19,51,-21.0,-77.0,0.0,-0.0
19,52,-21.0,-75.0,0.0,-0.0
19,53,-21.0,-73.0,0.0,-0.0
19,54,-21.0,-71.0,0.0,-0.0
19,55,-21.0,-69.0,0.5091,0.71151484
19,56,-21.0,-67.0,0.0,-0.0
19,57,-21.0,-65.0,0.0,-0.0
19,58,-21.0,-63.0,0.0,-0.0
19,59,-21.0,-61.0,0.0,-0.0
19,60,-21.0,-59.0,0.0,-0.0
19,61,-21.0,-57.0,0.0,-0.0
19,62,-21.0,-55.0,0.0,-0.0
19,63,-21.0,-53.0,0.0,-0.0
19,64,-21.0,-51.0,0.0,-0.0
19,65,-21.0,-49.0,0.0,-0.0
19,66,-21.0,-47.0,0.0,-0.0
19,67,-21.0,-45.0,0.0,-0.0
19,68,-21.0,-43.0,0.0,-0.0
19,69,-21.0,-41.0,0.0,-0.0
19,70,-21.0,-39.0,0.0,-0.0
19,71,-21.0,-37.0,0.0,-0.0
19,72,-21.0,-35.0,0.0,-0.0
19,73,-21.0,-33.0,0.0,-0.0
19,74,-21.0,-31.0,0.0,-0.0
19,75,-21.0,-29.0,0.0,-0.0
19,76,-21.0,-27.0,0.0,-0.0
19,77,-21.0,-25.0,0.0,-0.0
19,78,-21.0,-23.0,0.0,-0.0
19,79,-21.0,-21.0,0.0,-0.0
19,80,-21.0,-19.0,0.0,-0.0
19,81,-21.0,-17.0,0.0,-0.0
19,82,-21.0,-15.0,0.0,-0.0
19,83,-21.0,-13.0,0.0,-0.0
19,84,-21.0,-11.0,0.0,-0.0
19,85,-21.0,-9.0,0.0,-0.0
19,86,-21.0,-7.0,0.0,-0.0
19,87,-21.0,-5.0,0.0,-0.0
19,88,-21.0,-3.0,0.0,-0.0
19,89,-21.0,-1.0,0.0,-0.0
19,90,-21.0,1.0,0.0,-0.0
19,91,-21.0,3.0,0.0,-0.0
19,92,-21.0,5.0,0.0,-0.0
19,93,-21.0,7.0,0.0,-0.0
19,94,-21.0,9.0,0.0,-0.0
19,95,-21.0,11.0,0.0,-0.0
19,96,-21.0,13.0,0.0,-0.0
19,97,-21.0,15.0,0.0,-0.0
19,98,-21.0,17.0,0.0,-0.0
19,99,-21.0,19.0,0.0,-0.0
19,100,-21.0,21.0,0.0,-0.0
19,101,-21.0,23.0,0.0,-0.0
19,102,-21.0,25.0,0.0,-0.0
19,103,-21.0,27.0,0.0,-0.0
19,104,-21.0,29.0,0.0,-0.0
19,105,-21.0,31.0,0.0,-0.0
19,106,-21.0,33.0,0.0,-0.0
19,107,-21.0,35.0,0.0,-0.0
19,108,-21.0,37.0,0.0,-0.0
19,109,-21.0,39.0,0.0,-0.0
19,110,-21.0,41.0,0.0,-0.0
19,111,-21.0,43.0,0.0,-0.0
19,112,-21.0,45.0,0.0,-0.0
19,113,-21.0,47.0,0.0,-0.0
19,114,-21.0,49.0,0.0,-0.0
19,115,-21.0,51.0,0.0,-0.0
19,116,-21.0,53.0,0.0,-0.0
19,117,-21.0,55.0,0.0,-0.0
19,118,-21.0,57.0,0.0,-0.0
19,119,-21.0,59.0,0.0,-0.0
19,120,-21.0,61.0,0.0,-0.0
19,121,-21.0,63.0,0.0,-0.0
19,122,-21.0,65.0,0.0,-0.0
19,123,-21.0,67.0,0.0,-0.0
19,124,-21.0,69.0,0.0,-0.0
19,125,-21.0,71.0,0.0,-0.0
19,126,-21.0,73.0,0.0,-0.0
19,127,-21.0,75.0,0.0,-0.0
19,128,-21.0,77.0,0.0,-0.0
19,129,-21.0,79.0,0.0,-0.0
19,130,-21.0,81.0,0.0,-0.0
19,131,-21.0,83.0,0.0,-0.0
19,132,-21.0,85.0,0.0,-0.0
19,133,-21.0,87.0,0.0,-0.0
19,134,-21.0,89.0,0.0,-0.0
19,135,-21.0,91.0,0.0,-0.0
19,136,-21.0,93.0,0.0,-0.0
19,137,-21.0,95.0,0.0,-0.0
19,138,-21.0,97.0,0.0,-0.0
19,139,-21.0,99.0,0.0,-0.0
19,140,-21.0,101.0,0.0,-0.0
19,141,-21.0,103.0,0.0,-0.0
19,142,-21.0,105.0,0.0,-0.0
19,143,-21.0,107.0,0.0,-0.0
19,144,-21.0,109.0,0.0,-0.0
19,145,-21.0,111.0,0.0,-0.0
19,146,-21.0,113.0,0.0,-0.0
19,147,-21.0,115.0,0.0,-0.0
19,148,-21.0,117.0,0.0,-0.0
19,149,-21.0,119.0,0.0,-0.0
19,150,-21.0,121.0,0.0,-0.0
19,151,-21.0,123.0,0.0,-0.0
19,152,-21.0,125.0,0.0,-0.0
19,153,-21.0,127.0,0.0,-0.0
19,154,-21.0,129.0,0.0,-0.0
19,155,-21.0,131.0,0.0,-0.0
19,156,-21.0,133.0,0.0,-0.0
19,157,-21.0,135.0,0.0,-0.0
19,158,-21.0,137.0,0.0,-0.0
19,159,-21.0,139.0,0.0,-0.0
19,160,-21.0,141.0,0.0,-0.0
19,161,-21.0,143.0,0.0,-0.0
19,162,-21.0,145.0,0.0,-0.0
19,163,-21.0,147.0,0.0,-0.0
19,164,-21.0,149.0,0.0,-0.0
19,165,-21.0,151.0,0.0,-0.0
19,166,-21.0,153.0,0.0,-0.0
19,167,-21.0,155.0,0.0,-0.0
19,168,-21.0,157.0,0.0,-0.0
19,169,-21.0,159.0,0.0,-0.0
19,170,-21.0,161.0,0.0,-0.0
19,171,-21.0,163.0,0.0,-0.0
19,172,-21.0,165.0,0.0,-0.0
19,173,-21.0,167.0,0.0,-0.0
19,174,-21.0,169.0,0.0,-0.0
19,175,-21.0,171.0,0.0,-0.0
19,176,-21.0,173.0,0.0,-0.0
19,177,-21.0,175.0,0.0,-0.0
19,178,-21.0,177.0,0.0,-0.0
19,179,-21.0,179.0,0.0,-0.0
20,0,-19.0,-179.0,0.5091,0.71151484
20,1,-19.0,-177.0,0.0,-0.0
20,2,-19.0,-175.0,0.0,-0.0
20,3,-19.0,-173.0,0.0,-0.0
20,4,-19.0,-171.0,0.0,-0.0
20,5,-19.0,-169.0,0.0,-0.0
20,6,-19.0,-167.0,0.0,-0.0
20,7,-19.0,-165.0,0.0,-0.0
20,8,-19.0,-163.0,0.0,-0.0
20,9,-19.0,-161.0,0.0,-0.0
20,10,-19.0,-159.0,0.0,-0.0
20,11,-19.0,-157.0,0.0,-0.0
20,12,-19.0,-155.0,0.0,-0.0
20,13,-19.0,-153.0,0.0,-0.0
20,14,-19.0,-151.0,0.0,-0.0
20,15,-19.0,-149.0,0.0,-0.0
20,16,-19.0,-147.0,0.0,-0.0
20,17,-19.0,-145.0,0.0,-0.0
20,18,-19.0,-143.0,0.0,-0.0
20,19,-19.0,-141.0,0.0,-0.0
20,20,-19.0,-139.0,0.0,-0.0
20,21,-19.0,-137.0,0.0,-0.0
20,22,-19.0,-135.0,0.0,-0.0
20,23,-19.0,-133.0,0.0,-0.0
20,24,-19.0,-131.0,0.0,-0.0
20,25,-19.0,-129.0,0.0,-0.0
20,26,-19.0,-127.0,0.0,-0.0
20,27,-19.0,-125.0,0.0,-0.0
20,28,-19.0,-123.0,0.0,-0.0
20,29,-19.0,-121.0,0.0,-0.0
20,30,-19.0,-119.0,0.0,-0.0
20,31,-19.0,-117.0,0.0,-0.0
20,32,-19.0,-115.0,0.0,-0.0
20,33,-19.0,-113.0,0.0,-0.0
20,34,-19.0,-111.0,0.0,-0.0
20,35,-19.0,-109.0,0.0,-0.0
20,36,-19.0,-107.0,0.0,-0.0
20,37,-19.0,-105.0,0.0,-0.0
20,38,-19.0,-103.0,0.0,-0.0
20,39,-19.0,-101.0,0.0,-0.0
20,40,-19.0,-99.0,0.0,-0.0
20,41,-19.0,-97.0,0.0,-0.0
20,42,-19.0,-95.0,0.0,-0.0
20,43,-19.0,-93.0,0.0,-0.0
20,44,-19.0,-91.0,0.0,-0.0
20,45,-19.0,-89.0,0.0,-0.0
20,46,-19.0,-87.0,0.0,-0.0
20,47,-19.0,-85.0,0.0,-0.0
20,48,-19.0,-83.0,0.0,-0.0
20,49,-19.0,-81.0,0.0,-0.0
20,50,-19.0,-79.0,0.0,-0.0
20,51,-19.0,-77.0,0.0,-0.0
20,52,-19.0,-75.0,0.0,-0.0
20,53,-19.0,-73.0,0.0,-0.0
20,54,-19.0,-71.0,0.0,-0.0
20,55,-19.0,-69.0,0.0,-0.0
20,56,-19.0,-67.0,0.0,-0.0
20,57,-19.0,-65.0,0.0,-0.0
20,58,-19.0,-63.0,0.0,-0.0
20,59,-19.0,-61.0,0.0,-0.0
20,60,-19.0,-59.0,0.0,-0.0
20,61,-19.0,-57.0,0.0,-0.0
20,62,-19.0,-55.0,0.0,-0.0
20,63,-19.0,-53.0,0.0,-0.0
20,64,-19.0,-51.0,0.0,-0.0
20,65,-19.0,-49.0,0.0,-0.0
20,66,-19.0,-47.0,0.0,-0.0
20,67,-19.0,-45.0,0.0,-0.0
20,68,-19.0,-43.0,0.0,-0.0
20,69,-19.0,-41.0,0.0,-0.0
20,70,-19.0,-39.0,0.0,-0.0
20,71,-19.0,-37.0,0.0,-0.0
20,72,-19.0,-35.0,0.0,-0.0
20,73,-19.0,-33.0,0.0,-0.0
20,74,-19.0,-31.0,0.0,-0.0
20,75,-19.0,-29.0,0.0,-0.0
20,76,-19.0,-27.0,0.0,-0.0
20,77,-19.0,-25.0,0.0,-0.0
20,78,-19.0,-23.0,0.0,-0.0
20,79,-19.0,-21.0,0.0,-0.0
20,80,-19.0,-19.0,0.0,-0.0
20,81,-19.0,-17.0,0.0,-0.0
20,82,-19.0,-15.0,0.0,-0.0
20,83,-19.0,-13.0,0.0,-0.0
20,84,-19.0,-11.0,0.0,-0.0
20,85,-19.0,-9.0,0.0,-0.0
20,86,-19.0,-7.0,0.0,-0.0
20,87,-19.0,-5.0,0.0,-0.0
20,88,-19.0,-3.0,0.0,-0.0
20,89,-19.0,-1.0,0.0,-0.0
20,90,-19.0,1.0,0.0,-0.0
20,91,-19.0,3.0,0.0,-0.0
20,92,-19.0,5.0,0.0,-0.0
20,93,-19.0,7.0,0.0,-0.0
20,94,-19.0,9.0,0.0,-0.0
20,95,-19.0,11.0,0.0,-0.0
20,96,-19.0,13.0,0.0,-0.0
20,97,-19.0,15.0,0.0,-0.0
20,98,-19.0,17.0,0.0,-0.0
20,99,-19.0,19.0,0.0,-0.0
20,100,-19.0,21.0,0.0,-0.0
20,101,-19.0,23.0,0.0,-0.0
20,102,-19.0,25.0,0.0,-0.0
20,103,-19.0,27.0,0.0,-0.0
20,104,-19.0,29.0,0.0,-0.0
20,105,-19.0,31.0,0.0,-0.0
20,106,-19.0,33.0,0.0,-0.0
20,107,-19.0,35.0,0.0,-0.0
20,108,-19.0,37.0,0.0,-0.0
20,109,-19.0,39.0,0.0,-0.0
20,110,-19.0,41.0,0.0,-0.0
20,111,-19.0,43.0,0.0,-0.0
20,112,-19.0,45.0,0.0,-0.0
20,113,-19.0,47.0,0.0,-0.0
20,114,-19.0,49.0,0.0,-0.0
20,115,-19.0,51.0,0.0,-0.0
20,116,-19.0,53.0,0.0,-0.0
20,117,-19.0,55.0,0.0,-0.0
20,118,-19.0,57.0,0.0,-0.0
20,119,-19.0,59.0,0.0,-0.0
20,120,-19.0,61.0,0.0,-0.0
20,121,-19.0,63.0,0.0,-0.0
20,122,-19.0,65.0,0.0,-0.0
20,123,-19.0,67.0,0.0,-0.0
20,124,-19.0,69.0,0.0,-0.0
20,125,-19.0,71.0,0.0,-0.0
20,126,-19.0,73.0,0.0,-0.0
20,127,-19.0,75.0,0.0,-0.0
20,128,-19.0,77.0,0.0,-0.0
20,129,-19.0,79.0,0.0,-0.0
20,130,-19.0,81.0,0.0,-0.0
20,131,-19.0,83.0,0.0,-0.0
20,132,-19.0,85.0,0.0,-0.0
20,133,-19.0,87.0,0.0,-0.0
20,134,-19.0,89.0,0.0,-0.0
20,135,-19.0,91.0,0.0,-0.0
20,136,-19.0,93.0,0.0,-0.0
20,137,-19.0,95.0,0.0,-0.0
20,138,-19.0,97.0,0.0,-0.0
20,139,-19.0,99.0,0.0,-0.0
20,140,-19.0,101.0,0.0,-0.0
20,141,-19.0,103.0,0.0,-0.0
20,142,-19.0,105.0,0.0,-0.0
20,143,-19.0,107.0,0.0,-0.0
20,144,-19.0,109.0,0.0,-0.0
20,145,-19.0,111.0,0.0,-0.0
20,146,-19.0,113.0,0.0,-0.0
20,147,-19.0,115.0,0.0,-0.0
20,148,-19.0,117.0,0.0,-0.0
20,149,-19.0,119.0,0.0,-0.0
20,150,-19.0,121.0,0.0,-0.0
20,151,-19.0,123.0,0.0,-0.0
20,152,-19.0,125.0,0.0,-0.0
20,153,-19.0,127.0,0.0,-0.0
20,154,-19.0,129.0,0.0,-0.0
20,155,-19.0,131.0,0.0,-0.0
20,156,-19.0,133.0,0.0,-0.0
20,157,-19.0,135.0,0.0,-0.0
20,158,-19.0,137.0,0.0,-0.0
20,159,-19.0,139.0,0.0,-0.0
20,160,-19.0,141.0,0.0,-0.0
20,161,-19.0,143.0,0.0,-0.0
20,162,-19.0,145.0,0.0,-0.0
20,163,-19.0,147.0,0.0,-0.0
20,164,-19.0,149.0,0.0,-0.0
20,165,-19.0,151.0,0.0,-0.0
20,166,-19.0,153.0,0.0,-0.0
20,167,-19.0,155.0,0.0,-0.0
20,168,-19.0,157.0,0.0,-0.0
20,169,-19.0,159.0,0.0,-0.0
20,170,-19.0,161.0,0.0,-0.0
20,171,-19.0,163.0,0.0,-0.0
20,172,-19.0,165.0,0.0,-0.0
20,173,-19.0,167.0,0.0,-0.0
20,174,-19.0,169.0,0.0,-0.0
20,175,-19.0,171.0,0.0,-0.0
20,176,-19.0,173.0,0.0,-0.0
20,177,-19.0,175.0,0.0,-0.0
20,178,-19.0,177.0,0.0,-0.0
20,179,-19.0,179.0,0.0,-0.0
21,0,-17.0,-179.0,0.0,-0.0
21,1,-17.0,-177.0,0.0,-0.0
21,2,-17.0,-175.0,0.0,-0.0
21,3,-17.0,-173.0,0.0,-0.0
21,4,-17.0,-171.0,0.0,-0.0
21,5,-17.0,-169.0,0.0,-0.0
21,6,-17.0,-167.0,0.0,-0.0
21,7,-17.0,-165.0,0.0,-0.0
21,8,-17.0,-163.0,0.0,-0.0
21,9,-17.0,-161.0,0.0,-0.0
21,10,-17.0,-159.0,0.0,-0.0
21,11,-17.0,-157.0,0.0,-0.0
21,12,-17.0,-155.0,0.0,-0.0
21,13,-17.0,-153.0,0.0,-0.0
21,14,-17.0,-151.0,0.0,-0.0
21,15,-17.0,-149.0,0.0,-0.0
21,16,-17.0,-147.0,0.0,-0.0
21,17,-17.0,-145.0,0.0,-0.0
21,18,-17.0,-143.0,0.0,-0.0
21,19,-17.0,-141.0,0.0,-0.0
21,20,-17.0,-139.0,0.0,-0.0
21,21,-17.0,-137.0,0.0,-0.0
21,22,-17.0,-135.0,0.0,-0.0
21,23,-17.0,-133.0,0.0,-0.0
21,24,-17.0,-131.0,0.0,-0.0
21,25,-17.0,-129.0,0.0,-0.0
21,26,-17.0,-127.0,0.0,-0.0
21,27,-17.0,-125.0,0.0,-0.0
21,28,-17.0,-123.0,0.0,-0.0
21,29,-17.0,-121.0,0.0,-0.0
21,30,-17.0,-119.0,0.0,-0.0
21,31,-17.0,-117.0,0.0,-0.0
21,32,-17.0,-115.0,0.0,-0.0
21,33,-17.0,-113.0,0.0,-0.0
21,34,-17.0,-111.0,0.0,-0.0
21,35,-17.0,-109.0,0.0,-0.0
21,36,-17.0,-107.0,0.0,-0.0
21,37,-17.0,-105.0,0.0,-0.0
21,38,-17.0,-103.0,0.0,-0.0
21,39,-17.0,-101.0,0.0,-0.0
21,40,-17.0,-99.0,0.0,-0.0
21,41,-17.0,-97.0,0.0,-0.0
21,42,-17.0,-95.0,0.0,-0.0
21,43,-17.0,-93.0,0.0,-0.0
21,44,-17.0,-91.0,0.0,-0.0
21,45,-17.0,-89.0,0.0,-0.0
21,46,-17.0,-87.0,0.0,-0.0
21,47,-17.0,-85.0,0.0,-0.0
21,48,-17.0,-83.0,0.0,-0.0
21,49,-17.0,-81.0,0.0,-0.0
21,50,-17.0,-79.0,0.0,-0.0
21,51,-17.0,-77.0,0.0,-0.0
21,52,-17.0,-75.0,0.0,-0.0
21,53,-17.0,-73.0,0.0,-0.0
21,54,-17.0,-71.0,0.0,-0.0
21,55,-17.0,-69.0,0.0,-0.0
21,56,-17.0,-67.0,0.0,-0.0
21,57,-17.0,-65.0,0.0,-0.0
21,58,-17.0,-63.0,0.0,-0.0
21,59,-17.0,-61.0,0.0,-0.0
21,60,-17.0,-59.0,0.0,-0.0
21,61,-17.0,-57.0,0.0,-0.0
21,62,-17.0,-55.0,0.0,-0.0
21,63,-17.0,-53.0,0.0,-0.0
21,64,-17.0,-51.0,0.0,-0.0
21,65,-17.0,-49.0,0.0,-0.0
21,66,-17.0,-47.0,0.0,-0.0
21,67,-17.0,-45.0,0.0,-0.0
21,68,-17.0,-43.0,0.0,-0.0
21,69,-17.0,-41.0,0.0,-0.0
21,70,-17.0,-39.0,0.0,-0.0
21,71,-17.0,-37.0,0.0,-0.0
21,72,-17.0,-35.0,0.0,-0.0
21,73,-17.0,-33.0,0.0,-0.0
21,74,-17.0,-31.0,0.0,-0.0
21,75,-17.0,-29.0,0.0,-0.0
21,76,-17.0,-27.0,0.0,-0.0
21,77,-17.0,-25.0,0.0,-0.0
21,78,-17.0,-23.0,0.0,-0.0
21,79,-17.0,-21.0,0.0,-0.0
21,80,-17.0,-19.0,0.0,-0.0
21,81,-17.0,-17.0,0.0,-0.0
21,82,-17.0,-15.0,0.0,-0.0
21,83,-17.0,-13.0,0.0,-0.0
21,84,-17.0,-11.0,0.0,-0.0
21,85,-17.0,-9.0,0.0,-0.0
21,86,-17.0,-7.0,0.0,-0.0
21,87,-17.0,-5.0,0.0,-0.0
21,88,-17.0,-3.0,0.0,-0.0
21,89,-17.0,-1.0,0.0,-0.0
21,90,-17.0,1.0,0.0,-0.0
21,91,-17.0,3.0,0.0,-0.0
21,92,-17.0,5.0,0.0,-0.0
21,93,-17.0,7.0,0.0,-0.0
21,94,-17.0,9.0,0.0,-0.0
21,95,-17.0,11.0,0.0,-0.0
21,96,-17.0,13.0,0.0,-0.0
21,97,-17.0,15.0,0.0,-0.0
21,98,-17.0,17.0,0.0,-0.0
21,99,-17.0,19.0,0.0,-0.0
21,100,-17.0,21.0,0.0,-0.0
21,101,-17.0,23.0,0.0,-0.0
21,102,-17.0,25.0,0.0,-0.0
21,103,-17.0,27.0,0.0,-0.0
21,104,-17.0,29.0,0.0,-0.0
21,105,-17.0,31.0,0.0,-0.0
21,106,-17.0,33.0,0.0,-0.0
21,107,-17.0,35.0,0.0,-0.0
21,108,-17.0,37.0,0.0,-0.0
21,109,-17.0,39.0,0.0,-0.0
21,110,-17.0,41.0,0.0,-0.0
21,111,-17.0,43.0,0.0,-0.0
21,112,-17.0,45.0,0.0,-0.0
21,113,-17.0,47.0,0.0,-0.0
21,114,-17.0,49.0,0.0,-0.0
21,115,-17.0,51.0,0.0,-0.0
21,116,-17.0,53.0,0.0,-0.0
21,117,-17.0,55.0,0.0,-0.0
21,118,-17.0,57.0,0.0,-0.0
21,119,-17.0,59.0,0.0,-0.0
21,120,-17.0,61.0,0.0,-0.0
21,121,-17.0,63.0,0.0,-0.0
21,122,-17.0,65.0,0.0,-0.0
21,123,-17.0,67.0,0.0,-0.0
21,124,-17.0,69.0,0.0,-0.0
21,125,-17.0,71.0,0.0,-0.0
21,126,-17.0,73.0,0.0,-0.0
21,127,-17.0,75.0,0.0,-0.0
21,128,-17.0,77.0,0.0,-0.0
21,129,-17.0,79.0,0.0,-0.0
21,130,-17.0,81.0,0.0,-0.0
21,131,-17.0,83.0,0.0,-0.0
21,132,-17.0,85.0,0.0,-0.0
21,133,-17.0,87.0,0.0,-0.0
21,134,-17.0,89.0,0.0,-0.0
21,135,-17.0,91.0,0.0,-0.0
21,136,-17.0,93.0,0.0,-0.0
21,137,-17.0,95.0,0.0,-0.0
21,138,-17.0,97.0,0.0,-0.0
21,139,-17.0,99.0,0.0,-0.0
21,140,-17.0,101.0,0.0,-0.0
21,141,-17.0,103.0,0.0,-0.0
21,142,-17.0,105.0,0.0,-0.0
21,143,-17.0,107.0,0.0,-0.0
21,144,-17.0,109.0,0.0,-0.0
21,145,-17.0,111.0,0.0,-0.0
21,146,-17.0,113.0,0.0,-0.0
21,147,-17.0,115.0,0.0,-0.0
21,148,-17.0,117.0,0.0,-0.0
21,149,-17.0,119.0,0.0,-0.0
21,150,-17.0,121.0,0.0,-0.0
21,151,-17.0,123.0,0.0,-0.0
21,152,-17.0,125.0,0.0,-0.0
21,153,-17.0,127.0,0.0,-0.0
21,154,-17.0,129.0,0.0,-0.0
21,155,-17.0,131.0,0.0,-0.0
21,156,-17.0,133.0,0.0,-0.0
21,157,-17.0,135.0,0.0,-0.0
21,158,-17.0,137.0,0.0,-0.0
21,159,-17.0,139.0,0.0,-0.0
21,160,-17.0,141.0,0.0,-0.0
21,161,-17.0,143.0,0.0,-0.0
21,162,-17.0,145.0,0.0,-0.0
21,163,-17.0,147.0,0.0,-0.0
21,164,-17.0,149.0,0.0,-0.0
21,165,-17.0,151.0,0.0,-0.0
21,166,-17.0,153.0,0.0,-0.0
21,167,-17.0,155.0,0.0,-0.0
21,168,-17.0,157.0,0.0,-0.0
21,169,-17.0,159.0,0.0,-0.0
21,170,-17.0,161.0,0.0,-0.0
21,171,-17.0,163.0,0.0,-0.0
21,172,-17.0,165.0,0.0,-0.0
21,173,-17.0,167.0,0.0,-0.0
21,174,-17.0,169.0,0.0,-0.0
21,175,-17.0,171.0,0.0,-0.0
21,176,-17.0,173.0,0.0,-0.0
21,177,-17.0,175.0,0.0,-0.0
21,178,-17.0,177.0,0.0,-0.0
21,179,-17.0,179.0,0.0,-0.0
22,0,-15.0,-179.0,0.0,-0.0
22,1,-15.0,-177.0,0.0,-0.0
22,2,-15.0,-175.0,0.0,-0.0
22,3,-15.0,-173.0,0.5091,0.71151484
22,4,-15.0,-171.0,0.0,-0.0
22,5,-15.0,-169.0,0.0,-0.0
22,6,-15.0,-167.0,0.0,-0.0
22,7,-15.0,-165.0,0.0,-0.0
22,8,-15.0,-163.0,0.0,-0.0
22,9,-15.0,-161.0,0.0,-0.0
22,10,-15.0,-159.0,0.0,-0.0
22,11,-15.0,-157.0,0.0,-0.0
22,12,-15.0,-155.0,0.0,-0.0
22,13,-15.0,-153.0,0.0,-0.0
22,14,-15.0,-151.0,0.0,-0.0
22,15,-15.0,-149.0,0.0,-0.0
22,16,-15.0,-147.0,0.0,-0.0
22,17,-15.0,-145.0,0.0,-0.0
22,18,-15.0,-143.0,0.0,-0.0
22,19,-15.0,-141.0,0.0,-0.0
22,20,-15.0,-139.0,0.0,-0.0
22,21,-15.0,-137.0,0.0,-0.0
22,22,-15.0,-135.0,0.0,-0.0
22,23,-15.0,-133.0,0.0,-0.0
22,24,-15.0,-131.0,0.0,-0.0
22,25,-15.0,-129.0,0.0,-0.0
22,26,-15.0,-127.0,0.0,-0.0
22,27,-15.0,-125.0,0.0,-0.0
22,28,-15.0,-123.0,0.0,-0.0
22,29,-15.0,-121.0,0.0,-0.0
22,30,-15.0,-119.0,0.0,-0.0
22,31,-15.0,-117.0,0.0,-0.0
22,32,-15.0,-115.0,0.0,-0.0
22,33,-15.0,-113.0,0.0,-0.0
22,34,-15.0,-111.0,0.0,-0.0
22,35,-15.0,-109.0,0.0,-0.0
22,36,-15.0,-107.0,0.0,-0.0
22,37,-15.0,-105.0,0.0,-0.0
22,38,-15.0,-103.0,0.0,-0.0
22,39,-15.0,-101.0,0.0,-0.0
22,40,-15.0,-99.0,0.0,-0.0
22,41,-15.0,-97.0,0.0,-0.0
22,42,-15.0,-95.0,0.0,-0.0
22,43,-15.0,-93.0,0.0,-0.0
22,44,-15.0,-91.0,0.0,-0.0
22,45,-15.0,-89.0,0.0,-0.0
22,46,-15.0,-87.0,0.0,-0.0
22,47,-15.0,-85.0,0.0,-0.0
22,48,-15.0,-83.0,0.0,-0.0
22,49,-15.0,-81.0,0.0,-0.0
22,50,-15.0,-79.0,0.0,-0.0
22,51,-15.0,-77.0,0.0,-0.0
22,52,-15.0,-75.0,0.0,-0.0
22,53,-15.0,-73.0,0.0,-0.0
22,54,-15.0,-71.0,0.0,-0.0
22,55,-15.0,-69.0,0.0,-0.0
22,56,-15.0,-67.0,0.0,-0.0
22,57,-15.0,-65.0,0.0,-0.0
22,58,-15.0,-63.0,0.0,-0.0
22,59,-15.0,-61.0,0.0,-0.0
22,60,-15.0,-59.0,0.0,-0.0
22,61,-15.0,-57.0,0.0,-0.0
22,62,-15.0,-55.0,0.0,-0.0
22,63,-15.0,-53.0,0.0,-0.0
22,64,-15.0,-51.0,0.0,-0.0
22,65,-15.0,-49.0,0.0,-0.0
22,66,-15.0,-47.0,0.0,-0.0
22,67,-15.0,-45.0,0.0,-0.0
22,68,-15.0,-43.0,0.0,-0.0
22,69,-15.0,-41.0,0.0,-0.0
22,70,-15.0,-39.0,0.0,-0.0
22,71,-15.0,-37.0,0.0,-0.0
22,72,-15.0,-35.0,0.0,-0.0
22,73,-15.0,-33.0,0.0,-0.0
22,74,-15.0,-31.0,0.0,-0.0
22,75,-15.0,-29.0,0.0,-0.0
22,76,-15.0,-27.0,0.0,-0.0
22,77,-15.0,-25.0,0.0,-0.0
22,78,-15.0,-23.0,0.0,-0.0
22,79,-15.0,-21.0,0.0,-0.0
22,80,-15.0,-19.0,0.0,-0.0
22,81,-15.0,-17.0,0.0,-0.0
22,82,-15.0,-15.0,0.0,-0.0
22,83,-15.0,-13.0,0.0,-0.0
22,84,-15.0,-11.0,0.0,-0.0
22,85,-15.0,-9.0,0.0,-0.0
22,86,-15.0,-7.0,0.0,-0.0
22,87,-15.0,-5.0,0.0,-0.0
22,88,-15.0,-3.0,0.0,-0.0
22,89,-15.0,-1.0,0.0,-0.0
22,90,-15.0,1.0,0.0,-0.0
22,91,-15.0,3.0,0.0,-0.0
22,92,-15.0,5.0,0.0,-0.0
22,93,-15.0,7.0,0.0,-0.0
22,94,-15.0,9.0,0.0,-0.0
22,95,-15.0,11.0,0.0,-0.0
22,96,-15.0,13.0,0.0,-0.0
22,97,-15.0,15.0,0.0,-0.0
22,98,-15.0,17.0,0.0,-0.0
22,99,-15.0,19.0,0.0,-0.0
22,100,-15.0,21.0,0.0,-0.0
22,101,-15.0,23.0,0.0,-0.0
22,102,-15.0,25.0,0.0,-0.0
22,103,-15.0,27.0,0.0,-0.0
22,104,-15.0,29.0,0.0,-0.0
22,105,-15.0,31.0,0.0,-0.0
22,106,-15.0,33.0,0.0,-0.0
22,107,-15.0,35.0,0.0,-0.0
22,108,-15.0,37.0,0.0,-0.0
22,109,-15.0,39.0,0.0,-0.0
22,110,-15.0,41.0,0.0,-0.0
22,111,-15.0,43.0,0.0,-0.0
22,112,-15.0,45.0,0.0,-0.0
22,113,-15.0,47.0,0.0,-0.0
22,114,-15.0,49.0,0.0,-0.0
22,115,-15.0,51.0,0.0,-0.0
22,116,-15.0,53.0,0.0,-0.0
22,117,-15.0,55.0,0.0,-0.0
22,118,-15.0,57.0,0.0,-0.0
22,119,-15.0,59.0,0.0,-0.0
22,120,-15.0,61.0,0.0,-0.0
22,121,-15.0,63.0,0.0,-0.0
22,122,-15.0,65.0,0.0,-0.0
22,123,-15.0,67.0,0.0,-0.0
22,124,-15.0,69.0,0.0,-0.0
22,125,-15.0,71.0,0.0,-0.0
22,126,-15.0,73.0,0.0,-0.0
22,127,-15.0,75.0,0.0,-0.0
22,128,-15.0,77.0,0.0,-0.0
22,129,-15.0,79.0,0.0,-0.0
22,130,-15.0,81.0,0.0,-0.0
22,131,-15.0,83.0,0.0,-0.0
22,132,-15.0,85.0,0.0,-0.0
22,133,-15.0,87.0,0.0,-0.0
22,134,-15.0,89.0,0.0,-0.0
22,135,-15.0,91.0,0.0,-0.0
22,136,-15.0,93.0,0.0,-0.0
22,137,-15.0,95.0,0.0,-0.0
22,138,-15.0,97.0,0.0,-0.0
22,139,-15.0,99.0,0.0,-0.0
22,140,-15.0,101.0,0.0,-0.0
22,141,-15.0,103.0,0.0,-0.0
22,142,-15.0,105.0,0.0,-0.0
22,143,-15.0,107.0,0.0,-0.0
22,144,-15.0,109.0,0.0,-0.0
22,145,-15.0,111.0,0.0,-0.0
22,146,-15.0,113.0,0.0,-0.0
22,147,-15.0,115.0,0.0,-0.0
22,148,-15.0,117.0,0.0,-0.0
22,149,-15.0,119.0,0.0,-0.0
22,150,-15.0,121.0,0.0,-0.0
22,151,-15.0,123.0,0.0,-0.0
22,152,-15.0,125.0,0.0,-0.0
22,153,-15.0,127.0,0.0,-0.0
22,154,-15.0,129.0,0.0,-0.0
22,155,-15.0,131.0,0.0,-0.0
22,156,-15.0,133.0,0.0,-0.0
22,157,-15.0,135.0,0.0,-0.0
22,158,-15.0,137.0,0.0,-0.0
22,159,-15.0,139.0,0.0,-0.0
22,160,-15.0,141.0,0.0,-0.0
22,161,-15.0,143.0,0.0,-0.0
22,162,-15.0,145.0,0.0,-0.0
22,163,-15.0,147.0,0.0,-0.0
22,164,-15.0,149.0,0.0,-0.0
22,165,-15.0,151.0,0.0,-0.0
22,166,-15.0,153.0,0.0,-0.0
22,167,-15.0,155.0,0.0,-0.0
22,168,-15.0,157.0,0.0,-0.0
22,169,-15.0,159.0,0.0,-0.0
22,170,-15.0,161.0,0.0,-0.0
22,171,-15.0,163.0,0.0,-0.0
22,172,-15.0,165.0,0.0,-0.0
22,173,-15.0,167.0,0.5091,0.71151484
22,174,-15.0,169.0,0.0,-0.0
22,175,-15.0,171.0,0.0,-0.0
22,176,-15.0,173.0,0.0,-0.0
22,177,-15.0,175.0,0.0,-0.0
22,178,-15.0,177.0,0.0,-0.0
22,179,-15.0,179.0,0.0,-0.0
23,0,-13.0,-179.0,0.0,-0.0
23,1,-13.0,-177.0,0.0,-0.0
23,2,-13.0,-175.0,0.0,-0.0
23,3,-13.0,-173.0,0.0,-0.0
23,4,-13.0,-171.0,0.0,-0.0
23,5,-13.0,-169.0,0.0,-0.0
23,6,-13.0,-167.0,0.0,-0.0
23,7,-13.0,-165.0,0.0,-0.0
23,8,-13.0,-163.0,0.0,-0.0
23,9,-13.0,-161.0,0.0,-0.0
23,10,-13.0,-159.0,0.0,-0.0
23,11,-13.0,-157.0,0.0,-0.0
23,12,-13.0,-155.0,0.0,-0.0
23,13,-13.0,-153.0,0.0,-0.0
23,14,-13.0,-151.0,0.0,-0.0
23,15,-13.0,-149.0,0.0,-0.0
23,16,-13.0,-147.0,0.0,-0.0
23,17,-13.0,-145.0,0.0,-0.0
23,18,-13.0,-143.0,0.0,-0.0
23,19,-13.0,-141.0,0.0,-0.0
23,20,-13.0,-139.0,0.0,-0.0
23,21,-13.0,-137.0,0.0,-0.0
23,22,-13.0,-135.0,0.0,-0.0
23,23,-13.0,-133.0,0.0,-0.0
23,24,-13.0,-131.0,0.0,-0.0
23,25,-13.0,-129.0,0.0,-0.0
23,26,-13.0,-127.0,0.0,-0.0
23,27,-13.0,-125.0,0.0,-0.0
23,28,-13.0,-123.0,0.0,-0.0
23,29,-13.0,-121.0,0.0,-0.0
23,30,-13.0,-119.0,0.0,-0.0
23,31,-13.0,-117.0,0.0,-0.0
23,32,-13.0,-115.0,0.0,-0.0
23,33,-13.0,-113.0,0.0,-0.0
23,34,-13.0,-111.0,0.0,-0.0
23,35,-13.0,-109.0,0.0,-0.0
23,36,-13.0,-107.0,0.0,-0.0
23,37,-13.0,-105.0,0.0,-0.0
23,38,-13.0,-103.0,0.0,-0.0
23,39,-13.0,-101.0,0.0,-0.0
23,40,-13.0,-99.0,0.0,-0.0
23,41,-13.0,-97.0,0.0,-0.0
23,42,-13.0,-95.0,0.0,-0.0
23,43,-13.0,-93.0,0.0,-0.0
23,44,-13.0,-91.0,0.0,-0.0
23,45,-13.0,-89.0,0.0,-0.0
23,46,-13.0,-87.0,0.0,-0.0
23,47,-13.0,-85.0,0.0,-0.0
23,48,-13.0,-83.0,0.0,-0.0
23,49,-13.0,-81.0,0.0,-0.0
23,50,-13.0,-79.0,0.0,-0.0
23,51,-13.0,-77.0,0.0,-0.0
23,52,-13.0,-75.0,0.5091,0.71151484
23,53,-13.0,-73.0,0.0,-0.0
23,54,-13.0,-71.0,0.0,-0.0
23,55,-13.0,-69.0,0.0,-0.0
23,56,-13.0,-67.0,0.0,-0.0
23,57,-13.0,-65.0,0.0,-0.0
23,58,-13.0,-63.0,0.0,-0.0
23,59,-13.0,-61.0,0.0,-0.0
23,60,-13.0,-59.0,0.0,-0.0
23,61,-13.0,-57.0,0.0,-0.0
23,62,-13.0,-55.0,0.0,-0.0
23,63,-13.0,-53.0,0.0,-0.0
23,64,-13.0,-51.0,0.0,-0.0
23,65,-13.0,-49.0,0.0,-0.0
23,66,-13.0,-47.0,0.0,-0.0
23,67,-13.0,-45.0,0.0,-0.0
23,68,-13.0,-43.0,0.0,-0.0
23,69,-13.0,-41.0,0.0,-0.0
23,70,-13.0,-39.0,0.0,-0.0
23,71,-13.0,-37.0,0.0,-0.0
23,72,-13.0,-35.0,0.0,-0.0
23,73,-13.0,-33.0,0.0,-0.0
23,74,-13.0,-31.0,0.0,-0.0
23,75,-13.0,-29.0,0.0,-0.0
23,76,-13.0,-27.0,0.0,-0.0
23,77,-13.0,-25.0,0.0,-0.0
23,78,-13.0,-23.0,0.0,-0.0
23,79,-13.0,-21.0,0.0,-0.0
23,80,-13.0,-19.0,0.0,-0.0
23,81,-13.0,-17.0,0.0,-0.0
23,82,-13.0,-15.0,0.0356,0.03624913
23,83,-13.0,-13.0,0.0,-0.0
23,84,-13.0,-11.0,0.0,-0.0
23,85,-13.0,-9.0,0.0,-0.0
23,86,-13.0,-7.0,0.0,-0.0
23,87,-13.0,-5.0,0.0,-0.0
23,88,-13.0,-3.0,0.0,-0.0
23,89,-13.0,-1.0,0.0,-0.0
23,90,-13.0,1.0,0.0,-0.0
23,91,-13.0,3.0,0.0,-0.0
23,92,-13.0,5.0,0.0,-0.0
23,93,-13.0,7.0,0.0,-0.0
23,94,-13.0,9.0,0.0,-0.0
23,95,-13.0,11.0,0.0,-0.0
23,96,-13.0,13.0,0.0,-0.0
23,97,-13.0,15.0,0.0,-0.0
23,98,-13.0,17.0,0.0,-0.0
23,99,-13.0,19.0,0.0,-0.0
23,100,-13.0,21.0,0.0,-0.0
23,101,-13.0,23.0,0.0,-0.0
23,102,-13.0,25.0,0.0,-0.0
23,103,-13.0,27.0,0.0,-0.0
23,104,-13.0,29.0,0.0,-0.0
23,105,-13.0,31.0,0.0,-0.0
23,106,-13.0,33.0,0.0,-0.0
23,107,-13.0,35.0,0.0,-0.0
23,108,-13.0,37.0,0.0,-0.0
23,109,-13.0,39.0,0.0,-0.0
23,110,-13.0,41.0,0.0,-0.0
23,111,-13.0,43.0,0.0,-0.0
23,112,-13.0,45.0,0.0,-0.0
23,113,-13.0,47.0,0.0,-0.0
23,114,-13.0,49.0,0.0,-0.0
23,115,-13.0,51.0,0.0,-0.0
23,116,-13.0,53.0,0.0,-0.0
23,117,-13.0,55.0,0.0,-0.0
23,118,-13.0,57.0,0.0,-0.0
23,119,-13.0,59.0,0.0,-0.0
23,120,-13.0,61.0,0.0,-0.0
23,121,-13.0,63.0,0.0,-0.0
23,122,-13.0,65.0,0.0,-0.0
23,123,-13.0,67.0,0.0,-0.0
23,124,-13.0,69.0,0.0,-0.0
23,125,-13.0,71.0,0.0,-0.0
23,126,-13.0,73.0,0.0,-0.0
23,127,-13.0,75.0,0.0,-0.0
23,128,-13.0,77.0,0.0,-0.0
23,129,-13.0,79.0,0.0,-0.0
23,130,-13.0,81.0,0.0,-0.0
23,131,-13.0,83.0,0.0,-0.0
23,132,-13.0,85.0,0.0,-0.0
23,133,-13.0,87.0,0.0,-0.0
23,134,-13.0,89.0,0.0,-0.0
23,135,-13.0,91.0,0.0,-0.0
23,136,-13.0,93.0,0.0,-0.0
23,137,-13.0,95.0,0.0,-0.0
23,138,-13.0,97.0,0.0,-0.0
23,139,-13.0,99.0,0.0,-0.0
23,140,-13.0,101.0,0.0,-0.0
23,141,-13.0,103.0,0.0,-0.0
23,142,-13.0,105.0,0.0,-0.0
23,143,-13.0,107.0,0.0,-0.0
23,144,-13.0,109.0,0.0,-0.0
23,145,-13.0,111.0,0.0,-0.0
23,146,-13.0,113.0,0.0,-0.0
23,147,-13.0,115.0,0.0,-0.0
23,148,-13.0,117.0,0.0,-0.0
23,149,-13.0,119.0,0.0,-0.0
23,150,-13.0,121.0,0.0,-0.0
23,151,-13.0,123.0,0.0,-0.0
23,152,-13.0,125.0,0.0,-0.0
23,153,-13.0,127.0,0.0,-0.0
23,154,-13.0,129.0,0.0,-0.0
23,155,-13.0,131.0,0.0,-0.0
23,156,-13.0,133.0,0.0,-0.0
23,157,-13.0,135.0,0.0,-0.0
23,158,-13.0,137.0,0.0,-0.0
23,159,-13.0,139.0,0.0,-0.0
23,160,-13.0,141.0,0.0,-0.0
23,161,-13.0,143.0,0.0,-0.0
23,162,-13.0,145.0,0.0,-0.0
23,163,-13.0,147.0,0.0,-0.0
23,164,-13.0,149.0,0.0,-0.0
23,165,-13.0,151.0,0.0,-0.0
23,166,-13.0,153.0,0.0,-0.0
23,167,-13.0,155.0,0.0,-0.0
23,168,-13.0,157.0,0.0,-0.0
23,169,-13.0,159.0,0.0,-0.0
23,170,-13.0,161.0,0.0,-0.0
23,171,-13.0,163.0,0.0,-0.0
23,172,-13.0,165.0,0.0,-0.0
23,173,-13.0,167.0,0.0,-0.0
23,174,-13.0,169.0,0.0,-0.0
23,175,-13.0,171.0,0.0,-0.0
23,176,-13.0,173.0,0.0,-0.0
23,177,-13.0,175.0,0.0,-0.0
23,178,-13.0,177.0,0.0,-0.0
23,179,-13.0,179.0,0.0,-0.0
24,0,-11.0,-179.0,0.0,-0.0
24,1,-11.0,-177.0,0.0,-0.0
24,2,-11.0,-175.0,0.0,-0.0
24,3,-11.0,-173.0,0.0,-0.0
24,4,-11.0,-171.0,0.0,-0.0
24,5,-11.0,-169.0,0.0,-0.0
24,6,-11.0,-167.0,0.0,-0.0
24,7,-11.0,-165.0,0.0,-0.0
24,8,-11.0,-163.0,0.0,-0.0
24,9,-11.0,-161.0,0.0,-0.0
24,10,-11.0,-159.0,0.0,-0.0
24,11,-11.0,-157.0,0.0,-0.0
24,12,-11.0,-155.0,0.0,-0.0
24,13,-11.0,-153.0,0.0,-0.0
24,14,-11.0,-151.0,0.0,-0.0
24,15,-11.0,-149.0,0.0,-0.0
24,16,-11.0,-147.0,0.0,-0.0
24,17,-11.0,-145.0,0.0,-0.0
24,18,-11.0,-143.0,0.0,-0.0
24,19,-11.0,-141.0,0.0,-0.0
24,20,-11.0,-139.0,0.0,-0.0
24,21,-11.0,-137.0,0.0,-0.0
24,22,-11.0,-135.0,0.0,-0.0
24,23,-11.0,-133.0,0.0,-0.0
24,24,-11.0,-131.0,0.0,-0.0
24,25,-11.0,-129.0,0.0,-0.0
24,26,-11.0,-127.0,0.0,-0.0
24,27,-11.0,-125.0,0.0,-0.0
24,28,-11.0,-123.0,0.0,-0.0
24,29,-11.0,-121.0,0.0,-0.0
24,30,-11.0,-119.0,0.0,-0.0
24,31,-11.0,-117.0,0.0,-0.0
24,32,-11.0,-115.0,0.0,-0.0
24,33,-11.0,-113.0,0.0,-0.0
24,34,-11.0,-111.0,0.0,-0.0
24,35,-11.0,-109.0,0.0,-0.0
24,36,-11.0,-107.0,0.0,-0.0
24,37,-11.0,-105.0,0.0,-0.0
24,38,-11.0,-103.0,0.0,-0.0
24,39,-11.0,-101.0,0.0,-0.0
24,40,-11.0,-99.0,0.0,-0.0
24,41,-11.0,-97.0,0.0,-0.0
24,42,-11.0,-95.0,0.0,-0.0
24,43,-11.0,-93.0,0.0,-0.0
24,44,-11.0,-91.0,0.0,-0.0
24,45,-11.0,-89.0,0.0,-0.0
24,46,-11.0,-87.0,0.0,-0.0
24,47,-11.0,-85.0,0.0,-0.0
24,48,-11.0,-83.0,0.0,-0.0
24,49,-11.0,-81.0,0.0,-0.0
24,50,-11.0,-79.0,0.0,-0.0
24,51,-11.0,-77.0,0.0,-0.0
24,52,-11.0,-75.0,0.0,-0.0
24,53,-11.0,-73.0,0.0,-0.0
24,54,-11.0,-71.0,0.0,-0.0
24,55,-11.0,-69.0,0.0,-0.0
24,56,-11.0,-67.0,0.0,-0.0
24,57,-11.0,-65.0,0.0,-0.0
24,58,-11.0,-63.0,0.0,-0.0
24,59,-11.0,-61.0,0.0,-0.0
24,60,-11.0,-59.0,0.0,-0.0
24,61,-11.0,-57.0,0.0,-0.0
24,62,-11.0,-55.0,0.0,-0.0
24,63,-11.0,-53.0,0.0,-0.0
24,64,-11.0,-51.0,0.0,-0.0
24,65,-11.0,-49.0,0.0,-0.0
24,66,-11.0,-47.0,0.0,-0.0
24,67,-11.0,-45.0,0.0,-0.0
24,68,-11.0,-43.0,0.0,-0.0
24,69,-11.0,-41.0,0.0,-0.0
24,70,-11.0,-39.0,0.0,-0.0
24,71,-11.0,-37.0,0.0,-0.0
24,72,-11.0,-35.0,0.0,-0.0
24,73,-11.0,-33.0,0.0,-0.0
24,74,-11.0,-31.0,0.0,-0.0
24,75,-11.0,-29.0,0.0,-0.0
24,76,-11.0,-27.0,0.0,-0.0
24,77,-11.0,-25.0,0.0,-0.0
24,78,-11.0,-23.0,0.0,-0.0
24,79,-11.0,-21.0,0.0,-0.0
24,80,-11.0,-19.0,0.0,-0.0
24,81,-11.0,-17.0,0.0,-0.0
24,82,-11.0,-15.0,0.0,-0.0
24,83,-11.0,-13.0,0.0,-0.0
24,84,-11.0,-11.0,0.0,-0.0
24,85,-11.0,-9.0,0.0,-0.0
24,86,-11.0,-7.0,0.0,-0.0
24,87,-11.0,-5.0,0.0,-0.0
24,88,-11.0,-3.0,0.0,-0.0
24,89,-11.0,-1.0,0.0,-0.0
24,90,-11.0,1.0,0.0,-0.0
24,91,-11.0,3.0,0.0,-0.0
24,92,-11.0,5.0,0.0,-0.0
24,93,-11.0,7.0,0.0,-0.0
24,94,-11.0,9.0,0.0,-0.0
24,95,-11.0,11.0,0.0,-0.0
24,96,-11.0,13.0,0.0,-0.0
24,97,-11.0,15.0,0.0,-0.0
24,98,-11.0,17.0,0.0,-0.0
24,99,-11.0,19.0,0.0,-0.0
24,100,-11.0,21.0,0.0,-0.0
24,101,-11.0,23.0,0.0,-0.0
24,102,-11.0,25.0,0.0,-0.0
24,103,-11.0,27.0,0.0,-0.0
24,104,-11.0,29.0,0.0,-0.0
24,105,-11.0,31.0,0.0,-0.0
24,106,-11.0,33.0,0.0,-0.0
24,107,-11.0,35.0,0.0,-0.0
24,108,-11.0,37.0,0.0,-0.0
24,109,-11.0,39.0,0.0,-0.0
24,110,-11.0,41.0,0.0,-0.0
24,111,-11.0,43.0,0.0,-0.0
24,112,-11.0,45.0,0.0,-0.0
24,113,-11.0,47.0,0.0,-0.0
24,114,-11.0,49.0,0.0,-0.0
24,115,-11.0,51.0,0.0,-0.0
24,116,-11.0,53.0,0.0,-0.0
24,117,-11.0,55.0,0.0,-0.0
24,118,-11.0,57.0,0.0,-0.0
24,119,-11.0,59.0,0.0,-0.0
24,120,-11.0,61.0,0.0,-0.0
24,121,-11.0,63.0,0.0,-0.0
24,122,-11.0,65.0,0.0,-0.0
24,123,-11.0,67.0,0.0,-0.0
24,124,-11.0,69.0,0.0,-0.0
24,125,-11.0,71.0,0.0,-0.0
24,126,-11.0,73.0,0.0,-0.0
24,127,-11.0,75.0,0.0,-0.0
24,128,-11.0,77.0,0.0,-0.0
24,129,-11.0,79.0,0.0,-0.0
24,130,-11.0,81.0,0.0,-0.0
24,131,-11.0,83.0,0.0,-0.0
24,132,-11.0,85.0,0.0,-0.0
24,133,-11.0,87.0,0.0,-0.0
24,134,-11.0,89.0,0.0,-0.0
24,135,-11.0,91.0,0.0,-0.0
24,136,-11.0,93.0,0.0,-0.0
24,137,-11.0,95.0,0.0,-0.0
24,138,-11.0,97.0,0.0,-0.0
24,139,-11.0,99.0,0.0,-0.0
24,140,-11.0,101.0,0.0,-0.0
24,141,-11.0,103.0,0.0,-0.0
24,142,-11.0,105.0,0.0,-0.0
24,143,-11.0,107.0,0.0,-0.0
24,144,-11.0,109.0,0.0,-0.0
24,145,-11.0,111.0,0.0,-0.0
24,146,-11.0,113.0,0.0,-0.0
24,147,-11.0,115.0,0.0,-0.0
24,148,-11.0,117.0,0.0,-0.0
24,149,-11.0,119.0,0.0,-0.0
24,150,-11.0,121.0,0.0,-0.0
24,151,-11.0,123.0,0.0,-0.0
24,152,-11.0,125.0,0.0,-0.0
24,153,-11.0,127.0,0.0,-0.0
24,154,-11.0,129.0,0.0,-0.0
24,155,-11.0,131.0,0.0,-0.0
24,156,-11.0,133.0,0.0,-0.0
24,157,-11.0,135.0,0.0,-0.0
24,158,-11.0,137.0,0.0,-0.0
24,159,-11.0,139.0,0.0,-0.0
24,160,-11.0,141.0,0.0,-0.0
24,161,-11.0,143.0,0.0,-0.0
24,162,-11.0,145.0,0.0,-0.0
24,163,-11.0,147.0,0.0,-0.0
24,164,-11.0,149.0,0.0,-0.0
24,165,-11.0,151.0,0.0,-0.0
24,166,-11.0,153.0,0.0,-0.0
24,167,-11.0,155.0,0.0,-0.0
24,168,-11.0,157.0,0.0,-0.0
24,169,-11.0,159.0,0.0,-0.0
24,170,-11.0,161.0,0.0,-0.0
24,171,-11.0,163.0,0.0,-0.0
24,172,-11.0,165.0,0.0,-0.0
24,173,-11.0,167.0,0.0,-0.0
24,174,-11.0,169.0,0.0,-0.0
24,175,-11.0,171.0,0.0,-0.0
24,176,-11.0,173.0,0.0,-0.0
24,177,-11.0,175.0,0.0,-0.0
24,178,-11.0,177.0,0.0,-0.0
24,179,-11.0,179.0,0.0,-0.0
25,0,-9.0,-179.0,0.0,-0.0
25,1,-9.0,-177.0,0.0,-0.0
25,2,-9.0,-175.0,0.0,-0.0
25,3,-9.0,-173.0,0.0,-0.0
25,4,-9.0,-171.0,0.0,-0.0
25,5,-9.0,-169.0,0.0,-0.0
25,6,-9.0,-167.0,0.0,-0.0
25,7,-9.0,-165.0,0.0,-0.0
25,8,-9.0,-163.0,0.0,-0.0
25,9,-9.0,-161.0,0.0,-0.0
25,10,-9.0,-159.0,0.0,-0.0
25,11,-9.0,-157.0,0.0,-0.0
25,12,-9.0,-155.0,0.0,-0.0
25,13,-9.0,-153.0,0.0,-0.0
25,14,-9.0,-151.0,0.0,-0.0
25,15,-9.0,-149.0,0.0,-0.0
25,16,-9.0,-147.0,0.0,-0.0
25,17,-9.0,-145.0,0.0,-0.0
25,18,-9.0,-143.0,0.0,-0.0
25,19,-9.0,-141.0,0.0,-0.0
25,20,-9.0,-139.0,0.0,-0.0
25,21,-9.0,-137.0,0.0,-0.0
25,22,-9.0,-135.0,0.0,-0.0
25,23,-9.0,-133.0,0.0,-0.0
25,24,-9.0,-131.0,0.0,-0.0
25,25,-9.0,-129.0,0.0,-0.0
25,26,-9.0,-127.0,0.0,-0.0
25,27,-9.0,-125.0,0.0,-0.0
25,28,-9.0,-123.0,0.0,-0.0
25,29,-9.0,-121.0,0.0,-0.0
25,30,-9.0,-119.0,0.0,-0.0
25,31,-9.0,-117.0,0.0,-0.0
25,32,-9.0,-115.0,0.0,-0.0
25,33,-9.0,-113.0,0.0,-0.0
25,34,-9.0,-111.0,0.0,-0.0
25,35,-9.0,-109.0,0.0,-0.0
25,36,-9.0,-107.0,0.0,-0.0
25,37,-9.0,-105.0,0.0,-0.0
25,38,-9.0,-103.0,0.0,-0.0
25,39,-9.0,-101.0,0.0,-0.0
25,40,-9.0,-99.0,0.0,-0.0
25,41,-9.0,-97.0,0.0,-0.0
25,42,-9.0,-95.0,0.0,-0.0
25,43,-9.0,-93.0,0.0,-0.0
25,44,-9.0,-91.0,0.0,-0.0
25,45,-9.0,-89.0,0.0,-0.0
25,46,-9.0,-87.0,0.0,-0.0
25,47,-9.0,-85.0,0.0,-0.0
25,48,-9.0,-83.0,0.0,-0.0
25,49,-9.0,-81.0,0.0,-0.0
25,50,-9.0,-79.0,0.0,-0.0
25,51,-9.0,-77.0,0.0,-0.0
25,52,-9.0,-75.0,0.0,-0.0
25,53,-9.0,-73.0,0.0,-0.0
25,54,-9.0,-71.0,0.0,-0.0
25,55,-9.0,-69.0,0.0,-0.0
25,56,-9.0,-67.0,0.0,-0.0
25,57,-9.0,-65.0,0.0,-0.0
25,58,-9.0,-63.0,0.0,-0.0
25,59,-9.0,-61.0,0.0,-0.0
25,60,-9.0,-59.0,0.0,-0.0
25,61,-9.0,-57.0,0.0,-0.0
25,62,-9.0,-55.0,0.0,-0.0
25,63,-9.0,-53.0,0.0,-0.0
25,64,-9.0,-51.0,0.0,-0.0
25,65,-9.0,-49.0,0.0,-0.0
25,66,-9.0,-47.0,0.0,-0.0
25,67,-9.0,-45.0,0.0,-0.0
25,68,-9.0,-43.0,0.0,-0.0
25,69,-9.0,-41.0,0.0,-0.0
25,70,-9.0,-39.0,0.0,-0.0
25,71,-9.0,-37.0,0.0,-0.0
25,72,-9.0,-35.0,0.0,-0.0
25,73,-9.0,-33.0,0.0,-0.0
25,74,-9.0,-31.0,0.0,-0.0
25,75,-9.0,-29.0,0.0,-0.0
25,76,-9.0,-27.0,0.0,-0.0
25,77,-9.0,-25.0,0.0,-0.0
25,78,-9.0,-23.0,0.0,-0.0
25,79,-9.0,-21.0,0.0,-0.0
25,80,-9.0,-19.0,0.0,-0.0
25,81,-9.0,-17.0,0.0,-0.0
25,82,-9.0,-15.0,0.0,-0.0
25,83,-9.0,-13.0,0.0,-0.0
25,84,-9.0,-11.0,0.0,-0.0
25,85,-9.0,-9.0,0.0,-0.0
25,86,-9.0,-7.0,0.0,-0.0
25,87,-9.0,-5.0,0.0,-0.0
25,88,-9.0,-3.0,0.0,-0.0
25,89,-9.0,-1.0,0.0,-0.0
25,90,-9.0,1.0,0.0,-0.0
25,91,-9.0,3.0,0.0,-0.0
25,92,-9.0,5.0,0.0,-0.0
25,93,-9.0,7.0,0.0,-0.0
25,94,-9.0,9.0,0.0,-0.0
25,95,-9.0,11.0,0.0,-0.0
25,96,-9.0,13.0,0.0,-0.0
25,97,-9.0,15.0,0.0,-0.0
25,98,-9.0,17.0,0.0,-0.0
25,99,-9.0,19.0,0.0,-0.0
25,100,-9.0,21.0,0.0,-0.0
25,101,-9.0,23.0,0.0,-0.0
25,102,-9.0,25.0,0.0,-0.0
25,103,-9.0,27.0,0.0,-0.0
25,104,-9.0,29.0,0.0,-0.0
25,105,-9.0,31.0,0.0,-0.0
25,106,-9.0,33.0,0.0,-0.0
25,107,-9.0,35.0,0.0,-0.0
25,108,-9.0,37.0,0.0,-0.0
25,109,-9.0,39.0,0.0,-0.0
25,110,-9.0,41.0,0.0,-0.0
25,111,-9.0,43.0,0.0,-0.0
25,112,-9.0,45.0,0.0,-0.0
25,113,-9.0,47.0,0.0,-0.0
25,114,-9.0,49.0,0.0,-0.0
25,115,-9.0,51.0,0.0,-0.0
25,116,-9.0,53.0,0.0,-0.0
25,117,-9.0,55.0,0.0,-0.0
25,118,-9.0,57.0,0.0,-0.0
25,119,-9.0,59.0,0.0,-0.0
25,120,-9.0,61.0,0.0,-0.0
25,121,-9.0,63.0,0.0,-0.0
25,122,-9.0,65.0,0.0,-0.0
25,123,-9.0,67.0,0.0,-0.0
25,124,-9.0,69.0,0.0,-0.0
25,125,-9.0,71.0,0.0,-0.0
25,126,-9.0,73.0,0.0,-0.0
25,127,-9.0,75.0,0.0,-0.0
25,128,-9.0,77.0,0.0,-0.0
25,129,-9.0,79.0,0.0,-0.0
25,130,-9.0,81.0,0.0,-0.0
25,131,-9.0,83.0,0.0,-0.0
25,132,-9.0,85.0,0.0,-0.0
25,133,-9.0,87.0,0.0,-0.0
25,134,-9.0,89.0,0.0,-0.0
25,135,-9.0,91.0,0.0,-0.0
25,136,-9.0,93.0,0.0,-0.0
25,137,-9.0,95.0,0.0,-0.0
25,138,-9.0,97.0,0.0,-0.0
25,139,-9.0,99.0,0.0,-0.0
25,140,-9.0,101.0,0.0,-0.0
25,141,-9.0,103.0,0.0,-0.0
25,142,-9.0,105.0,0.0,-0.0
25,143,-9.0,107.0,0.0,-0.0
25,144,-9.0,109.0,0.0,-0.0
25,145,-9.0,111.0,0.0,-0.0
25,146,-9.0,113.0,0.0,-0.0
25,147,-9.0,115.0,0.0,-0.0
25,148,-9.0,117.0,0.0,-0.0
25,149,-9.0,119.0,0.0,-0.0
25,150,-9.0,121.0,0.0,-0.0
25,151,-9.0,123.0,0.0,-0.0
25,152,-9.0,125.0,0.0,-0.0
25,153,-9.0,127.0,0.0,-0.0
25,154,-9.0,129.0,0.0,-0.0
25,155,-9.0,131.0,0.0,-0.0
25,156,-9.0,133.0,0.0,-0.0
25,157,-9.0,135.0,0.0,-0.0
25,158,-9.0,137.0,0.0,-0.0
25,159,-9.0,139.0,0.0,-0.0
25,160,-9.0,141.0,0.0,-0.0
25,161,-9.0,143.0,0.0,-0.0
25,162,-9.0,145.0,0.0,-0.0
25,163,-9.0,147.0,0.0,-0.0
25,164,-9.0,149.0,0.0,-0.0
25,165,-9.0,151.0,0.0,-0.0
25,166,-9.0,153.0,0.0,-0.0
25,167,-9.0,155.0,0.0,-0.0
25,168,-9.0,157.0,0.0,-0.0
25,169,-9.0,159.0,0.0,-0.0
25,170,-9.0,161.0,0.0,-0.0
25,171,-9.0,163.0,0.0,-0.0
25,172,-9.0,165.0,0.0,-0.0
25,173,-9.0,167.0,0.0,-0.0
25,174,-9.0,169.0,0.0,-0.0
25,175,-9.0,171.0,0.0,-0.0
25,176,-9.0,173.0,0.0,-0.0
25,177,-9.0,175.0,0.0,-0.0
25,178,-9.0,177.0,0.0,-0.0
25,179,-9.0,179.0,0.0,-0.0
26,0,-7.0,-179.0,0.0,-0.0
26,1,-7.0,-177.0,0.0,-0.0
26,2,-7.0,-175.0,0.0,-0.0
26,3,-7.0,-173.0,0.0,-0.0
26,4,-7.0,-171.0,0.0,-0.0
26,5,-7.0,-169.0,0.0,-0.0
26,6,-7.0,-167.0,0.0,-0.0
26,7,-7.0,-165.0,0.0,-0.0
26,8,-7.0,-163.0,0.0,-0.0
26,9,-7.0,-161.0,0.0,-0.0
26,10,-7.0,-159.0,0.0,-0.0
26,11,-7.0,-157.0,0.0,-0.0
26,12,-7.0,-155.0,0.0,-0.0
26,13,-7.0,-153.0,0.0,-0.0
26,14,-7.0,-151.0,0.0,-0.0
26,15,-7.0,-149.0,0.0,-0.0
26,16,-7.0,-147.0,0.0,-0.0
26,17,-7.0,-145.0,0.0,-0.0
26,18,-7.0,-143.0,0.0,-0.0
26,19,-7.0,-141.0,0.0,-0.0
26,20,-7.0,-139.0,0.0,-0.0
26,21,-7.0,-137.0,0.0,-0.0
26,22,-7.0,-135.0,0.0,-0.0
26,23,-7.0,-133.0,0.0,-0.0
26,24,-7.0,-131.0,0.0,-0.0
26,25,-7.0,-129.0,0.0,-0.0
26,26,-7.0,-127.0,0.0,-0.0
26,27,-7.0,-125.0,0.0,-0.0
26,28,-7.0,-123.0,0.0,-0.0
26,29,-7.0,-121.0,0.0,-0.0
26,30,-7.0,-119.0,0.0,-0.0
26,31,-7.0,-117.0,0.0,-0.0
26,32,-7.0,-115.0,0.0,-0.0
26,33,-7.0,-113.0,0.0,-0.0
26,34,-7.0,-111.0,0.0,-0.0
26,35,-7.0,-109.0,0.0,-0.0
26,36,-7.0,-107.0,0.0,-0.0
26,37,-7.0,-105.0,0.0,-0.0
26,38,-7.0,-103.0,0.0,-0.0
26,39,-7.0,-101.0,0.0,-0.0
26,40,-7.0,-99.0,0.0,-0.0
26,41,-7.0,-97.0,0.0,-0.0
26,42,-7.0,-95.0,0.0,-0.0
26,43,-7.0,-93.0,0.0,-0.0
26,44,-7.0,-91.0,0.0,-0.0
26,45,-7.0,-89.0,0.0,-0.0
26,46,-7.0,-87.0,0.0,-0.0
26,47,-7.0,-85.0,0.0,-0.0
26,48,-7.0,-83.0,0.0,-0.0
26,49,-7.0,-81.0,0.0,-0.0
26,50,-7.0,-79.0,0.0,-0.0
26,51,-7.0,-77.0,0.0,-0.0
26,52,-7.0,-75.0,0.0,-0.0
26,53,-7.0,-73.0,0.0,-0.0
26,54,-7.0,-71.0,0.0,-0.0
26,55,-7.0,-69.0,0.0,-0.0
26,56,-7.0,-67.0,0.0,-0.0
26,57,-7.0,-65.0,0.0,-0.0
26,58,-7.0,-63.0,0.0,-0.0
26,59,-7.0,-61.0,0.0,-0.0
26,60,-7.0,-59.0,0.0,-0.0
26,61,-7.0,-57.0,0.0,-0.0
26,62,-7.0,-55.0,0.0,-0.0
26,63,-7.0,-53.0,0.0,-0.0
26,64,-7.0,-51.0,0.0,-0.0
26,65,-7.0,-49.0,0.0,-0.0
26,66,-7.0,-47.0,0.0,-0.0
26,67,-7.0,-45.0,0.0,-0.0
26,68,-7.0,-43.0,0.0,-0.0
26,69,-7.0,-41.0,0.0,-0.0
26,70,-7.0,-39.0,0.0,-0.0
26,71,-7.0,-37.0,0.0,-0.0
26,72,-7.0,-35.0,0.0,-0.0
26,73,-7.0,-33.0,0.0,-0.0
26,74,-7.0,-31.0,0.0,-0.0
26,75,-7.0,-29.0,0.0,-0.0
26,76,-7.0,-27.0,0.0,-0.0
26,77,-7.0,-25.0,0.0,-0.0
26,78,-7.0,-23.0,0.0,-0.0
26,79,-7.0,-21.0,0.0,-0.0
26,80,-7.0,-19.0,0.0,-0.0
26,81,-7.0,-17.0,0.0,-0.0
26,82,-7.0,-15.0,0.0,-0.0
26,83,-7.0,-13.0,0.0,-0.0
26,84,-7.0,-11.0,0.0,-0.0
26,85,-7.0,-9.0,0.0,-0.0
26,86,-7.0,-7.0,0.0,-0.0
26,87,-7.0,-5.0,0.0,-0.0
26,88,-7.0,-3.0,0.0,-0.0
26,89,-7.0,-1.0,0.0,-0.0
26,90,-7.0,1.0,0.0,-0.0
26,91,-7.0,3.0,0.0,-0.0
26,92,-7.0,5.0,0.0,-0.0
26,93,-7.0,7.0,0.0,-0.0
26,94,-7.0,9.0,0.0,-0.0
26,95,-7.0,11.0,0.0,-0.0
26,96,-7.0,13.0,0.0,-0.0
26,97,-7.0,15.0,0.0,-0.0
26,98,-7.0,17.0,0.0,-0.0
26,99,-7.0,19.0,0.0,-0.0
26,100,-7.0,21.0,0.0,-0.0
26,101,-7.0,23.0,0.0,-0.0
26,102,-7.0,25.0,0.0,-0.0
26,103,-7.0,27.0,0.0,-0.0
26,104,-7.0,29.0,0.0,-0.0
26,105,-7.0,31.0,0.0,-0.0
26,106,-7.0,33.0,0.0,-0.0
26,107,-7.0,35.0,0.0,-0.0
26,108,-7.0,37.0,0.0,-0.0
26,109,-7.0,39.0,0.0,-0.0
26,110,-7.0,41.0,0.0,-0.0
26,111,-7.0,43.0,0.0,-0.0
26,112,-7.0,45.0,0.0,-0.0
26,113,-7.0,47.0,0.0,-0.0
26,114,-7.0,49.0,0.0,-0.0
26,115,-7.0,51.0,0.0,-0.0
26,116,-7.0,53.0,0.0,-0.0
26,117,-7.0,55.0,0.0,-0.0
26,118,-7.0,57.0,0.0,-0.0
26,119,-7.0,59.0,0.0,-0.0
26,120,-7.0,61.0,0.0,-0.0
26,121,-7.0,63.0,0.0,-0.0
26,122,-7.0,65.0,0.0,-0.0
26,123,-7.0,67.0,0.0,-0.0
26,124,-7.0,69.0,0.0,-0.0
26,125,-7.0,71.0,0.0,-0.0
26,126,-7.0,73.0,0.0,-0.0
26,127,-7.0,75.0,0.0,-0.0
26,128,-7.0,77.0,0.0,-0.0
26,129,-7.0,79.0,0.0,-0.0
26,130,-7.0,81.0,0.0,-0.0
26,131,-7.0,83.0,0.0,-0.0
26,132,-7.0,85.0,0.0,-0.0
26,133,-7.0,87.0,0.0,-0.0
26,134,-7.0,89.0,0.0,-0.0
26,135,-7.0,91.0,0.0,-0.0
26,136,-7.0,93.0,0.0,-0.0
26,137,-7.0,95.0,0.0,-0.0
26,138,-7.0,97.0,0.0,-0.0
26,139,-7.0,99.0,0.0,-0.0
26,140,-7.0,101.0,0.0,-0.0
26,141,-7.0,103.0,0.0,-0.0
26,142,-7.0,105.0,0.0,-0.0
26,143,-7.0,107.0,0.0,-0.0
26,144,-7.0,109.0,0.0,-0.0
26,145,-7.0,111.0,0.0,-0.0
26,146,-7.0,113.0,0.0,-0.0
26,147,-7.0,115.0,0.0,-0.0
26,148,-7.0,117.0,0.0,-0.0
26,149,-7.0,119.0,0.0,-0.0
26,150,-7.0,121.0,0.0,-0.0
26,151,-7.0,123.0,0.0,-0.0
26,152,-7.0,125.0,0.0,-0.0
26,153,-7.0,127.0,0.0,-0.0
26,154,-7.0,129.0,0.5091,0.71151484
26,155,-7.0,131.0,0.0,-0.0
26,156,-7.0,133.0,0.0,-0.0
26,157,-7.0,135.0,0.0,-0.0
26,158,-7.0,137.0,0.0,-0.0
26,159,-7.0,139.0,0.0,-0.0
26,160,-7.0,141.0,0.0,-0.0
26,161,-7.0,143.0,0.0,-0.0
26,162,-7.0,145.0,0.0,-0.0
26,163,-7.0,147.0,0.0,-0.0
26,164,-7.0,149.0,0.0,-0.0
26,165,-7.0,151.0,0.0,-0.0
26,166,-7.0,153.0,0.0,-0.0
26,167,-7.0,155.0,0.0,-0.0
26,168,-7.0,157.0,0.0,-0.0
26,169,-7.0,159.0,0.0,-0.0
26,170,-7.0,161.0,0.0,-0.0
26,171,-7.0,163.0,0.0,-0.0
26,172,-7.0,165.0,0.0,-0.0
26,173,-7.0,167.0,0.0,-0.0
26,174,-7.0,169.0,0.0,-0.0
26,175,-7.0,171.0,0.0,-0.0
26,176,-7.0,173.0,0.0,-0.0
26,177,-7.0,175.0,0.0,-0.0
26,178,-7.0,177.0,0.0,-0.0
26,179,-7.0,179.0,0.0,-0.0
27,0,-5.0,-179.0,0.0,-0.0
27,1,-5.0,-177.0,0.0,-0.0
27,2,-5.0,-175.0,0.0,-0.0
27,3,-5.0,-173.0,0.0,-0.0
27,4,-5.0,-171.0,0.0,-0.0
27,5,-5.0,-169.0,0.0,-0.0
27,6,-5.0,-167.0,0.0,-0.0
27,7,-5.0,-165.0,0.0,-0.0
27,8,-5.0,-163.0,0.0,-0.0
27,9,-5.0,-161.0,0.0,-0.0
27,10,-5.0,-159.0,0.0,-0.0
27,11,-5.0,-157.0,0.0,-0.0
27,12,-5.0,-155.0,0.0,-0.0
27,13,-5.0,-153.0,0.0,-0.0
27,14,-5.0,-151.0,0.0,-0.0
27,15,-5.0,-149.0,0.0,-0.0
27,16,-5.0,-147.0,0.0,-0.0
27,17,-5.0,-145.0,0.0,-0.0
27,18,-5.0,-143.0,0.0,-0.0
27,19,-5.0,-141.0,0.0,-0.0
27,20,-5.0,-139.0,0.0,-0.0
27,21,-5.0,-137.0,0.0,-0.0
27,22,-5.0,-135.0,0.0,-0.0
27,23,-5.0,-133.0,0.0,-0.0
27,24,-5.0,-131.0,0.0,-0.0
27,25,-5.0,-129.0,0.0,-0.0
27,26,-5.0,-127.0,0.0,-0.0
27,27,-5.0,-125.0,0.0,-0.0
27,28,-5.0,-123.0,0.0,-0.0
27,29,-5.0,-121.0,0.0,-0.0
27,30,-5.0,-119.0,0.0,-0.0
27,31,-5.0,-117.0,0.0,-0.0
27,32,-5.0,-115.0,0.0,-0.0
27,33,-5.0,-113.0,0.0,-0.0
27,34,-5.0,-111.0,0.0,-0.0
27,35,-5.0,-109.0,0.0,-0.0
27,36,-5.0,-107.0,0.0,-0.0
27,37,-5.0,-105.0,0.0,-0.0
27,38,-5.0,-103.0,0.0,-0.0
27,39,-5.0,-101.0,0.0,-0.0
27,40,-5.0,-99.0,0.0,-0.0
27,41,-5.0,-97.0,0.0,-0.0
27,42,-5.0,-95.0,0.0,-0.0
27,43,-5.0,-93.0,0.0,-0.0
27,44,-5.0,-91.0,0.0,-0.0
27,45,-5.0,-89.0,0.0,-0.0
27,46,-5.0,-87.0,0.0,-0.0
27,47,-5.0,-85.0,0.0,-0.0
27,48,-5.0,-83.0,0.0,-0.0
27,49,-5.0,-81.0,0.0,-0.0
27,50,-5.0,-79.0,0.0,-0.0
27,51,-5.0,-77.0,0.0,-0.0
27,52,-5.0,-75.0,0.0,-0.0
27,53,-5.0,-73.0,0.0,-0.0
27,54,-5.0,-71.0,0.0,-0.0
27,55,-5.0,-69.0,0.0,-0.0
27,56,-5.0,-67.0,0.0,-0.0
27,57,-5.0,-65.0,0.0,-0.0
27,58,-5.0,-63.0,0.0,-0.0
27,59,-5.0,-61.0,0.0,-0.0
27,60,-5.0,-59.0,0.0,-0.0
27,61,-5.0,-57.0,0.0,-0.0
27,62,-5.0,-55.0,0.0,-0.0
27,63,-5.0,-53.0,0.0,-0.0
27,64,-5.0,-51.0,0.0,-0.0
27,65,-5.0,-49.0,0.0,-0.0
27,66,-5.0,-47.0,0.0,-0.0
27,67,-5.0,-45.0,0.0,-0.0
27,68,-5.0,-43.0,0.0,-0.0
27,69,-5.0,-41.0,0.0,-0.0
27,70,-5.0,-39.0,0.0,-0.0
27,71,-5.0,-37.0,0.0,-0.0
27,72,-5.0,-35.0,0.0,-0.0
27,73,-5.0,-33.0,0.0,-0.0
27,74,-5.0,-31.0,0.0,-0.0
27,75,-5.0,-29.0,0.0,-0.0
27,76,-5.0,-27.0,0.0,-0.0
27,77,-5.0,-25.0,0.0,-0.0
27,78,-5.0,-23.0,0.0,-0.0
27,79,-5.0,-21.0,0.0,-0.0
27,80,-5.0,-19.0,0.0,-0.0
27,81,-5.0,-17.0,0.0,-0.0
27,82,-5.0,-15.0,0.0,-0.0
27,83,-5.0,-13.0,0.0,-0.0
27,84,-5.0,-11.0,0.0,-0.0
27,85,-5.0,-9.0,0.0,-0.0
27,86,-5.0,-7.0,0.0,-0.0
27,87,-5.0,-5.0,0.0,-0.0
27,88,-5.0,-3.0,0.0,-0.0
27,89,-5.0,-1.0,0.0,-0.0
27,90,-5.0,1.0,0.0,-0.0
27,91,-5.0,3.0,0.0,-0.0
27,92,-5.0,5.0,0.0,-0.0
27,93,-5.0,7.0,0.0,-0.0
27,94,-5.0,9.0,0.0,-0.0
27,95,-5.0,11.0,0.0,-0.0
27,96,-5.0,13.0,0.0,-0.0
27,97,-5.0,15.0,0.0,-0.0
27,98,-5.0,17.0,0.0,-0.0
27,99,-5.0,19.0,0.0,-0.0
27,100,-5.0,21.0,0.0,-0.0
27,101,-5.0,23.0,0.0,-0.0
27,102,-5.0,25.0,0.0,-0.0
27,103,-5.0,27.0,0.0,-0.0
27,104,-5.0,29.0,0.0,-0.0
27,105,-5.0,31.0,0.0,-0.0
27,106,-5.0,33.0,0.0,-0.0
27,107,-5.0,35.0,0.0,-0.0
27,108,-5.0,37.0,0.0,-0.0
27,109,-5.0,39.0,0.0,-0.0
27,110,-5.0,41.0,0.0,-0.0
27,111,-5.0,43.0,0.0,-0.0
27,112,-5.0,45.0,0.0,-0.0
27,113,-5.0,47.0,0.0,-0.0
27,114,-5.0,49.0,0.0,-0.0
27,115,-5.0,51.0,0.0,-0.0
27,116,-5.0,53.0,0.0,-0.0
27,117,-5.0,55.0,0.0,-0.0
27,118,-5.0,57.0,0.0,-0.0
27,119,-5.0,59.0,0.0,-0.0
27,120,-5.0,61.0,0.0,-0.0
27,121,-5.0,63.0,0.0,-0.0
27,122,-5.0,65.0,0.0,-0.0
27,123,-5.0,67.0,0.0,-0.0
27,124,-5.0,69.0,0.0,-0.0
27,125,-5.0,71.0,0.0,-0.0
27,126,-5.0,73.0,0.0,-0.0
27,127,-5.0,75.0,0.0,-0.0
27,128,-5.0,77.0,0.0,-0.0
27,129,-5.0,79.0,0.0,-0.0
27,130,-5.0,81.0,0.0,-0.0
27,131,-5.0,83.0,0.0,-0.0
27,132,-5.0,85.0,0.0,-0.0
27,133,-5.0,87.0,0.0,-0.0
27,134,-5.0,89.0,0.0,-0.0
27,135,-5.0,91.0,0.0,-0.0
27,136,-5.0,93.0,0.0,-0.0
27,137,-5.0,95.0,0.0,-0.0
27,138,-5.0,97.0,0.0,-0.0
27,139,-5.0,99.0,0.0,-0.0
27,140,-5.0,101.0,0.0,-0.0
27,141,-5.0,103.0,0.5091,0.71151484
27,142,-5.0,105.0,0.0,-0.0
27,143,-5.0,107.0,0.0,-0.0
27,144,-5.0,109.0,0.0,-0.0
27,145,-5.0,111.0,0.0,-0.0
27,146,-5.0,113.0,0.0,-0.0
27,147,-5.0,115.0,0.0,-0.0
27,148,-5.0,117.0,0.0,-0.0
27,149,-5.0,119.0,0.0,-0.0
27,150,-5.0,121.0,0.0,-0.0
27,151,-5.0,123.0,0.0,-0.0
27,152,-5.0,125.0,0.0,-0.0
27,153,-5.0,127.0,0.0,-0.0
27,154,-5.0,129.0,0.0,-0.0
27,155,-5.0,131.0,0.0,-0.0
27,156,-5.0,133.0,0.0,-0.0
27,157,-5.0,135.0,0.0,-0.0
27,158,-5.0,137.0,0.0,-0.0
27,159,-5.0,139.0,0.0,-0.0
27,160,-5.0,141.0,0.0,-0.0
27,161,-5.0,143.0,0.0,-0.0
27,162,-5.0,145.0,0.0,-0.0
27,163,-5.0,147.0,0.0,-0.0
27,164,-5.0,149.0,0.0,-0.0
27,165,-5.0,151.0,0.0,-0.0
27,166,-5.0,153.0,0.5091,0.71151484
27,167,-5.0,155.0,0.0,-0.0
27,168,-5.0,157.0,0.0,-0.0
27,169,-5.0,159.0,0.0,-0.0
27,170,-5.0,161.0,0.0,-0.0
27,171,-5.0,163.0,0.0,-0.0
27,172,-5.0,165.0,0.0,-0.0
27,173,-5.0,167.0,0.0,-0.0
27,174,-5.0,169.0,0.0,-0.0
27,175,-5.0,171.0,0.0,-0.0
27,176,-5.0,173.0,0.0,-0.0
27,177,-5.0,175.0,0.0,-0.0
27,178,-5.0,177.0,0.0,-0.0
27,179,-5.0,179.0,0.0,-0.0
28,0,-3.0,-179.0,0.0,-0.0
28,1,-3.0,-177.0,0.0,-0.0
28,2,-3.0,-175.0,0.0,-0.0
28,3,-3.0,-173.0,0.0,-0.0
28,4,-3.0,-171.0,0.0,-0.0
28,5,-3.0,-169.0,0.0,-0.0
28,6,-3.0,-167.0,0.0,-0.0
28,7,-3.0,-165.0,0.0,-0.0
28,8,-3.0,-163.0,0.0,-0.0
28,9,-3.0,-161.0,0.0,-0.0
28,10,-3.0,-159.0,0.0,-0.0
28,11,-3.0,-157.0,0.0,-0.0
28,12,-3.0,-155.0,0.0,-0.0
28,13,-3.0,-153.0,0.0,-0.0
28,14,-3.0,-151.0,0.0,-0.0
28,15,-3.0,-149.0,0.0,-0.0
28,16,-3.0,-147.0,0.0,-0.0
28,17,-3.0,-145.0,0.0,-0.0
28,18,-3.0,-143.0,0.0,-0.0
28,19,-3.0,-141.0,0.0,-0.0
28,20,-3.0,-139.0,0.0,-0.0
28,21,-3.0,-137.0,0.0,-0.0
28,22,-3.0,-135.0,0.0,-0.0
28,23,-3.0,-133.0,0.0,-0.0
28,24,-3.0,-131.0,0.0,-0.0
28,25,-3.0,-129.0,0.0,-0.0
28,26,-3.0,-127.0,0.0,-0.0
28,27,-3.0,-125.0,0.0,-0.0
28,28,-3.0,-123.0,0.0,-0.0
28,29,-3.0,-121.0,0.0,-0.0
28,30,-3.0,-119.0,0.0,-0.0
28,31,-3.0,-117.0,0.0,-0.0
28,32,-3.0,-115.0,0.0,-0.0
28,33,-3.0,-113.0,0.0,-0.0
28,34,-3.0,-111.0,0.0,-0.0
28,35,-3.0,-109.0,0.0,-0.0
28,36,-3.0,-107.0,0.0,-0.0
28,37,-3.0,-105.0,0.0,-0.0
28,38,-3.0,-103.0,0.0,-0.0
28,39,-3.0,-101.0,0.0,-0.0
28,40,-3.0,-99.0,0.0,-0.0
28,41,-3.0,-97.0,0.0,-0.0
28,42,-3.0,-95.0,0.0,-0.0
28,43,-3.0,-93.0,0.0,-0.0
28,44,-3.0,-91.0,0.0,-0.0
28,45,-3.0,-89.0,0.0,-0.0
28,46,-3.0,-87.0,0.0,-0.0
28,47,-3.0,-85.0,0.0,-0.0
28,48,-3.0,-83.0,0.0,-0.0
28,49,-3.0,-81.0,0.0,-0.0
28,50,-3.0,-79.0,0.0,-0.0
28,51,-3.0,-77.0,0.0,-0.0
28,52,-3.0,-75.0,0.0,-0.0
28,53,-3.0,-73.0,0.0,-0.0
28,54,-3.0,-71.0,0.0,-0.0
28,55,-3.0,-69.0,0.0,-0.0
28,56,-3.0,-67.0,0.0,-0.0
28,57,-3.0,-65.0,0.0,-0.0
28,58,-3.0,-63.0,0.0,-0.0
28,59,-3.0,-61.0,0.0,-0.0
28,60,-3.0,-59.0,0.0,-0.0
28,61,-3.0,-57.0,0.0,-0.0
28,62,-3.0,-55.0,0.0,-0.0
28,63,-3.0,-53.0,0.0,-0.0
28,64,-3.0,-51.0,0.0,-0.0
28,65,-3.0,-49.0,0.0,-0.0
28,66,-3.0,-47.0,0.0,-0.0
28,67,-3.0,-45.0,0.0,-0.0
28,68,-3.0,-43.0,0.0,-0.0
28,69,-3.0,-41.0,0.0,-0.0
28,70,-3.0,-39.0,0.0,-0.0
28,71,-3.0,-37.0,0.0,-0.0
28,72,-3.0,-35.0,0.0,-0.0
28,73,-3.0,-33.0,0.0,-0.0
28,74,-3.0,-31.0,0.0,-0.0
28,75,-3.0,-29.0,0.0,-0.0
28,76,-3.0,-27.0,0.0,-0.0
28,77,-3.0,-25.0,0.0,-0.0
28,78,-3.0,-23.0,0.0,-0.0
28,79,-3.0,-21.0,0.0,-0.0
28,80,-3.0,-19.0,0.0,-0.0
28,81,-3.0,-17.0,0.0,-0.0
28,82,-3.0,-15.0,0.0,-0.0
28,83,-3.0,-13.0,0.0,-0.0
28,84,-3.0,-11.0,0.0,-0.0
28,85,-3.0,-9.0,0.0,-0.0
28,86,-3.0,-7.0,0.0,-0.0
28,87,-3.0,-5.0,0.0,-0.0
28,88,-3.0,-3.0,0.0,-0.0
28,89,-3.0,-1.0,0.0,-0.0
28,90,-3.0,1.0,0.0,-0.0
28,91,-3.0,3.0,0.0,-0.0
28,92,-3.0,5.0,0.0,-0.0
28,93,-3.0,7.0,0.0,-0.0
28,94,-3.0,9.0,0.0,-0.0
28,95,-3.0,11.0,0.0,-0.0
28,96,-3.0,13.0,0.0,-0.0
28,97,-3.0,15.0,0.0,-0.0
28,98,-3.0,17.0,0.0,-0.0
28,99,-3.0,19.0,0.0,-0.0
28,100,-3.0,21.0,0.0,-0.0
28,101,-3.0,23.0,0.0,-0.0
28,102,-3.0,25.0,0.0,-0.0
28,103,-3.0,27.0,0.0,-0.0
28,104,-3.0,29.0,0.0,-0.0
28,105,-3.0,31.0,0.0,-0.0
28,106,-3.0,33.0,0.0,-0.0
28,107,-3.0,35.0,0.0,-0.0
28,108,-3.0,37.0,0.0,-0.0
28,109,-3.0,39.0,0.0,-0.0
28,110,-3.0,41.0,0.0,-0.0
28,111,-3.0,43.0,0.0,-0.0
28,112,-3.0,45.0,0.0,-0.0
28,113,-3.0,47.0,0.0,-0.0
28,114,-3.0,49.0,0.0,-0.0
28,115,-3.0,51.0,0.0,-0.0
28,116,-3.0,53.0,0.0,-0.0
28,117,-3.0,55.0,0.0,-0.0
28,118,-3.0,57.0,0.0,-0.0
28,119,-3.0,59.0,0.0,-0.0
28,120,-3.0,61.0,0.0,-0.0
28,121,-3.0,63.0,0.0,-0.0
28,122,-3.0,65.0,0.0,-0.0
28,123,-3.0,67.0,0.0,-0.0
28,124,-3.0,69.0,0.0,-0.0
28,125,-3.0,71.0,0.0,-0.0
28,126,-3.0,73.0,0.0,-0.0
28,127,-3.0,75.0,0.0,-0.0
28,128,-3.0,77.0,0.0,-0.0
28,129,-3.0,79.0,0.0,-0.0
28,130,-3.0,81.0,0.0,-0.0
28,131,-3.0,83.0,0.0,-0.0
28,132,-3.0,85.0,0.0,-0.0
28,133,-3.0,87.0,0.0,-0.0
28,134,-3.0,89.0,0.0,-0.0
28,135,-3.0,91.0,0.0,-0.0
28,136,-3.0,93.0,0.0,-0.0
28,137,-3.0,95.0,0.0,-0.0
28,138,-3.0,97.0,0.0,-0.0
28,139,-3.0,99.0,0.0,-0.0
28,140,-3.0,101.0,0.0,-0.0
28,141,-3.0,103.0,0.0,-0.0
28,142,-3.0,105.0,0.0,-0.0
28,143,-3.0,107.0,0.0,-0.0
28,144,-3.0,109.0,0.0,-0.0
28,145,-3.0,111.0,0.0,-0.0
28,146,-3.0,113.0,0.0,-0.0
28,147,-3.0,115.0,0.0,-0.0
28,148,-3.0,117.0,0.0,-0.0
28,149,-3.0,119.0,0.0,-0.0
28,150,-3.0,121.0,0.0,-0.0
28,151,-3.0,123.0,0.0,-0.0
28,152,-3.0,125.0,0.0,-0.0
28,153,-3.0,127.0,0.0,-0.0
28,154,-3.0,129.0,0.0,-0.0
28,155,-3.0,131.0,0.0356,0.03624913
28,156,-3.0,133.0,0.0,-0.0
28,157,-3.0,135.0,0.0,-0.0
28,158,-3.0,137.0,0.0,-0.0
28,159,-3.0,139.0,0.0356,0.03624913
28,160,-3.0,141.0,0.0,-0.0
28,161,-3.0,143.0,0.0,-0.0
28,162,-3.0,145.0,0.0,-0.0
28,163,-3.0,147.0,0.0,-0.0
28,164,-3.0,149.0,0.0,-0.0
28,165,-3.0,151.0,0.0,-0.0
28,166,-3.0,153.0,0.0,-0.0
28,167,-3.0,155.0,0.0,-0.0
28,168,-3.0,157.0,0.0,-0.0
28,169,-3.0,159.0,0.0,-0.0
28,170,-3.0,161.0,0.0,-0.0
28,171,-3.0,163.0,0.0,-0.0
28,172,-3.0,165.0,0.0,-0.0
28,173,-3.0,167.0,0.0,-0.0
28,174,-3.0,169.0,0.0,-0.0
28,175,-3.0,171.0,0.0,-0.0
28,176,-3.0,173.0,0.0,-0.0
28,177,-3.0,175.0,0.0,-0.0
28,178,-3.0,177.0,0.0,-0.0
28,179,-3.0,179.0,0.0,-0.0
29,0,-1.0,-179.0,0.0,-0.0
29,1,-1.0,-177.0,0.0,-0.0
29,2,-1.0,-175.0,0.0,-0.0
29,3,-1.0,-173.0,0.0,-0.0
29,4,-1.0,-171.0,0.0,-0.0
29,5,-1.0,-169.0,0.0,-0.0
29,6,-1.0,-167.0,0.0,-0.0
29,7,-1.0,-165.0,0.0,-0.0
29,8,-1.0,-163.0,0.0,-0.0
29,9,-1.0,-161.0,0.0,-0.0
29,10,-1.0,-159.0,0.0,-0.0
29,11,-1.0,-157.0,0.0,-0.0
29,12,-1.0,-155.0,0.0,-0.0
29,13,-1.0,-153.0,0.0,-0.0
29,14,-1.0,-151.0,0.0,-0.0
29,15,-1.0,-149.0,0.0,-0.0
29,16,-1.0,-147.0,0.0,-0.0
29,17,-1.0,-145.0,0.0,-0.0
29,18,-1.0,-143.0,0.0,-0.0
29,19,-1.0,-141.0,0.0,-0.0
29,20,-1.0,-139.0,0.0,-0.0
29,21,-1.0,-137.0,0.0,-0.0
29,22,-1.0,-135.0,0.0,-0.0
29,23,-1.0,-133.0,0.0,-0.0
29,24,-1.0,-131.0,0.0,-0.0
29,25,-1.0,-129.0,0.0,-0.0
29,26,-1.0,-127.0,0.0,-0.0
29,27,-1.0,-125.0,0.0,-0.0
29,28,-1.0,-123.0,0.0,-0.0
29,29,-1.0,-121.0,0.0,-0.0
29,30,-1.0,-119.0,0.0,-0.0
29,31,-1.0,-117.0,0.0,-0.0
29,32,-1.0,-115.0,0.0,-0.0
29,33,-1.0,-113.0,0.0,-0.0
29,34,-1.0,-111.0,0.0,-0.0
29,35,-1.0,-109.0,0.0,-0.0
29,36,-1.0,-107.0,0.0,-0.0
29,37,-1.0,-105.0,0.0,-0.0
29,38,-1.0,-103.0,0.0,-0.0
29,39,-1.0,-101.0,0.0,-0.0
29,40,-1.0,-99.0,0.0,-0.0
29,41,-1.0,-97.0,0.0,-0.0
29,42,-1.0,-95.0,0.0,-0.0
29,43,-1.0,-93.0,0.0,-0.0
29,44,-1.0,-91.0,0.0,-0.0
29,45,-1.0,-89.0,0.0,-0.0
29,46,-1.0,-87.0,0.0,-0.0
29,47,-1.0,-85.0,0.0,-0.0
29,48,-1.0,-83.0,0.0,-0.0
29,49,-1.0,-81.0,0.0,-0.0
29,50,-1.0,-79.0,0.0,-0.0
29,51,-1.0,-77.0,0.0,-0.0
29,52,-1.0,-75.0,0.0,-0.0
29,53,-1.0,-73.0,0.0,-0.0
29,54,-1.0,-71.0,0.0,-0.0
29,55,-1.0,-69.0,0.0,-0.0
29,56,-1.0,-67.0,0.0,-0.0
29,57,-1.0,-65.0,0.0,-0.0
29,58,-1.0,-63.0,0.0,-0.0
29,59,-1.0,-61.0,0.0,-0.0
29,60,-1.0,-59.0,0.0,-0.0
29,61,-1.0,-57.0,0.0,-0.0
29,62,-1.0,-55.0,0.0,-0.0
29,63,-1.0,-53.0,0.0,-0.0
29,64,-1.0,-51.0,0.0,-0.0
29,65,-1.0,-49.0,0.0,-0.0
29,66,-1.0,-47.0,0.0,-0.0
29,67,-1.0,-45.0,0.0,-0.0
29,68,-1.0,-43.0,0.0,-0.0
29,69,-1.0,-41.0,0.0,-0.0
29,70,-1.0,-39.0,0.0,-0.0
29,71,-1.0,-37.0,0.0,-0.0
29,72,-1.0,-35.0,0.0,-0.0
29,73,-1.0,-33.0,0.0,-0.0
29,74,-1.0,-31.0,0.0,-0.0
29,75,-1.0,-29.0,0.0,-0.0
29,76,-1.0,-27.0,0.0,-0.0
29,77,-1.0,-25.0,0.0,-0.0
29,78,-1.0,-23.0,0.0,-0.0
29,79,-1.0,-21.0,0.0,-0.0
29,80,-1.0,-19.0,0.0,-0.0
29,81,-1.0,-17.0,0.0,-0.0
29,82,-1.0,-15.0,0.0,-0.0
29,83,-1.0,-13.0,0.0,-0.0
29,84,-1.0,-11.0,0.0,-0.0
29,85,-1.0,-9.0,0.0,-0.0
29,86,-1.0,-7.0,0.0,-0.0
29,87,-1.0,-5.0,0.0,-0.0
29,88,-1.0,-3.0,0.0,-0.0
29,89,-1.0,-1.0,0.0,-0.0
29,90,-1.0,1.0,0.0,-0.0
29,91,-1.0,3.0,0.0,-0.0
29,92,-1.0,5.0,0.0,-0.0
29,93,-1.0,7.0,0.0,-0.0
29,94,-1.0,9.0,0.0,-0.0
29,95,-1.0,11.0,0.0,-0.0
29,96,-1.0,13.0,0.0,-0.0
29,97,-1.0,15.0,0.0,-0.0
29,98,-1.0,17.0,0.0,-0.0
29,99,-1.0,19.0,0.0,-0.0
29,100,-1.0,21.0,0.0,-0.0
29,101,-1.0,23.0,0.0,-0.0
29,102,-1.0,25.0,0.0,-0.0
29,103,-1.0,27.0,0.0,-0.0
29,104,-1.0,29.0,0.0,-0.0
29,105,-1.0,31.0,0.0,-0.0
29,106,-1.0,33.0,0.0,-0.0
29,107,-1.0,35.0,0.0,-0.0
29,108,-1.0,37.0,0.0,-0.0
29,109,-1.0,39.0,0.0,-0.0
29,110,-1.0,41.0,0.0,-0.0
29,111,-1.0,43.0,0.0,-0.0
29,112,-1.0,45.0,0.0,-0.0
29,113,-1.0,47.0,0.0,-0.0
29,114,-1.0,49.0,0.0,-0.0
29,115,-1.0,51.0,0.0,-0.0
29,116,-1.0,53.0,0.0,-0.0
29,117,-1.0,55.0,0.0,-0.0
29,118,-1.0,57.0,0.0,-0.0
29,119,-1.0,59.0,0.0,-0.0
29,120,-1.0,61.0,0.0,-0.0
29,121,-1.0,63.0,0.0,-0.0
29,122,-1.0,65.0,0.0,-0.0
29,123,-1.0,67.0,0.0,-0.0
29,124,-1.0,69.0,0.0,-0.0
29,125,-1.0,71.0,0.0,-0.0
29,126,-1.0,73.0,0.0,-0.0
29,127,-1.0,75.0,0.0,-0.0
29,128,-1.0,77.0,0.0,-0.0
29,129,-1.0,79.0,0.0,-0.0
29,130,-1.0,81.0,0.0,-0.0
29,131,-1.0,83.0,0.0,-0.0
29,132,-1.0,85.0,0.0,-0.0
29,133,-1.0,87.0,0.0,-0.0
29,134,-1.0,89.0,0.0,-0.0
29,135,-1.0,91.0,0.0,-0.0
29,136,-1.0,93.0,0.0,-0.0
29,137,-1.0,95.0,0.0,-0.0
29,138,-1.0,97.0,0.0,-0.0
29,139,-1.0,99.0,0.0,-0.0
29,140,-1.0,101.0,0.0,-0.0
29,141,-1.0,103.0,0.0,-0.0
29,142,-1.0,105.0,0.0,-0.0
29,143,-1.0,107.0,0.0,-0.0
29,144,-1.0,109.0,0.0,-0.0
29,145,-1.0,111.0,0.0,-0.0
29,146,-1.0,113.0,0.0,-0.0
29,147,-1.0,115.0,0.0,-0.0
29,148,-1.0,117.0,0.0,-0.0
29,149,-1.0,119.0,0.0,-0.0
29,150,-1.0,121.0,0.0,-0.0
29,151,-1.0,123.0,0.0,-0.0
29,152,-1.0,125.0,0.0,-0.0
29,153,-1.0,127.0,0.0,-0.0
29,154,-1.0,129.0,0.0,-0.0
29,155,-1.0,131.0,0.0,-0.0
29,156,-1.0,133.0,0.0,-0.0
29,157,-1.0,135.0,0.0,-0.0
29,158,-1.0,137.0,0.0,-0.0
29,159,-1.0,139.0,0.0,-0.0
29,160,-1.0,141.0,0.0,-0.0
29,161,-1.0,143.0,0.0,-0.0
29,162,-1.0,145.0,0.0,-0.0
29,163,-1.0,147.0,0.0,-0.0
29,164,-1.0,149.0,0.0,-0.0
29,165,-1.0,151.0,0.0,-0.0
29,166,-1.0,153.0,0.0,-0.0
29,167,-1.0,155.0,0.0,-0.0
29,168,-1.0,157.0,0.0,-0.0
29,169,-1.0,159.0,0.0,-0.0
29,170,-1.0,161.0,0.0,-0.0
29,171,-1.0,163.0,0.0,-0.0
29,172,-1.0,165.0,0.0,-0.0
29,173,-1.0,167.0,0.0,-0.0
29,174,-1.0,169.0,0.0,-0.0
29,175,-1.0,171.0,0.0,-0.0
29,176,-1.0,173.0,0.0,-0.0
29,177,-1.0,175.0,0.0,-0.0
29,178,-1.0,177.0,0.0,-0.0
29,179,-1.0,179.0,0.0,-0.0
30,0,1.0,-179.0,0.0,-0.0
30,1,1.0,-177.0,0.0,-0.0
30,2,1.0,-175.0,0.0,-0.0
30,3,1.0,-173.0,0.0,-0.0
30,4,1.0,-171.0,0.0,-0.0
30,5,1.0,-169.0,0.0,-0.0
30,6,1.0,-167.0,0.0,-0.0
30,7,1.0,-165.0,0.0,-0.0
30,8,1.0,-163.0,0.0,-0.0
30,9,1.0,-161.0,0.0,-0.0
30,10,1.0,-159.0,0.0,-0.0
30,11,1.0,-157.0,0.0,-0.0
30,12,1.0,-155.0,0.0,-0.0
30,13,1.0,-153.0,0.0,-0.0
30,14,1.0,-151.0,0.0,-0.0
30,15,1.0,-149.0,0.0,-0.0
30,16,1.0,-147.0,0.0,-0.0
30,17,1.0,-145.0,0.0,-0.0
30,18,1.0,-143.0,0.0,-0.0
30,19,1.0,-141.0,0.0,-0.0
30,20,1.0,-139.0,0.0,-0.0
30,21,1.0,-137.0,0.0,-0.0
30,22,1.0,-135.0,0.0,-0.0
30,23,1.0,-133.0,0.0,-0.0
30,24,1.0,-131.0,0.0,-0.0
30,25,1.0,-129.0,0.0,-0.0
30,26,1.0,-127.0,0.0,-0.0
30,27,1.0,-125.0,0.0,-0.0
30,28,1.0,-123.0,0.0,-0.0
30,29,1.0,-121.0,0.0,-0.0
30,30,1.0,-119.0,0.0,-0.0
30,31,1.0,-117.0,0.0,-0.0
30,32,1.0,-115.0,0.0,-0.0
30,33,1.0,-113.0,0.0,-0.0
30,34,1.0,-111.0,0.0,-0.0
30,35,1.0,-109.0,0.0,-0.0
30,36,1.0,-107.0,0.0,-0.0
30,37,1.0,-105.0,0.0,-0.0
30,38,1.0,-103.0,0.0,-0.0
30,39,1.0,-101.0,0.0,-0.0
30,40,1.0,-99.0,0.0,-0.0
30,41,1.0,-97.0,0.0,-0.0
30,42,1.0,-95.0,0.0,-0.0
30,43,1.0,-93.0,0.0,-0.0
30,44,1.0,-91.0,0.0,-0.0
30,45,1.0,-89.0,0.0,-0.0
30,46,1.0,-87.0,0.0,-0.0
30,47,1.0,-85.0,0.0,-0.0
30,48,1.0,-83.0,0.0,-0.0
30,49,1.0,-81.0,0.0,-0.0
30,50,1.0,-79.0,0.0,-0.0
30,51,1.0,-77.0,0.0,-0.0
30,52,1.0,-75.0,0.0,-0.0
30,53,1.0,-73.0,0.0,-0.0
30,54,1.0,-71.0,0.0,-0.0
30,55,1.0,-69.0,0.0,-0.0
30,56,1.0,-67.0,0.0,-0.0
30,57,1.0,-65.0,0.0,-0.0
30,58,1.0,-63.0,0.0,-0.0
30,59,1.0,-61.0,0.0,-0.0
30,60,1.0,-59.0,0.0,-0.0
30,61,1.0,-57.0,0.0,-0.0
30,62,1.0,-55.0,0.0,-0.0
30,63,1.0,-53.0,0.0,-0.0
30,64,1.0,-51.0,0.0,-0.0
30,65,1.0,-49.0,0.0,-0.0
30,66,1.0,-47.0,0.0,-0.0
30,67,1.0,-45.0,0.0,-0.0
30,68,1.0,-43.0,0.0,-0.0
30,69,1.0,-41.0,0.0,-0.0
30,70,1.0,-39.0,0.0,-0.0
30,71,1.0,-37.0,0.0,-0.0
30,72,1.0,-35.0,0.0,-0.0
30,73,1.0,-33.0,0.0,-0.0
30,74,1.0,-31.0,0.0,-0.0
30,75,1.0,-29.0,0.0,-0.0
30,76,1.0,-27.0,0.0,-0.0
30,77,1.0,-25.0,0.0,-0.0
30,78,1.0,-23.0,0.0,-0.0
30,79,1.0,-21.0,0.0,-0.0
30,80,1.0,-19.0,0.0,-0.0
30,81,1.0,-17.0,0.0,-0.0
30,82,1.0,-15.0,0.0,-0.0
30,83,1.0,-13.0,0.0,-0.0
30,84,1.0,-11.0,0.0,-0.0
30,85,1.0,-9.0,0.0,-0.0
30,86,1.0,-7.0,0.0,-0.0
30,87,1.0,-5.0,0.0,-0.0
30,88,1.0,-3.0,0.0,-0.0
30,89,1.0,-1.0,0.0,-0.0
30,90,1.0,1.0,0.0,-0.0
30,91,1.0,3.0,0.0,-0.0
30,92,1.0,5.0,0.0,-0.0
30,93,1.0,7.0,0.0,-0.0
30,94,1.0,9.0,0.0,-0.0
30,95,1.0,11.0,0.0,-0.0
30,96,1.0,13.0,0.0,-0.0
30,97,1.0,15.0,0.0,-0.0
30,98,1.0,17.0,0.0,-0.0
30,99,1.0,19.0,0.0,-0.0
30,100,1.0,21.0,0.0,-0.0
30,101,1.0,23.0,0.0,-0.0
30,102,1.0,25.0,0.0,-0.0
30,103,1.0,27.0,0.0,-0.0
30,104,1.0,29.0,0.0,-0.0
30,105,1.0,31.0,0.0,-0.0
30,106,1.0,33.0,0.0,-0.0
30,107,1.0,35.0,0.0,-0.0
30,108,1.0,37.0,0.0,-0.0
30,109,1.0,39.0,0.0,-0.0
30,110,1.0,41.0,0.0,-0.0
30,111,1.0,43.0,0.0,-0.0
30,112,1.0,45.0,0.0,-0.0
30,113,1.0,47.0,0.0,-0.0
30,114,1.0,49.0,0.0,-0.0
30,115,1.0,51.0,0.0,-0.0
30,116,1.0,53.0,0.0,-0.0
30,117,1.0,55.0,0.0,-0.0
30,118,1.0,57.0,0.0,-0.0
30,119,1.0,59.0,0.0,-0.0
30,120,1.0,61.0,0.0,-0.0
30,121,1.0,63.0,0.0,-0.0
30,122,1.0,65.0,0.0,-0.0
30,123,1.0,67.0,0.0,-0.0
30,124,1.0,69.0,0.0,-0.0
30,125,1.0,71.0,0.0,-0.0
30,126,1.0,73.0,0.0,-0.0
30,127,1.0,75.0,0.0,-0.0
30,128,1.0,77.0,0.0,-0.0
30,129,1.0,79.0,0.0,-0.0
30,130,1.0,81.0,0.0,-0.0
30,131,1.0,83.0,0.0,-0.0
30,132,1.0,85.0,0.0,-0.0
30,133,1.0,87.0,0.0,-0.0
30,134,1.0,89.0,0.0,-0.0
30,135,1.0,91.0,0.0,-0.0
30,136,1.0,93.0,0.0,-0.0
30,137,1.0,95.0,0.0,-0.0
30,138,1.0,97.0,0.0,-0.0
30,139,1.0,99.0,0.0,-0.0
30,140,1.0,101.0,0.0,-0.0
30,141,1.0,103.0,0.0,-0.0
30,142,1.0,105.0,0.0,-0.0
30,143,1.0,107.0,0.0,-0.0
30,144,1.0,109.0,0.0,-0.0
30,145,1.0,111.0,0.0,-0.0
30,146,1.0,113.0,0.0,-0.0
30,147,1.0,115.0,0.0,-0.0
30,148,1.0,117.0,0.0,-0.0
30,149,1.0,119.0,0.0,-0.0
30,150,1.0,121.0,0.0,-0.0
30,151,1.0,123.0,0.0,-0.0
30,152,1.0,125.0,0.0,-0.0
30,153,1.0,127.0,0.5091,0.71151484
30,154,1.0,129.0,0.0,-0.0
30,155,1.0,131.0,0.0,-0.0
30,156,1.0,133.0,0.0,-0.0
30,157,1.0,135.0,0.0,-0.0
30,158,1.0,137.0,0.0,-0.0
30,159,1.0,139.0,0.0,-0.0
30,160,1.0,141.0,0.0,-0.0
30,161,1.0,143.0,0.0,-0.0
30,162,1.0,145.0,0.0,-0.0
30,163,1.0,147.0,0.0,-0.0
30,164,1.0,149.0,0.0,-0.0
30,165,1.0,151.0,0.0,-0.0
30,166,1.0,153.0,0.0,-0.0
30,167,1.0,155.0,0.0,-0.0
30,168,1.0,157.0,0.0,-0.0
30,169,1.0,159.0,0.0,-0.0
30,170,1.0,161.0,0.0,-0.0
30,171,1.0,163.0,0.0,-0.0
30,172,1.0,165.0,0.0,-0.0
30,173,1.0,167.0,0.0,-0.0
30,174,1.0,169.0,0.0,-0.0
30,175,1.0,171.0,0.0,-0.0
30,176,1.0,173.0,0.0,-0.0
30,177,1.0,175.0,0.0,-0.0
30,178,1.0,177.0,0.0,-0.0
30,179,1.0,179.0,0.0,-0.0
31,0,3.0,-179.0,0.0,-0.0
31,1,3.0,-177.0,0.0,-0.0
31,2,3.0,-175.0,0.0,-0.0
31,3,3.0,-173.0,0.0,-0.0
31,4,3.0,-171.0,0.0,-0.0
31,5,3.0,-169.0,0.0,-0.0
31,6,3.0,-167.0,0.0,-0.0
31,7,3.0,-165.0,0.0,-0.0
31,8,3.0,-163.0,0.0,-0.0
31,9,3.0,-161.0,0.0,-0.0
31,10,3.0,-159.0,0.0,-0.0
31,11,3.0,-157.0,0.0,-0.0
31,12,3.0,-155.0,0.0,-0.0
31,13,3.0,-153.0,0.0,-0.0
31,14,3.0,-151.0,0.0,-0.0
31,15,3.0,-149.0,0.0,-0.0
31,16,3.0,-147.0,0.0,-0.0
31,17,3.0,-145.0,0.0,-0.0
31,18,3.0,-143.0,0.0,-0.0
31,19,3.0,-141.0,0.0,-0.0
31,20,3.0,-139.0,0.0,-0.0
31,21,3.0,-137.0,0.0,-0.0
31,22,3.0,-135.0,0.0,-0.0
31,23,3.0,-133.0,0.0,-0.0
31,24,3.0,-131.0,0.0,-0.0
31,25,3.0,-129.0,0.0,-0.0
31,26,3.0,-127.0,0.0,-0.0
31,27,3.0,-125.0,0.0,-0.0
31,28,3.0,-123.0,0.0,-0.0
31,29,3.0,-121.0,0.0,-0.0
31,30,3.0,-119.0,0.0,-0.0
31,31,3.0,-117.0,0.0,-0.0
31,32,3.0,-115.0,0.0,-0.0
31,33,3.0,-113.0,0.0,-0.0
31,34,3.0,-111.0,0.0,-0.0
31,35,3.0,-109.0,0.0,-0.0
31,36,3.0,-107.0,0.0,-0.0
31,37,3.0,-105.0,0.0,-0.0
31,38,3.0,-103.0,0.0,-0.0
31,39,3.0,-101.0,0.0,-0.0
31,40,3.0,-99.0,0.0,-0.0
31,41,3.0,-97.0,0.0,-0.0
31,42,3.0,-95.0,0.0,-0.0
31,43,3.0,-93.0,0.0,-0.0
31,44,3.0,-91.0,0.0,-0.0
31,45,3.0,-89.0,0.0,-0.0
31,46,3.0,-87.0,0.0,-0.0
31,47,3.0,-85.0,0.0,-0.0
31,48,3.0,-83.0,0.0,-0.0
31,49,3.0,-81.0,0.0,-0.0
31,50,3.0,-79.0,0.0,-0.0
31,51,3.0,-77.0,0.0,-0.0
31,52,3.0,-75.0,0.0,-0.0
31,53,3.0,-73.0,0.0,-0.0
31,54,3.0,-71.0,0.0,-0.0
31,55,3.0,-69.0,0.0,-0.0
31,56,3.0,-67.0,0.0,-0.0
31,57,3.0,-65.0,0.0,-0.0
31,58,3.0,-63.0,0.0,-0.0
31,59,3.0,-61.0,0.0,-0.0
31,60,3.0,-59.0,0.0,-0.0
31,61,3.0,-57.0,0.0,-0.0
31,62,3.0,-55.0,0.0,-0.0
31,63,3.0,-53.0,0.0,-0.0
31,64,3.0,-51.0,0.0,-0.0
31,65,3.0,-49.0,0.0,-0.0
31,66,3.0,-47.0,0.0,-0.0
31,67,3.0,-45.0,0.0,-0.0
31,68,3.0,-43.0,0.0,-0.0
31,69,3.0,-41.0,0.0,-0.0
31,70,3.0,-39.0,0.0,-0.0
31,71,3.0,-37.0,0.0,-0.0
31,72,3.0,-35.0,0.0,-0.0
31,73,3.0,-33.0,0.0,-0.0
31,74,3.0,-31.0,0.0,-0.0
31,75,3.0,-29.0,0.0,-0.0
31,76,3.0,-27.0,0.0,-0.0
31,77,3.0,-25.0,0.0,-0.0
31,78,3.0,-23.0,0.0,-0.0
31,79,3.0,-21.0,0.0,-0.0
31,80,3.0,-19.0,0.0,-0.0
31,81,3.0,-17.0,0.0,-0.0
31,82,3.0,-15.0,0.0,-0.0
31,83,3.0,-13.0,0.0,-0.0
31,84,3.0,-11.0,0.0,-0.0
31,85,3.0,-9.0,0.0,-0.0
31,86,3.0,-7.0,0.0,-0.0
31,87,3.0,-5.0,0.0,-0.0
31,88,3.0,-3.0,0.0,-0.0
31,89,3.0,-1.0,0.0,-0.0
31,90,3.0,1.0,0.0,-0.0
31,91,3.0,3.0,0.0,-0.0
31,92,3.0,5.0,0.0,-0.0
31,93,3.0,7.0,0.0,-0.0
31,94,3.0,9.0,0.0,-0.0
31,95,3.0,11.0,0.0,-0.0
31,96,3.0,13.0,0.0,-0.0
31,97,3.0,15.0,0.0,-0.0
31,98,3.0,17.0,0.0,-0.0
31,99,3.0,19.0,0.0,-0.0
31,100,3.0,21.0,0.0,-0.0
31,101,3.0,23.0,0.0,-0.0
31,102,3.0,25.0,0.0,-0.0
31,103,3.0,27.0,0.0,-0.0
31,104,3.0,29.0,0.0,-0.0
31,105,3.0,31.0,0.0,-0.0
31,106,3.0,33.0,0.0,-0.0
31,107,3.0,35.0,0.0,-0.0
31,108,3.0,37.0,0.0,-0.0
31,109,3.0,39.0,0.0,-0.0
31,110,3.0,41.0,0.0,-0.0
31,111,3.0,43.0,0.0,-0.0
31,112,3.0,45.0,0.0,-0.0
31,113,3.0,47.0,0.0,-0.0
31,114,3.0,49.0,0.0,-0.0
31,115,3.0,51.0,0.0,-0.0
31,116,3.0,53.0,0.0,-0.0
31,117,3.0,55.0,0.0,-0.0
31,118,3.0,57.0,0.0,-0.0
31,119,3.0,59.0,0.0,-0.0
31,120,3.0,61.0,0.0,-0.0
31,121,3.0,63.0,0.0,-0.0
31,122,3.0,65.0,0.0,-0.0
31,123,3.0,67.0,0.0,-0.0
31,124,3.0,69.0,0.0,-0.0
31,125,3.0,71.0,0.0,-0.0
31,126,3.0,73.0,0.0,-0.0
31,127,3.0,75.0,0.0,-0.0
31,128,3.0,77.0,0.0,-0.0
31,129,3.0,79.0,0.0,-0.0
31,130,3.0,81.0,0.0,-0.0
31,131,3.0,83.0,0.0,-0.0
31,132,3.0,85.0,0.0,-0.0
31,133,3.0,87.0,0.0,-0.0
31,134,3.0,89.0,0.0,-0.0
31,135,3.0,91.0,0.0,-0.0
31,136,3.0,93.0,0.0,-0.0
31,137,3.0,95.0,0.0,-0.0
31,138,3.0,97.0,0.0,-0.0
31,139,3.0,99.0,0.0,-0.0
31,140,3.0,101.0,0.0,-0.0
31,141,3.0,103.0,0.0,-0.0
31,142,3.0,105.0,0.0,-0.0
31,143,3.0,107.0,0.0,-0.0
31,144,3.0,109.0,0.0,-0.0
31,145,3.0,111.0,0.0,-0.0
31,146,3.0,113.0,0.0,-0.0
31,147,3.0,115.0,0.0,-0.0
31,148,3.0,117.0,0.0,-0.0
31,149,3.0,119.0,0.0,-0.0
31,150,3.0,121.0,0.0,-0.0
31,151,3.0,123.0,0.0,-0.0
31,152,3.0,125.0,0.0,-0.0
31,153,3.0,127.0,0.0,-0.0
31,154,3.0,129.0,0.0,-0.0
31,155,3.0,131.0,0.0,-0.0
31,156,3.0,133.0,0.0,-0.0
31,157,3.0,135.0,0.0,-0.0
31,158,3.0,137.0,0.0,-0.0
31,159,3.0,139.0,0.0,-0.0
31,160,3.0,141.0,0.0,-0.0
31,161,3.0,143.0,0.0,-0.0
31,162,3.0,145.0,0.0,-0.0
31,163,3.0,147.0,0.0,-0.0
31,164,3.0,149.0,0.0,-0.0
31,165,3.0,151.0,0.0,-0.0
31,166,3.0,153.0,0.0,-0.0
31,167,3.0,155.0,0.0,-0.0
31,168,3.0,157.0,0.0,-0.0
31,169,3.0,159.0,0.0,-0.0
31,170,3.0,161.0,0.0,-0.0
31,171,3.0,163.0,0.0,-0.0
31,172,3.0,165.0,0.0,-0.0
31,173,3.0,167.0,0.0,-0.0
31,174,3.0,169.0,0.0,-0.0
31,175,3.0,171.0,0.0,-0.0
31,176,3.0,173.0,0.0,-0.0
31,177,3.0,175.0,0.0,-0.0
31,178,3.0,177.0,0.0,-0.0
31,179,3.0,179.0,0.0,-0.0
32,0,5.0,-179.0,0.0,-0.0
32,1,5.0,-177.0,0.0,-0.0
32,2,5.0,-175.0,0.0,-0.0
32,3,5.0,-173.0,0.0,-0.0
32,4,5.0,-171.0,0.0,-0.0
32,5,5.0,-169.0,0.0,-0.0
32,6,5.0,-167.0,0.0,-0.0
32,7,5.0,-165.0,0.0,-0.0
32,8,5.0,-163.0,0.0,-0.0
32,9,5.0,-161.0,0.0,-0.0
32,10,5.0,-159.0,0.0,-0.0
32,11,5.0,-157.0,0.0,-0.0
32,12,5.0,-155.0,0.0,-0.0
32,13,5.0,-153.0,0.0,-0.0
32,14,5.0,-151.0,0.0,-0.0
32,15,5.0,-149.0,0.0,-0.0
32,16,5.0,-147.0,0.0,-0.0
32,17,5.0,-145.0,0.0,-0.0
32,18,5.0,-143.0,0.0,-0.0
32,19,5.0,-141.0,0.0,-0.0
32,20,5.0,-139.0,0.0,-0.0
32,21,5.0,-137.0,0.0,-0.0
32,22,5.0,-135.0,0.0,-0.0
32,23,5.0,-133.0,0.0,-0.0
32,24,5.0,-131.0,0.0,-0.0
32,25,5.0,-129.0,0.0,-0.0
32,26,5.0,-127.0,0.0,-0.0
32,27,5.0,-125.0,0.0,-0.0
32,28,5.0,-123.0,0.0,-0.0
32,29,5.0,-121.0,0.0,-0.0
32,30,5.0,-119.0,0.0,-0.0
32,31,5.0,-117.0,0.0,-0.0
32,32,5.0,-115.0,0.0,-0.0
32,33,5.0,-113.0,0.0,-0.0
32,34,5.0,-111.0,0.0,-0.0
32,35,5.0,-109.0,0.0,-0.0
32,36,5.0,-107.0,0.0,-0.0
32,37,5.0,-105.0,0.0,-0.0
32,38,5.0,-103.0,0.0,-0.0
32,39,5.0,-101.0,0.0,-0.0
32,40,5.0,-99.0,0.0,-0.0
32,41,5.0,-97.0,0.0,-0.0
32,42,5.0,-95.0,0.0,-0.0
32,43,5.0,-93.0,0.0,-0.0
32,44,5.0,-91.0,0.0,-0.0
32,45,5.0,-89.0,0.0,-0.0
32,46,5.0,-87.0,0.0,-0.0
32,47,5.0,-85.0,0.0,-0.0
32,48,5.0,-83.0,0.0,-0.0
32,49,5.0,-81.0,0.0,-0.0
32,50,5.0,-79.0,0.0,-0.0
32,51,5.0,-77.0,0.0,-0.0
32,52,5.0,-75.0,0.0,-0.0
32,53,5.0,-73.0,0.0,-0.0
32,54,5.0,-71.0,0.0,-0.0
32,55,5.0,-69.0,0.0,-0.0
32,56,5.0,-67.0,0.0,-0.0
32,57,5.0,-65.0,0.0,-0.0
32,58,5.0,-63.0,0.0,-0.0
32,59,5.0,-61.0,0.0,-0.0
32,60,5.0,-59.0,0.0,-0.0
32,61,5.0,-57.0,0.0,-0.0
32,62,5.0,-55.0,0.0,-0.0
32,63,5.0,-53.0,0.0,-0.0
32,64,5.0,-51.0,0.0,-0.0
32,65,5.0,-49.0,0.0,-0.0
32,66,5.0,-47.0,0.0,-0.0
32,67,5.0,-45.0,0.0,-0.0
32,68,5.0,-43.0,0.0,-0.0
32,69,5.0,-41.0,0.0,-0.0
32,70,5.0,-39.0,0.0,-0.0
32,71,5.0,-37.0,0.0,-0.0
32,72,5.0,-35.0,0.0,-0.0
32,73,5.0,-33.0,0.0,-0.0
32,74,5.0,-31.0,0.0,-0.0
32,75,5.0,-29.0,0.0,-0.0
32,76,5.0,-27.0,0.0,-0.0
32,77,5.0,-25.0,0.0,-0.0
32,78,5.0,-23.0,0.0,-0.0
32,79,5.0,-21.0,0.0,-0.0
32,80,5.0,-19.0,0.0,-0.0
32,81,5.0,-17.0,0.0,-0.0
32,82,5.0,-15.0,0.0,-0.0
32,83,5.0,-13.0,0.0,-0.0
32,84,5.0,-11.0,0.0,-0.0
32,85,5.0,-9.0,0.0,-0.0
32,86,5.0,-7.0,0.0,-0.0
32,87,5.0,-5.0,0.0,-0.0
32,88,5.0,-3.0,0.0,-0.0
32,89,5.0,-1.0,0.0,-0.0
32,90,5.0,1.0,0.0,-0.0
32,91,5.0,3.0,0.0,-0.0
32,92,5.0,5.0,0.0,-0.0
32,93,5.0,7.0,0.0,-0.0
32,94,5.0,9.0,0.0,-0.0
32,95,5.0,11.0,0.0,-0.0
32,96,5.0,13.0,0.0,-0.0
32,97,5.0,15.0,0.0,-0.0
32,98,5.0,17.0,0.0,-0.0
32,99,5.0,19.0,0.0,-0.0
32,100,5.0,21.0,0.0,-0.0
32,101,5.0,23.0,0.0,-0.0
32,102,5.0,25.0,0.0,-0.0
32,103,5.0,27.0,0.0,-0.0
32,104,5.0,29.0,0.0,-0.0
32,105,5.0,31.0,0.0,-0.0
32,106,5.0,33.0,0.0,-0.0
32,107,5.0,35.0,0.0,-0.0
32,108,5.0,37.0,0.0,-0.0
32,109,5.0,39.0,0.0,-0.0
32,110,5.0,41.0,0.0,-0.0
32,111,5.0,43.0,0.0,-0.0
32,112,5.0,45.0,0.0,-0.0
32,113,5.0,47.0,0.0,-0.0
32,114,5.0,49.0,0.0,-0.0
32,115,5.0,51.0,0.0,-0.0
32,116,5.0,53.0,0.0,-0.0
32,117,5.0,55.0,0.0,-0.0
32,118,5.0,57.0,0.0,-0.0
32,119,5.0,59.0,0.0,-0.0
32,120,5.0,61.0,0.0,-0.0
32,121,5.0,63.0,0.0,-0.0
32,122,5.0,65.0,0.0,-0.0
32,123,5.0,67.0,0.0,-0.0
32,124,5.0,69.0,0.0,-0.0
32,125,5.0,71.0,0.0,-0.0
32,126,5.0,73.0,0.0,-0.0
32,127,5.0,75.0,0.0,-0.0
32,128,5.0,77.0,0.0,-0.0
32,129,5.0,79.0,0.0,-0.0
32,130,5.0,81.0,0.0,-0.0
32,131,5.0,83.0,0.0,-0.0
32,132,5.0,85.0,0.0,-0.0
32,133,5.0,87.0,0.0,-0.0
32,134,5.0,89.0,0.0,-0.0
32,135,5.0,91.0,0.0,-0.0
32,136,5.0,93.0,0.0,-0.0
32,137,5.0,95.0,0.0,-0.0
32,138,5.0,97.0,0.0,-0.0
32,139,5.0,99.0,0.0,-0.0
32,140,5.0,101.0,0.0,-0.0
32,141,5.0,103.0,0.0,-0.0
32,142,5.0,105.0,0.0,-0.0
32,143,5.0,107.0,0.0,-0.0
32,144,5.0,109.0,0.0,-0.0
32,145,5.0,111.0,0.0,-0.0
32,146,5.0,113.0,0.0,-0.0
32,147,5.0,115.0,0.0,-0.0
32,148,5.0,117.0,0.0,-0.0
32,149,5.0,119.0,0.0,-0.0
32,150,5.0,121.0,0.0,-0.0
32,151,5.0,123.0,0.0,-0.0
32,152,5.0,125.0,0.5091,0.71151484
32,153,5.0,127.0,0.5091,0.71151484
32,154,5.0,129.0,0.0,-0.0
32,155,5.0,131.0,0.0,-0.0
32,156,5.0,133.0,0.0,-0.0
32,157,5.0,135.0,0.0,-0.0
32,158,5.0,137.0,0.0,-0.0
32,159,5.0,139.0,0.0,-0.0
32,160,5.0,141.0,0.0,-0.0
32,161,5.0,143.0,0.0,-0.0
32,162,5.0,145.0,0.0,-0.0
32,163,5.0,147.0,0.0,-0.0
32,164,5.0,149.0,0.0,-0.0
32,165,5.0,151.0,0.0,-0.0
32,166,5.0,153.0,0.0,-0.0
32,167,5.0,155.0,0.0,-0.0
32,168,5.0,157.0,0.0,-0.0
32,169,5.0,159.0,0.0,-0.0
32,170,5.0,161.0,0.0,-0.0
32,171,5.0,163.0,0.0,-0.0
32,172,5.0,165.0,0.0,-0.0
32,173,5.0,167.0,0.0,-0.0
32,174,5.0,169.0,0.0,-0.0
32,175,5.0,171.0,0.0,-0.0
32,176,5.0,173.0,0.0,-0.0
32,177,5.0,175.0,0.0,-0.0
32,178,5.0,177.0,0.0,-0.0
32,179,5.0,179.0,0.0,-0.0
33,0,7.0,-179.0,0.0,-0.0
33,1,7.0,-177.0,0.0,-0.0
33,2,7.0,-175.0,0.0,-0.0
33,3,7.0,-173.0,0.0,-0.0
33,4,7.0,-171.0,0.0,-0.0
33,5,7.0,-169.0,0.0,-0.0
33,6,7.0,-167.0,0.0,-0.0
33,7,7.0,-165.0,0.0,-0.0
33,8,7.0,-163.0,0.0,-0.0
33,9,7.0,-161.0,0.0,-0.0
33,10,7.0,-159.0,0.0,-0.0
33,11,7.0,-157.0,0.0,-0.0
33,12,7.0,-155.0,0.0,-0.0
33,13,7.0,-153.0,0.0,-0.0
33,14,7.0,-151.0,0.0,-0.0
33,15,7.0,-149.0,0.0,-0.0
33,16,7.0,-147.0,0.0,-0.0
33,17,7.0,-145.0,0.0,-0.0
33,18,7.0,-143.0,0.0,-0.0
33,19,7.0,-141.0,0.0,-0.0
33,20,7.0,-139.0,0.0,-0.0
33,21,7.0,-137.0,0.0,-0.0
33,22,7.0,-135.0,0.0,-0.0
33,23,7.0,-133.0,0.0,-0.0
33,24,7.0,-131.0,0.0,-0.0
33,25,7.0,-129.0,0.0,-0.0
33,26,7.0,-127.0,0.0,-0.0
33,27,7.0,-125.0,0.0,-0.0
33,28,7.0,-123.0,0.0,-0.0
33,29,7.0,-121.0,0.0,-0.0
33,30,7.0,-119.0,0.0,-0.0
33,31,7.0,-117.0,0.0,-0.0
33,32,7.0,-115.0,0.0,-0.0
33,33,7.0,-113.0,0.0,-0.0
33,34,7.0,-111.0,0.0,-0.0
33,35,7.0,-109.0,0.0,-0.0
33,36,7.0,-107.0,0.0,-0.0
33,37,7.0,-105.0,0.0,-0.0
33,38,7.0,-103.0,0.0,-0.0
33,39,7.0,-101.0,0.0,-0.0
33,40,7.0,-99.0,0.0,-0.0
33,41,7.0,-97.0,0.0,-0.0
33,42,7.0,-95.0,0.0,-0.0
33,43,7.0,-93.0,0.0,-0.0
33,44,7.0,-91.0,0.0,-0.0
33,45,7.0,-89.0,0.0,-0.0
33,46,7.0,-87.0,0.0,-0.0
33,47,7.0,-85.0,0.0,-0.0
33,48,7.0,-83.0,0.0,-0.0
33,49,7.0,-81.0,0.0,-0.0
33,50,7.0,-79.0,0.0,-0.0
33,51,7.0,-77.0,0.0,-0.0
33,52,7.0,-75.0,0.0,-0.0
33,53,7.0,-73.0,0.0,-0.0
33,54,7.0,-71.0,0.0,-0.0
33,55,7.0,-69.0,0.0,-0.0
33,56,7.0,-67.0,0.0,-0.0
33,57,7.0,-65.0,0.0,-0.0
33,58,7.0,-63.0,0.0,-0.0
33,59,7.0,-61.0,0.0,-0.0
33,60,7.0,-59.0,0.0,-0.0
33,61,7.0,-57.0,0.0,-0.0
33,62,7.0,-55.0,0.0,-0.0
33,63,7.0,-53.0,0.0,-0.0
33,64,7.0,-51.0,0.0,-0.0
33,65,7.0,-49.0,0.0,-0.0
33,66,7.0,-47.0,0.0,-0.0
33,67,7.0,-45.0,0.0,-0.0
33,68,7.0,-43.0,0.0,-0.0
33,69,7.0,-41.0,0.0,-0.0
33,70,7.0,-39.0,0.0,-0.0
33,71,7.0,-37.0,0.0,-0.0
33,72,7.0,-35.0,0.0,-0.0
33,73,7.0,-33.0,0.0,-0.0
33,74,7.0,-31.0,0.0,-0.0
33,75,7.0,-29.0,0.0,-0.0
33,76,7.0,-27.0,0.0,-0.0
33,77,7.0,-25.0,0.0,-0.0
33,78,7.0,-23.0,0.0,-0.0
33,79,7.0,-21.0,0.0,-0.0
33,80,7.0,-19.0,0.0,-0.0
33,81,7.0,-17.0,0.0,-0.0
33,82,7.0,-15.0,0.0,-0.0
33,83,7.0,-13.0,0.0,-0.0
33,84,7.0,-11.0,0.0,-0.0
33,85,7.0,-9.0,0.0,-0.0
33,86,7.0,-7.0,0.0,-0.0
33,87,7.0,-5.0,0.0,-0.0
33,88,7.0,-3.0,0.0,-0.0
33,89,7.0,-1.0,0.0,-0.0
33,90,7.0,1.0,0.0,-0.0
33,91,7.0,3.0,0.0,-0.0
33,92,7.0,5.0,0.0,-0.0
33,93,7.0,7.0,0.0,-0.0
33,94,7.0,9.0,0.0,-0.0
33,95,7.0,11.0,0.0,-0.0
33,96,7.0,13.0,0.0,-0.0
33,97,7.0,15.0,0.0,-0.0
33,98,7.0,17.0,0.0,-0.0
33,99,7.0,19.0,0.0,-0.0
33,100,7.0,21.0,0.0,-0.0
33,101,7.0,23.0,0.0,-0.0
33,102,7.0,25.0,0.0,-0.0
33,103,7.0,27.0,0.0,-0.0
33,104,7.0,29.0,0.0,-0.0
33,105,7.0,31.0,0.0,-0.0
33,106,7.0,33.0,0.0,-0.0
33,107,7.0,35.0,0.0,-0.0
33,108,7.0,37.0,0.0,-0.0
33,109,7.0,39.0,0.0,-0.0
33,110,7.0,41.0,0.0,-0.0
33,111,7.0,43.0,0.0,-0.0
33,112,7.0,45.0,0.0,-0.0
33,113,7.0,47.0,0.0,-0.0
33,114,7.0,49.0,0.0,-0.0
33,115,7.0,51.0,0.0,-0.0
33,116,7.0,53.0,0.0,-0.0
33,117,7.0,55.0,0.0,-0.0
33,118,7.0,57.0,0.0,-0.0
33,119,7.0,59.0,0.0,-0.0
33,120,7.0,61.0,0.0,-0.0
33,121,7.0,63.0,0.0,-0.0
33,122,7.0,65.0,0.0,-0.0
33,123,7.0,67.0,0.0,-0.0
33,124,7.0,69.0,0.0,-0.0
33,125,7.0,71.0,0.0,-0.0
33,126,7.0,73.0,0.0,-0.0
33,127,7.0,75.0,0.0,-0.0
33,128,7.0,77.0,0.0,-0.0
33,129,7.0,79.0,0.0,-0.0
33,130,7.0,81.0,0.0,-0.0
33,131,7.0,83.0,0.0,-0.0
33,132,7.0,85.0,0.0,-0.0
33,133,7.0,87.0,0.0,-0.0
33,134,7.0,89.0,0.0,-0.0
33,135,7.0,91.0,0.0,-0.0
33,136,7.0,93.0,0.0,-0.0
33,137,7.0,95.0,0.0,-0.0
33,138,7.0,97.0,0.0,-0.0
33,139,7.0,99.0,0.0,-0.0
33,140,7.0,101.0,0.0,-0.0
33,141,7.0,103.0,0.0,-0.0
33,142,7.0,105.0,0.0,-0.0
33,143,7.0,107.0,0.0,-0.0
33,144,7.0,109.0,0.0,-0.0
33,145,7.0,111.0,0.0,-0.0
33,146,7.0,113.0,0.0,-0.0
33,147,7.0,115.0,0.0,-0.0
33,148,7.0,117.0,0.0,-0.0
33,149,7.0,119.0,0.0,-0.0
33,150,7.0,121.0,0.0,-0.0
33,151,7.0,123.0,0.0,-0.0
33,152,7.0,125.0,0.0,-0.0
33,153,7.0,127.0,0.0,-0.0
33,154,7.0,129.0,0.0,-0.0
33,155,7.0,131.0,0.0,-0.0
33,156,7.0,133.0,0.0,-0.0
33,157,7.0,135.0,0.0,-0.0
33,158,7.0,137.0,0.0,-0.0
33,159,7.0,139.0,0.0,-0.0
33,160,7.0,141.0,0.0,-0.0
33,161,7.0,143.0,0.0,-0.0
33,162,7.0,145.0,0.0,-0.0
33,163,7.0,147.0,0.0,-0.0
33,164,7.0,149.0,0.0,-0.0
33,165,7.0,151.0,0.0,-0.0
33,166,7.0,153.0,0.0,-0.0
33,167,7.0,155.0,0.0,-0.0
33,168,7.0,157.0,0.0,-0.0
33,169,7.0,159.0,0.0,-0.0
33,170,7.0,161.0,0.0,-0.0
33,171,7.0,163.0,0.0,-0.0
33,172,7.0,165.0,0.0,-0.0
33,173,7.0,167.0,0.0,-0.0
33,174,7.0,169.0,0.0,-0.0
33,175,7.0,171.0,0.0,-0.0
33,176,7.0,173.0,0.0,-0.0
33,177,7.0,175.0,0.0,-0.0
33,178,7.0,177.0,0.0,-0.0
33,179,7.0,179.0,0.0,-0.0
34,0,9.0,-179.0,0.0,-0.0
34,1,9.0,-177.0,0.0,-0.0
34,2,9.0,-175.0,0.0,-0.0
34,3,9.0,-173.0,0.0,-0.0
34,4,9.0,-171.0,0.0,-0.0
34,5,9.0,-169.0,0.0,-0.0
34,6,9.0,-167.0,0.0,-0.0
34,7,9.0,-165.0,0.0,-0.0
34,8,9.0,-163.0,0.0,-0.0
34,9,9.0,-161.0,0.0,-0.0
34,10,9.0,-159.0,0.0,-0.0
34,11,9.0,-157.0,0.0,-0.0
34,12,9.0,-155.0,0.0,-0.0
34,13,9.0,-153.0,0.0,-0.0
34,14,9.0,-151.0,0.0,-0.0
34,15,9.0,-149.0,0.0,-0.0
34,16,9.0,-147.0,0.0,-0.0
34,17,9.0,-145.0,0.0,-0.0
34,18,9.0,-143.0,0.0,-0.0
34,19,9.0,-141.0,0.0,-0.0
34,20,9.0,-139.0,0.0,-0.0
34,21,9.0,-137.0,0.0,-0.0
34,22,9.0,-135.0,0.0,-0.0
34,23,9.0,-133.0,0.0,-0.0
34,24,9.0,-131.0,0.0,-0.0
34,25,9.0,-129.0,0.0,-0.0
34,26,9.0,-127.0,0.0,-0.0
34,27,9.0,-125.0,0.0,-0.0
34,28,9.0,-123.0,0.0,-0.0
34,29,9.0,-121.0,0.0,-0.0
34,30,9.0,-119.0,0.0,-0.0
34,31,9.0,-117.0,0.0,-0.0
34,32,9.0,-115.0,0.0,-0.0
34,33,9.0,-113.0,0.0,-0.0
34,34,9.0,-111.0,0.0,-0.0
34,35,9.0,-109.0,0.0,-0.0
34,36,9.0,-107.0,0.0,-0.0
34,37,9.0,-105.0,0.0,-0.0
34,38,9.0,-103.0,0.0,-0.0
34,39,9.0,-101.0,0.0,-0.0
34,40,9.0,-99.0,0.0,-0.0
34,41,9.0,-97.0,0.0,-0.0
34,42,9.0,-95.0,0.0,-0.0
34,43,9.0,-93.0,0.0,-0.0
34,44,9.0,-91.0,0.0,-0.0
34,45,9.0,-89.0,0.0,-0.0
34,46,9.0,-87.0,0.0,-0.0
34,47,9.0,-85.0,0.0,-0.0
34,48,9.0,-83.0,0.0,-0.0
34,49,9.0,-81.0,0.0,-0.0
34,50,9.0,-79.0,0.0,-0.0
34,51,9.0,-77.0,0.0,-0.0
34,52,9.0,-75.0,0.0,-0.0
34,53,9.0,-73.0,0.0,-0.0
34,54,9.0,-71.0,0.0,-0.0
34,55,9.0,-69.0,0.0,-0.0
34,56,9.0,-67.0,0.0,-0.0
34,57,9.0,-65.0,0.0,-0.0
34,58,9.0,-63.0,0.0,-0.0
34,59,9.0,-61.0,0.0,-0.0
34,60,9.0,-59.0,0.0,-0.0
34,61,9.0,-57.0,0.0,-0.0
34,62,9.0,-55.0,0.0,-0.0
34,63,9.0,-53.0,0.0,-0.0
34,64,9.0,-51.0,0.0,-0.0
34,65,9.0,-49.0,0.0,-0.0
34,66,9.0,-47.0,0.0,-0.0
34,67,9.0,-45.0,0.0,-0.0
34,68,9.0,-43.0,0.0,-0.0
34,69,9.0,-41.0,0.0,-0.0
34,70,9.0,-39.0,0.0,-0.0
34,71,9.0,-37.0,0.0,-0.0
34,72,9.0,-35.0,0.0,-0.0
34,73,9.0,-33.0,0.0,-0.0
34,74,9.0,-31.0,0.0,-0.0
34,75,9.0,-29.0,0.0,-0.0
34,76,9.0,-27.0,0.0,-0.0
34,77,9.0,-25.0,0.0,-0.0
34,78,9.0,-23.0,0.0,-0.0
34,79,9.0,-21.0,0.0,-0.0
34,80,9.0,-19.0,0.0,-0.0
34,81,9.0,-17.0,0.0,-0.0
34,82,9.0,-15.0,0.0,-0.0
34,83,9.0,-13.0,0.0,-0.0
34,84,9.0,-11.0,0.0,-0.0
34,85,9.0,-9.0,0.0,-0.0
34,86,9.0,-7.0,0.0,-0.0
34,87,9.0,-5.0,0.0,-0.0
34,88,9.0,-3.0,0.0,-0.0
34,89,9.0,-1.0,0.0,-0.0
34,90,9.0,1.0,0.0,-0.0
34,91,9.0,3.0,0.0,-0.0
34,92,9.0,5.0,0.0,-0.0
34,93,9.0,7.0,0.0,-0.0
34,94,9.0,9.0,0.0,-0.0
34,95,9.0,11.0,0.0,-0.0
34,96,9.0,13.0,0.0,-0.0
34,97,9.0,15.0,0.0,-0.0
34,98,9.0,17.0,0.0,-0.0
34,99,9.0,19.0,0.0,-0.0
34,100,9.0,21.0,0.0,-0.0
34,101,9.0,23.0,0.0,-0.0
34,102,9.0,25.0,0.0,-0.0
34,103,9.0,27.0,0.0,-0.0
34,104,9.0,29.0,0.0,-0.0
34,105,9.0,31.0,0.0,-0.0
34,106,9.0,33.0,0.0,-0.0
34,107,9.0,35.0,0.0,-0.0
34,108,9.0,37.0,0.0,-0.0
34,109,9.0,39.0,0.0,-0.0
34,110,9.0,41.0,0.0,-0.0
34,111,9.0,43.0,0.0,-0.0
34,112,9.0,45.0,0.0,-0.0
34,113,9.0,47.0,0.0,-0.0
34,114,9.0,49.0,0.0,-0.0
34,115,9.0,51.0,0.0,-0.0
34,116,9.0,53.0,0.0,-0.0
34,117,9.0,55.0,0.0,-0.0
34,118,9.0,57.0,0.0,-0.0
34,119,9.0,59.0,0.0,-0.0
34,120,9.0,61.0,0.0,-0.0
34,121,9.0,63.0,0.0,-0.0
34,122,9.0,65.0,0.0,-0.0
34,123,9.0,67.0,0.0,-0.0
34,124,9.0,69.0,0.0,-0.0
34,125,9.0,71.0,0.0,-0.0
34,126,9.0,73.0,0.0,-0.0
34,127,9.0,75.0,0.0,-0.0
34,128,9.0,77.0,0.0,-0.0
34,129,9.0,79.0,0.0,-0.0
34,130,9.0,81.0,0.0,-0.0
34,131,9.0,83.0,0.0,-0.0
34,132,9.0,85.0,0.0,-0.0
34,133,9.0,87.0,0.0,-0.0
34,134,9.0,89.0,0.0,-0.0
34,135,9.0,91.0,0.0,-0.0
34,136,9.0,93.0,0.0,-0.0
34,137,9.0,95.0,0.0,-0.0
34,138,9.0,97.0,0.0,-0.0
34,139,9.0,99.0,0.0,-0.0
34,140,9.0,101.0,0.0,-0.0
34,141,9.0,103.0,0.0,-0.0
34,142,9.0,105.0,0.0,-0.0
34,143,9.0,107.0,0.0,-0.0
34,144,9.0,109.0,0.0,-0.0
34,145,9.0,111.0,0.0,-0.0
34,146,9.0,113.0,0.0,-0.0
34,147,9.0,115.0,0.0,-0.0
34,148,9.0,117.0,0.0,-0.0
34,149,9.0,119.0,0.0,-0.0
34,150,9.0,121.0,0.0,-0.0
34,151,9.0,123.0,0.0,-0.0
34,152,9.0,125.0,0.0,-0.0
34,153,9.0,127.0,0.0,-0.0
34,154,9.0,129.0,0.0,-0.0
34,155,9.0,131.0,0.0,-0.0
34,156,9.0,133.0,0.0,-0.0
34,157,9.0,135.0,0.0,-0.0
34,158,9.0,137.0,0.0,-0.0
34,159,9.0,139.0,0.0,-0.0
34,160,9.0,141.0,0.0,-0.0
34,161,9.0,143.0,0.0,-0.0
34,162,9.0,145.0,0.0,-0.0
34,163,9.0,147.0,0.0,-0.0
34,164,9.0,149.0,0.0,-0.0
34,165,9.0,151.0,0.0,-0.0
34,166,9.0,153.0,0.0,-0.0
34,167,9.0,155.0,0.0,-0.0
34,168,9.0,157.0,0.0,-0.0
34,169,9.0,159.0,0.0,-0.0
34,170,9.0,161.0,0.0,-0.0
34,171,9.0,163.0,0.0,-0.0
34,172,9.0,165.0,0.0,-0.0
34,173,9.0,167.0,0.0,-0.0
34,174,9.0,169.0,0.0,-0.0
34,175,9.0,171.0,0.0,-0.0
34,176,9.0,173.0,0.0,-0.0
34,177,9.0,175.0,0.0,-0.0
34,178,9.0,177.0,0.0,-0.0
34,179,9.0,179.0,0.0,-0.0
35,0,11.0,-179.0,0.0,-0.0
35,1,11.0,-177.0,0.0,-0.0
35,2,11.0,-175.0,0.0,-0.0
35,3,11.0,-173.0,0.0,-0.0
35,4,11.0,-171.0,0.0,-0.0
35,5,11.0,-169.0,0.0,-0.0
35,6,11.0,-167.0,0.0,-0.0
35,7,11.0,-165.0,0.0,-0.0
35,8,11.0,-163.0,0.0,-0.0
35,9,11.0,-161.0,0.0,-0.0
35,10,11.0,-159.0,0.0,-0.0
35,11,11.0,-157.0,0.0,-0.0
35,12,11.0,-155.0,0.0,-0.0
35,13,11.0,-153.0,0.0,-0.0
35,14,11.0,-151.0,0.0,-0.0
35,15,11.0,-149.0,0.0,-0.0
35,16,11.0,-147.0,0.0,-0.0
35,17,11.0,-145.0,0.0,-0.0
35,18,11.0,-143.0,0.0,-0.0
35,19,11.0,-141.0,0.0,-0.0
35,20,11.0,-139.0,0.0,-0.0
35,21,11.0,-137.0,0.0,-0.0
35,22,11.0,-135.0,0.0,-0.0
35,23,11.0,-133.0,0.0,-0.0
35,24,11.0,-131.0,0.0,-0.0
35,25,11.0,-129.0,0.0,-0.0
35,26,11.0,-127.0,0.0,-0.0
35,27,11.0,-125.0,0.0,-0.0
35,28,11.0,-123.0,0.0,-0.0
35,29,11.0,-121.0,0.0,-0.0
35,30,11.0,-119.0,0.0,-0.0
35,31,11.0,-117.0,0.0,-0.0
35,32,11.0,-115.0,0.0,-0.0
35,33,11.0,-113.0,0.0,-0.0
35,34,11.0,-111.0,0.0,-0.0
35,35,11.0,-109.0,0.0,-0.0
35,36,11.0,-107.0,0.0,-0.0
35,37,11.0,-105.0,0.0,-0.0
35,38,11.0,-103.0,0.0,-0.0
35,39,11.0,-101.0,0.0,-0.0
35,40,11.0,-99.0,0.0,-0.0
35,41,11.0,-97.0,0.0,-0.0
35,42,11.0,-95.0,0.0,-0.0
35,43,11.0,-93.0,0.0,-0.0
35,44,11.0,-91.0,0.0,-0.0
35,45,11.0,-89.0,0.0,-0.0
35,46,11.0,-87.0,0.0,-0.0
35,47,11.0,-85.0,0.0,-0.0
35,48,11.0,-83.0,0.0,-0.0
35,49,11.0,-81.0,0.0,-0.0
35,50,11.0,-79.0,0.0,-0.0
35,51,11.0,-77.0,0.0,-0.0
35,52,11.0,-75.0,0.0,-0.0
35,53,11.0,-73.0,0.0,-0.0
35,54,11.0,-71.0,0.0,-0.0
35,55,11.0,-69.0,0.0,-0.0
35,56,11.0,-67.0,0.0,-0.0
35,57,11.0,-65.0,0.0,-0.0
35,58,11.0,-63.0,0.0,-0.0
35,59,11.0,-61.0,0.0,-0.0
35,60,11.0,-59.0,0.0,-0.0
35,61,11.0,-57.0,0.0,-0.0
35,62,11.0,-55.0,0.0,-0.0
35,63,11.0,-53.0,0.0,-0.0
35,64,11.0,-51.0,0.0,-0.0
35,65,11.0,-49.0,0.0,-0.0
35,66,11.0,-47.0,0.0,-0.0
35,67,11.0,-45.0,0.0,-0.0
35,68,11.0,-43.0,0.0,-0.0
35,69,11.0,-41.0,0.0,-0.0
35,70,11.0,-39.0,0.0,-0.0
35,71,11.0,-37.0,0.0,-0.0
35,72,11.0,-35.0,0.0,-0.0
35,73,11.0,-33.0,0.0,-0.0
35,74,11.0,-31.0,0.0,-0.0
35,75,11.0,-29.0,0.0,-0.0
35,76,11.0,-27.0,0.0,-0.0
35,77,11.0,-25.0,0.0,-0.0
35,78,11.0,-23.0,0.0,-0.0
35,79,11.0,-21.0,0.0,-0.0
35,80,11.0,-19.0,0.0,-0.0
35,81,11.0,-17.0,0.0,-0.0
35,82,11.0,-15.0,0.0,-0.0
35,83,11.0,-13.0,0.0,-0.0
35,84,11.0,-11.0,0.0,-0.0
35,85,11.0,-9.0,0.0,-0.0
35,86,11.0,-7.0,0.0,-0.0
35,87,11.0,-5.0,0.0,-0.0
35,88,11.0,-3.0,0.0,-0.0
35,89,11.0,-1.0,0.0,-0.0
35,90,11.0,1.0,0.0,-0.0
35,91,11.0,3.0,0.0,-0.0
35,92,11.0,5.0,0.0,-0.0
35,93,11.0,7.0,0.0,-0.0
35,94,11.0,9.0,0.0,-0.0
35,95,11.0,11.0,0.0,-0.0
35,96,11.0,13.0,0.0,-0.0
35,97,11.0,15.0,0.0,-0.0
35,98,11.0,17.0,0.0,-0.0
35,99,11.0,19.0,0.0,-0.0
35,100,11.0,21.0,0.0,-0.0
35,101,11.0,23.0,0.0,-0.0
35,102,11.0,25.0,0.0,-0.0
35,103,11.0,27.0,0.0,-0.0
35,104,11.0,29.0,0.0,-0.0
35,105,11.0,31.0,0.0,-0.0
35,106,11.0,33.0,0.0,-0.0
35,107,11.0,35.0,0.0,-0.0
35,108,11.0,37.0,0.0,-0.0
35,109,11.0,39.0,0.0,-0.0
35,110,11.0,41.0,0.0,-0.0
35,111,11.0,43.0,0.0,-0.0
35,112,11.0,45.0,0.0,-0.0
35,113,11.0,47.0,0.0,-0.0
35,114,11.0,49.0,0.0,-0.0
35,115,11.0,51.0,0.0,-0.0
35,116,11.0,53.0,0.0,-0.0
35,117,11.0,55.0,0.0,-0.0
35,118,11.0,57.0,0.0,-0.0
35,119,11.0,59.0,0.0,-0.0
35,120,11.0,61.0,0.0,-0.0
35,121,11.0,63.0,0.0,-0.0
35,122,11.0,65.0,0.0,-0.0
35,123,11.0,67.0,0.0,-0.0
35,124,11.0,69.0,0.0,-0.0
35,125,11.0,71.0,0.0,-0.0
35,126,11.0,73.0,0.0,-0.0
35,127,11.0,75.0,0.0,-0.0
35,128,11.0,77.0,0.0,-0.0
35,129,11.0,79.0,0.0,-0.0
35,130,11.0,81.0,0.0,-0.0
35,131,11.0,83.0,0.0,-0.0
35,132,11.0,85.0,0.0,-0.0
35,133,11.0,87.0,0.0,-0.0
35,134,11.0,89.0,0.0,-0.0
35,135,11.0,91.0,0.0,-0.0
35,136,11.0,93.0,0.0,-0.0
35,137,11.0,95.0,0.0,-0.0
35,138,11.0,97.0,0.0,-0.0
35,139,11.0,99.0,0.0,-0.0
35,140,11.0,101.0,0.0,-0.0
35,141,11.0,103.0,0.0,-0.0
35,142,11.0,105.0,0.0,-0.0
35,143,11.0,107.0,0.0,-0.0
35,144,11.0,109.0,0.0,-0.0
35,145,11.0,111.0,0.0,-0.0
35,146,11.0,113.0,0.0,-0.0
35,147,11.0,115.0,0.0,-0.0
35,148,11.0,117.0,0.0,-0.0
35,149,11.0,119.0,0.0,-0.0
35,150,11.0,121.0,0.0,-0.0
35,151,11.0,123.0,0.0,-0.0
35,152,11.0,125.0,0.0,-0.0
35,153,11.0,127.0,0.0,-0.0
35,154,11.0,129.0,0.0,-0.0
35,155,11.0,131.0,0.0,-0.0
35,156,11.0,133.0,0.0,-0.0
35,157,11.0,135.0,0.0,-0.0
35,158,11.0,137.0,0.0,-0.0
35,159,11.0,139.0,0.0,-0.0
35,160,11.0,141.0,0.0,-0.0
35,161,11.0,143.0,0.0,-0.0
35,162,11.0,145.0,0.0,-0.0
35,163,11.0,147.0,0.0,-0.0
35,164,11.0,149.0,0.0,-0.0
35,165,11.0,151.0,0.0,-0.0
35,166,11.0,153.0,0.0,-0.0
35,167,11.0,155.0,0.0,-0.0
35,168,11.0,157.0,0.0,-0.0
35,169,11.0,159.0,0.0,-0.0
35,170,11.0,161.0,0.0,-0.0
35,171,11.0,163.0,0.0,-0.0
35,172,11.0,165.0,0.0,-0.0
35,173,11.0,167.0,0.0,-0.0
35,174,11.0,169.0,0.0,-0.0
35,175,11.0,171.0,0.0,-0.0
35,176,11.0,173.0,0.0,-0.0
35,177,11.0,175.0,0.0,-0.0
35,178,11.0,177.0,0.0,-0.0
35,179,11.0,179.0,0.0,-0.0
36,0,13.0,-179.0,0.0,-0.0
36,1,13.0,-177.0,0.0,-0.0
36,2,13.0,-175.0,0.0,-0.0
36,3,13.0,-173.0,0.0,-0.0
36,4,13.0,-171.0,0.0,-0.0
36,5,13.0,-169.0,0.0,-0.0
36,6,13.0,-167.0,0.0,-0.0
36,7,13.0,-165.0,0.0,-0.0
36,8,13.0,-163.0,0.0,-0.0
36,9,13.0,-161.0,0.0,-0.0
36,10,13.0,-159.0,0.0,-0.0
36,11,13.0,-157.0,0.0,-0.0
36,12,13.0,-155.0,0.0,-0.0
36,13,13.0,-153.0,0.0,-0.0
36,14,13.0,-151.0,0.0,-0.0
36,15,13.0,-149.0,0.0,-0.0
36,16,13.0,-147.0,0.0,-0.0
36,17,13.0,-145.0,0.0,-0.0
36,18,13.0,-143.0,0.0,-0.0
36,19,13.0,-141.0,0.0,-0.0
36,20,13.0,-139.0,0.0,-0.0
36,21,13.0,-137.0,0.0,-0.0
36,22,13.0,-135.0,0.0,-0.0
36,23,13.0,-133.0,0.0,-0.0
36,24,13.0,-131.0,0.0,-0.0
36,25,13.0,-129.0,0.0,-0.0
36,26,13.0,-127.0,0.0,-0.0
36,27,13.0,-125.0,0.0,-0.0
36,28,13.0,-123.0,0.0,-0.0
36,29,13.0,-121.0,0.0,-0.0
36,30,13.0,-119.0,0.0,-0.0
36,31,13.0,-117.0,0.0,-0.0
36,32,13.0,-115.0,0.0,-0.0
36,33,13.0,-113.0,0.0,-0.0
36,34,13.0,-111.0,0.0,-0.0
36,35,13.0,-109.0,0.0,-0.0
36,36,13.0,-107.0,0.0,-0.0
36,37,13.0,-105.0,0.0,-0.0
36,38,13.0,-103.0,0.0,-0.0
36,39,13.0,-101.0,0.0,-0.0
36,40,13.0,-99.0,0.0,-0.0
36,41,13.0,-97.0,0.0,-0.0
36,42,13.0,-95.0,0.0,-0.0
36,43,13.0,-93.0,0.0356,0.03624913
36,44,13.0,-91.0,0.0,-0.0
36,45,13.0,-89.0,0.0,-0.0
36,46,13.0,-87.0,0.0,-0.0
36,47,13.0,-85.0,0.0,-0.0
36,48,13.0,-83.0,0.0,-0.0
36,49,13.0,-81.0,0.0,-0.0
36,50,13.0,-79.0,0.0,-0.0
36,51,13.0,-77.0,0.0,-0.0
36,52,13.0,-75.0,0.0,-0.0
36,53,13.0,-73.0,0.0,-0.0
36,54,13.0,-71.0,0.0,-0.0
36,55,13.0,-69.0,0.0,-0.0
36,56,13.0,-67.0,0.0,-0.0
36,57,13.0,-65.0,0.0,-0.0
36,58,13.0,-63.0,0.0,-0.0
36,59,13.0,-61.0,0.0,-0.0
36,60,13.0,-59.0,0.0,-0.0
36,61,13.0,-57.0,0.0,-0.0
36,62,13.0,-55.0,0.0,-0.0
36,63,13.0,-53.0,0.0,-0.0
36,64,13.0,-51.0,0.0,-0.0
36,65,13.0,-49.0,0.0,-0.0
36,66,13.0,-47.0,0.0,-0.0
36,67,13.0,-45.0,0.0,-0.0
36,68,13.0,-43.0,0.0,-0.0
36,69,13.0,-41.0,0.0,-0.0
36,70,13.0,-39.0,0.0,-0.0
36,71,13.0,-37.0,0.0,-0.0
36,72,13.0,-35.0,0.0,-0.0
36,73,13.0,-33.0,0.0,-0.0
36,74,13.0,-31.0,0.0,-0.0
36,75,13.0,-29.0,0.0,-0.0
36,76,13.0,-27.0,0.0,-0.0
36,77,13.0,-25.0,0.0,-0.0
36,78,13.0,-23.0,0.0,-0.0
36,79,13.0,-21.0,0.0,-0.0
36,80,13.0,-19.0,0.0,-0.0
36,81,13.0,-17.0,0.0,-0.0
36,82,13.0,-15.0,0.0,-0.0
36,83,13.0,-13.0,0.0,-0.0
36,84,13.0,-11.0,0.0,-0.0
36,85,13.0,-9.0,0.0,-0.0
36,86,13.0,-7.0,0.0,-0.0
36,87,13.0,-5.0,0.0,-0.0
36,88,13.0,-3.0,0.0,-0.0
36,89,13.0,-1.0,0.0,-0.0
36,90,13.0,1.0,0.0,-0.0
36,91,13.0,3.0,0.0,-0.0
36,92,13.0,5.0,0.0,-0.0
36,93,13.0,7.0,0.0,-0.0
36,94,13.0,9.0,0.0,-0.0
36,95,13.0,11.0,0.0,-0.0
36,96,13.0,13.0,0.0,-0.0
36,97,13.0,15.0,0.0,-0.0
36,98,13.0,17.0,0.0,-0.0
36,99,13.0,19.0,0.0,-0.0
36,100,13.0,21.0,0.0,-0.0
36,101,13.0,23.0,0.0,-0.0
36,102,13.0,25.0,0.0,-0.0
36,103,13.0,27.0,0.0,-0.0
36,104,13.0,29.0,0.0,-0.0
36,105,13.0,31.0,0.0,-0.0
36,106,13.0,33.0,0.0,-0.0
36,107,13.0,35.0,0.0,-0.0
36,108,13.0,37.0,0.0,-0.0
36,109,13.0,39.0,0.0,-0.0
36,110,13.0,41.0,0.0,-0.0
36,111,13.0,43.0,0.0,-0.0
36,112,13.0,45.0,0.0,-0.0
36,113,13.0,47.0,0.0,-0.0
36,114,13.0,49.0,0.0,-0.0
36,115,13.0,51.0,0.0,-0.0
36,116,13.0,53.0,0.0,-0.0
36,117,13.0,55.0,0.0,-0.0
36,118,13.0,57.0,0.0,-0.0
36,119,13.0,59.0,0.0,-0.0
36,120,13.0,61.0,0.0,-0.0
36,121,13.0,63.0,0.0,-0.0
36,122,13.0,65.0,0.0,-0.0
36,123,13.0,67.0,0.0,-0.0
36,124,13.0,69.0,0.0,-0.0
36,125,13.0,71.0,0.0,-0.0
36,126,13.0,73.0,0.0,-0.0
36,127,13.0,75.0,0.0,-0.0
36,128,13.0,77.0,0.0,-0.0
36,129,13.0,79.0,0.0,-0.0
36,130,13.0,81.0,0.0,-0.0
36,131,13.0,83.0,0.0,-0.0
36,132,13.0,85.0,0.0,-0.0
36,133,13.0,87.0,0.0,-0.0
36,134,13.0,89.0,0.0,-0.0
36,135,13.0,91.0,0.0,-0.0
36,136,13.0,93.0,0.0,-0.0
36,137,13.0,95.0,0.0,-0.0
36,138,13.0,97.0,0.0,-0.0
36,139,13.0,99.0,0.0,-0.0
36,140,13.0,101.0,0.0,-0.0
36,141,13.0,103.0,0.0,-0.0
36,142,13.0,105.0,0.0,-0.0
36,143,13.0,107.0,0.0,-0.0
36,144,13.0,109.0,0.0,-0.0
36,145,13.0,111.0,0.0,-0.0
36,146,13.0,113.0,0.0,-0.0
36,147,13.0,115.0,0.0,-0.0
36,148,13.0,117.0,0.0,-0.0
36,149,13.0,119.0,0.0,-0.0
36,150,13.0,121.0,0.0,-0.0
36,151,13.0,123.0,0.5091,0.71151484
36,152,13.0,125.0,0.0,-0.0
36,153,13.0,127.0,0.0,-0.0
36,154,13.0,129.0,0.0,-0.0
36,155,13.0,131.0,0.0,-0.0
36,156,13.0,133.0,0.0,-0.0
36,157,13.0,135.0,0.0,-0.0
36,158,13.0,137.0,0.0,-0.0
36,159,13.0,139.0,0.0,-0.0
36,160,13.0,141.0,0.0,-0.0
36,161,13.0,143.0,0.0,-0.0
36,162,13.0,145.0,0.0,-0.0
36,163,13.0,147.0,0.0,-0.0
36,164,13.0,149.0,0.0,-0.0
36,165,13.0,151.0,0.0,-0.0
36,166,13.0,153.0,0.0,-0.0
36,167,13.0,155.0,0.0,-0.0
36,168,13.0,157.0,0.0,-0.0
36,169,13.0,159.0,0.0,-0.0
36,170,13.0,161.0,0.0,-0.0
36,171,13.0,163.0,0.0,-0.0
36,172,13.0,165.0,0.0,-0.0
36,173,13.0,167.0,0.0,-0.0
36,174,13.0,169.0,0.0,-0.0
36,175,13.0,171.0,0.0,-0.0
36,176,13.0,173.0,0.0,-0.0
36,177,13.0,175.0,0.0,-0.0
36,178,13.0,177.0,0.0,-0.0
36,179,13.0,179.0,0.0,-0.0
37,0,15.0,-179.0,0.0,-0.0
37,1,15.0,-177.0,0.0,-0.0
37,2,15.0,-175.0,0.0,-0.0
37,3,15.0,-173.0,0.0,-0.0
37,4,15.0,-171.0,0.0,-0.0
37,5,15.0,-169.0,0.0,-0.0
37,6,15.0,-167.0,0.0,-0.0
37,7,15.0,-165.0,0.0,-0.0
37,8,15.0,-163.0,0.0,-0.0
37,9,15.0,-161.0,0.0,-0.0
37,10,15.0,-159.0,0.0,-0.0
37,11,15.0,-157.0,0.0,-0.0
37,12,15.0,-155.0,0.0,-0.0
37,13,15.0,-153.0,0.0,-0.0
37,14,15.0,-151.0,0.0,-0.0
37,15,15.0,-149.0,0.0,-0.0
37,16,15.0,-147.0,0.0,-0.0
37,17,15.0,-145.0,0.0,-0.0
37,18,15.0,-143.0,0.0,-0.0
37,19,15.0,-141.0,0.0,-0.0
37,20,15.0,-139.0,0.0,-0.0
37,21,15.0,-137.0,0.0,-0.0
37,22,15.0,-135.0,0.0,-0.0
37,23,15.0,-133.0,0.0,-0.0
37,24,15.0,-131.0,0.0,-0.0
37,25,15.0,-129.0,0.0,-0.0
37,26,15.0,-127.0,0.0,-0.0
37,27,15.0,-125.0,0.0,-0.0
37,28,15.0,-123.0,0.0,-0.0
37,29,15.0,-121.0,0.0,-0.0
37,30,15.0,-119.0,0.0,-0.0
37,31,15.0,-117.0,0.0,-0.0
37,32,15.0,-115.0,0.0,-0.0
37,33,15.0,-113.0,0.0,-0.0
37,34,15.0,-111.0,0.0,-0.0
37,35,15.0,-109.0,0.0,-0.0
37,36,15.0,-107.0,0.0,-0.0
37,37,15.0,-105.0,0.0,-0.0
37,38,15.0,-103.0,0.0,-0.0
37,39,15.0,-101.0,0.0,-0.0
37,40,15.0,-99.0,0.0,-0.0
37,41,15.0,-97.0,0.0,-0.0
37,42,15.0,-95.0,0.0,-0.0
37,43,15.0,-93.0,0.0356,0.03624913
37,44,15.0,-91.0,0.0,-0.0
37,45,15.0,-89.0,0.0,-0.0
37,46,15.0,-87.0,0.0,-0.0
37,47,15.0,-85.0,0.0,-0.0
37,48,15.0,-83.0,0.0,-0.0
37,49,15.0,-81.0,0.0,-0.0
37,50,15.0,-79.0,0.0,-0.0
37,51,15.0,-77.0,0.0,-0.0
37,52,15.0,-75.0,0.0,-0.0
37,53,15.0,-73.0,0.0,-0.0
37,54,15.0,-71.0,0.0,-0.0
37,55,15.0,-69.0,0.0,-0.0
37,56,15.0,-67.0,0.0,-0.0
37,57,15.0,-65.0,0.0,-0.0
37,58,15.0,-63.0,0.0,-0.0
37,59,15.0,-61.0,0.0,-0.0
37,60,15.0,-59.0,0.0,-0.0
37,61,15.0,-57.0,0.0,-0.0
37,62,15.0,-55.0,0.0,-0.0
37,63,15.0,-53.0,0.0,-0.0
37,64,15.0,-51.0,0.0,-0.0
37,65,15.0,-49.0,0.0,-0.0
37,66,15.0,-47.0,0.0,-0.0
37,67,15.0,-45.0,0.0356,0.03624913
37,68,15.0,-43.0,0.0,-0.0
37,69,15.0,-41.0,0.0,-0.0
37,70,15.0,-39.0,0.0,-0.0
37,71,15.0,-37.0,0.0,-0.0
37,72,15.0,-35.0,0.0,-0.0
37,73,15.0,-33.0,0.0,-0.0
37,74,15.0,-31.0,0.0,-0.0
37,75,15.0,-29.0,0.0,-0.0
37,76,15.0,-27.0,0.0,-0.0
37,77,15.0,-25.0,0.0,-0.0
37,78,15.0,-23.0,0.0,-0.0
37,79,15.0,-21.0,0.0,-0.0
37,80,15.0,-19.0,0.0,-0.0
37,81,15.0,-17.0,0.0,-0.0
37,82,15.0,-15.0,0.0,-0.0
37,83,15.0,-13.0,0.0,-0.0
37,84,15.0,-11.0,0.0,-0.0
37,85,15.0,-9.0,0.0,-0.0
37,86,15.0,-7.0,0.0,-0.0
37,87,15.0,-5.0,0.0,-0.0
37,88,15.0,-3.0,0.0,-0.0
37,89,15.0,-1.0,0.0,-0.0
37,90,15.0,1.0,0.0,-0.0
37,91,15.0,3.0,0.0,-0.0
37,92,15.0,5.0,0.0,-0.0
37,93,15.0,7.0,0.0,-0.0
37,94,15.0,9.0,0.0,-0.0
37,95,15.0,11.0,0.0,-0.0
37,96,15.0,13.0,0.0,-0.0
37,97,15.0,15.0,0.0,-0.0
37,98,15.0,17.0,0.0,-0.0
37,99,15.0,19.0,0.0,-0.0
37,100,15.0,21.0,0.0,-0.0
37,101,15.0,23.0,0.0,-0.0
37,102,15.0,25.0,0.0,-0.0
37,103,15.0,27.0,0.0,-0.0
37,104,15.0,29.0,0.0,-0.0
37,105,15.0,31.0,0.0,-0.0
37,106,15.0,33.0,0.0,-0.0
37,107,15.0,35.0,0.0,-0.0
37,108,15.0,37.0,0.0,-0.0
37,109,15.0,39.0,0.0,-0.0
37,110,15.0,41.0,0.0,-0.0
37,111,15.0,43.0,0.0,-0.0
37,112,15.0,45.0,0.0,-0.0
37,113,15.0,47.0,0.0,-0.0
37,114,15.0,49.0,0.0,-0.0
37,115,15.0,51.0,0.0,-0.0
37,116,15.0,53.0,0.0,-0.0
37,117,15.0,55.0,0.0,-0.0
37,118,15.0,57.0,0.0,-0.0
37,119,15.0,59.0,0.0,-0.0
37,120,15.0,61.0,0.0,-0.0
37,121,15.0,63.0,0.0,-0.0
37,122,15.0,65.0,0.0,-0.0
37,123,15.0,67.0,0.0,-0.0
37,124,15.0,69.0,0.0,-0.0
37,125,15.0,71.0,0.0,-0.0
37,126,15.0,73.0,0.0,-0.0
37,127,15.0,75.0,0.0,-0.0
37,128,15.0,77.0,0.0,-0.0
37,129,15.0,79.0,0.0,-0.0
37,130,15.0,81.0,0.0,-0.0
37,131,15.0,83.0,0.0,-0.0
37,132,15.0,85.0,0.0,-0.0
37,133,15.0,87.0,0.0,-0.0
37,134,15.0,89.0,0.0,-0.0
37,135,15.0,91.0,0.0,-0.0
37,136,15.0,93.0,0.0,-0.0
37,137,15.0,95.0,0.0,-0.0
37,138,15.0,97.0,0.0,-0.0
37,139,15.0,99.0,0.0,-0.0
37,140,15.0,101.0,0.0,-0.0
37,141,15.0,103.0,0.0,-0.0
37,142,15.0,105.0,0.0,-0.0
37,143,15.0,107.0,0.0,-0.0
37,144,15.0,109.0,0.0,-0.0
37,145,15.0,111.0,0.0,-0.0
37,146,15.0,113.0,0.0,-0.0
37,147,15.0,115.0,0.0,-0.0
37,148,15.0,117.0,0.0,-0.0
37,149,15.0,119.0,0.0,-0.0
37,150,15.0,121.0,0.0,-0.0
37,151,15.0,123.0,0.0,-0.0
37,152,15.0,125.0,0.0,-0.0
37,153,15.0,127.0,0.0,-0.0
37,154,15.0,129.0,0.0,-0.0
37,155,15.0,131.0,0.0,-0.0
37,156,15.0,133.0,0.0,-0.0
37,157,15.0,135.0,0.0,-0.0
37,158,15.0,137.0,0.0,-0.0
37,159,15.0,139.0,0.0,-0.0
37,160,15.0,141.0,0.0,-0.0
37,161,15.0,143.0,0.0,-0.0
37,162,15.0,145.0,0.0,-0.0
37,163,15.0,147.0,0.0,-0.0
37,164,15.0,149.0,0.0,-0.0
37,165,15.0,151.0,0.0,-0.0
37,166,15.0,153.0,0.0,-0.0
37,167,15.0,155.0,0.0,-0.0
37,168,15.0,157.0,0.0,-0.0
37,169,15.0,159.0,0.0,-0.0
37,170,15.0,161.0,0.0,-0.0
37,171,15.0,163.0,0.0,-0.0
37,172,15.0,165.0,0.0,-0.0
37,173,15.0,167.0,0.0,-0.0
37,174,15.0,169.0,0.0,-0.0
37,175,15.0,171.0,0.0,-0.0
37,176,15.0,173.0,0.0,-0.0
37,177,15.0,175.0,0.0,-0.0
37,178,15.0,177.0,0.0,-0.0
37,179,15.0,179.0,0.0,-0.0
38,0,17.0,-179.0,0.0,-0.0
38,1,17.0,-177.0,0.0,-0.0
38,2,17.0,-175.0,0.0,-0.0
38,3,17.0,-173.0,0.0,-0.0
38,4,17.0,-171.0,0.0,-0.0
38,5,17.0,-169.0,0.0,-0.0
38,6,17.0,-167.0,0.0,-0.0
38,7,17.0,-165.0,0.0,-0.0
38,8,17.0,-163.0,0.0,-0.0
38,9,17.0,-161.0,0.0,-0.0
38,10,17.0,-159.0,0.0,-0.0
38,11,17.0,-157.0,0.0,-0.0
38,12,17.0,-155.0,0.0,-0.0
38,13,17.0,-153.0,0.0,-0.0
38,14,17.0,-151.0,0.0,-0.0
38,15,17.0,-149.0,0.0,-0.0
38,16,17.0,-147.0,0.0,-0.0
38,17,17.0,-145.0,0.0,-0.0
38,18,17.0,-143.0,0.0,-0.0
38,19,17.0,-141.0,0.0,-0.0
38,20,17.0,-139.0,0.0,-0.0
38,21,17.0,-137.0,0.0,-0.0
38,22,17.0,-135.0,0.0,-0.0
38,23,17.0,-133.0,0.0,-0.0
38,24,17.0,-131.0,0.0,-0.0
38,25,17.0,-129.0,0.0,-0.0
38,26,17.0,-127.0,0.0,-0.0
38,27,17.0,-125.0,0.0,-0.0
38,28,17.0,-123.0,0.0,-0.0
38,29,17.0,-121.0,0.0,-0.0
38,30,17.0,-119.0,0.0,-0.0
38,31,17.0,-117.0,0.0,-0.0
38,32,17.0,-115.0,0.0,-0.0
38,33,17.0,-113.0,0.0,-0.0
38,34,17.0,-111.0,0.0,-0.0
38,35,17.0,-109.0,0.0,-0.0
38,36,17.0,-107.0,0.0,-0.0
38,37,17.0,-105.0,0.0,-0.0
38,38,17.0,-103.0,0.0,-0.0
38,39,17.0,-101.0,0.0,-0.0
38,40,17.0,-99.0,0.0,-0.0
38,41,17.0,-97.0,0.0,-0.0
38,42,17.0,-95.0,0.0,-0.0
38,43,17.0,-93.0,0.0,-0.0
38,44,17.0,-91.0,0.0,-0.0
38,45,17.0,-89.0,0.0,-0.0
38,46,17.0,-87.0,0.0,-0.0
38,47,17.0,-85.0,0.0,-0.0
38,48,17.0,-83.0,0.0,-0.0
38,49,17.0,-81.0,0.0,-0.0
38,50,17.0,-79.0,0.0,-0.0
38,51,17.0,-77.0,0.0,-0.0
38,52,17.0,-75.0,0.0,-0.0
38,53,17.0,-73.0,0.0,-0.0
38,54,17.0,-71.0,0.0,-0.0
38,55,17.0,-69.0,0.0,-0.0
38,56,17.0,-67.0,0.0356,0.03624913
38,57,17.0,-65.0,0.0,-0.0
38,58,17.0,-63.0,0.0,-0.0
38,59,17.0,-61.0,0.0,-0.0
38,60,17.0,-59.0,0.0,-0.0
38,61,17.0,-57.0,0.0,-0.0
38,62,17.0,-55.0,0.0,-0.0
38,63,17.0,-53.0,0.0,-0.0
38,64,17.0,-51.0,0.0,-0.0
38,65,17.0,-49.0,0.0,-0.0
38,66,17.0,-47.0,0.0,-0.0
38,67,17.0,-45.0,0.0,-0.0
38,68,17.0,-43.0,0.0,-0.0
38,69,17.0,-41.0,0.0,-0.0
38,70,17.0,-39.0,0.0,-0.0
38,71,17.0,-37.0,0.0,-0.0
38,72,17.0,-35.0,0.0,-0.0
38,73,17.0,-33.0,0.0,-0.0
38,74,17.0,-31.0,0.0,-0.0
38,75,17.0,-29.0,0.0,-0.0
38,76,17.0,-27.0,0.0,-0.0
38,77,17.0,-25.0,0.0,-0.0
38,78,17.0,-23.0,0.0,-0.0
38,79,17.0,-21.0,0.0,-0.0
38,80,17.0,-19.0,0.0,-0.0
38,81,17.0,-17.0,0.0,-0.0
38,82,17.0,-15.0,0.0,-0.0
38,83,17.0,-13.0,0.0,-0.0
38,84,17.0,-11.0,0.0,-0.0
38,85,17.0,-9.0,0.0,-0.0
38,86,17.0,-7.0,0.0,-0.0
38,87,17.0,-5.0,0.0,-0.0
38,88,17.0,-3.0,0.0,-0.0
38,89,17.0,-1.0,0.0,-0.0
38,90,17.0,1.0,0.0,-0.0
38,91,17.0,3.0,0.0,-0.0
38,92,17.0,5.0,0.0,-0.0
38,93,17.0,7.0,0.0,-0.0
38,94,17.0,9.0,0.0,-0.0
38,95,17.0,11.0,0.0,-0.0
38,96,17.0,13.0,0.0,-0.0
38,97,17.0,15.0,0.0,-0.0
38,98,17.0,17.0,0.0,-0.0
38,99,17.0,19.0,0.0,-0.0
38,100,17.0,21.0,0.0,-0.0
38,101,17.0,23.0,0.0,-0.0
38,102,17.0,25.0,0.0,-0.0
38,103,17.0,27.0,0.0,-0.0
38,104,17.0,29.0,0.0,-0.0
38,105,17.0,31.0,0.0,-0.0
38,106,17.0,33.0,0.0,-0.0
38,107,17.0,35.0,0.0,-0.0
38,108,17.0,37.0,0.0,-0.0
38,109,17.0,39.0,0.0,-0.0
38,110,17.0,41.0,0.0,-0.0
38,111,17.0,43.0,0.0,-0.0
38,112,17.0,45.0,0.0,-0.0
38,113,17.0,47.0,0.0,-0.0
38,114,17.0,49.0,0.0,-0.0
38,115,17.0,51.0,0.0,-0.0
38,116,17.0,53.0,0.0,-0.0
38,117,17.0,55.0,0.0,-0.0
38,118,17.0,57.0,0.0,-0.0
38,119,17.0,59.0,0.0,-0.0
38,120,17.0,61.0,0.0,-0.0
38,121,17.0,63.0,0.0,-0.0
38,122,17.0,65.0,0.0,-0.0
38,123,17.0,67.0,0.0,-0.0
38,124,17.0,69.0,0.0,-0.0
38,125,17.0,71.0,0.0,-0.0
38,126,17.0,73.0,0.0,-0.0
38,127,17.0,75.0,0.0,-0.0
38,128,17.0,77.0,0.0,-0.0
38,129,17.0,79.0,0.0,-0.0
38,130,17.0,81.0,0.0,-0.0
38,131,17.0,83.0,0.0,-0.0
38,132,17.0,85.0,0.0,-0.0
38,133,17.0,87.0,0.0,-0.0
38,134,17.0,89.0,0.0,-0.0
38,135,17.0,91.0,0.0,-0.0
38,136,17.0,93.0,0.0,-0.0
38,137,17.0,95.0,0.0,-0.0
38,138,17.0,97.0,0.0,-0.0
38,139,17.0,99.0,0.0,-0.0
38,140,17.0,101.0,0.0,-0.0
38,141,17.0,103.0,0.0,-0.0
38,142,17.0,105.0,0.0,-0.0
38,143,17.0,107.0,0.0,-0.0
38,144,17.0,109.0,0.0,-0.0
38,145,17.0,111.0,0.0,-0.0
38,146,17.0,113.0,0.0,-0.0
38,147,17.0,115.0,0.0,-0.0
38,148,17.0,117.0,0.0,-0.0
38,149,17.0,119.0,0.0,-0.0
38,150,17.0,121.0,0.0,-0.0
38,151,17.0,123.0,0.0,-0.0
38,152,17.0,125.0,0.0,-0.0
38,153,17.0,127.0,0.0,-0.0
38,154,17.0,129.0,0.0,-0.0
38,155,17.0,131.0,0.0,-0.0
38,156,17.0,133.0,0.0,-0.0
38,157,17.0,135.0,0.0,-0.0
38,158,17.0,137.0,0.0,-0.0
38,159,17.0,139.0,0.0,-0.0
38,160,17.0,141.0,0.0,-0.0
38,161,17.0,143.0,0.0,-0.0
38,162,17.0,145.0,0.0,-0.0
38,163,17.0,147.0,0.0,-0.0
38,164,17.0,149.0,0.0,-0.0
38,165,17.0,151.0,0.0,-0.0
38,166,17.0,153.0,0.0,-0.0
38,167,17.0,155.0,0.0,-0.0
38,168,17.0,157.0,0.0,-0.0
38,169,17.0,159.0,0.0,-0.0
38,170,17.0,161.0,0.0,-0.0
38,171,17.0,163.0,0.0,-0.0
38,172,17.0,165.0,0.0,-0.0
38,173,17.0,167.0,0.0,-0.0
38,174,17.0,169.0,0.0,-0.0
38,175,17.0,171.0,0.0,-0.0
38,176,17.0,173.0,0.0,-0.0
38,177,17.0,175.0,0.0,-0.0
38,178,17.0,177.0,0.0,-0.0
38,179,17.0,179.0,0.0,-0.0
39,0,19.0,-179.0,0.0,-0.0
39,1,19.0,-177.0,0.0,-0.0
39,2,19.0,-175.0,0.0,-0.0
39,3,19.0,-173.0,0.0,-0.0
39,4,19.0,-171.0,0.0,-0.0
39,5,19.0,-169.0,0.0,-0.0
39,6,19.0,-167.0,0.0,-0.0
39,7,19.0,-165.0,0.0,-0.0
39,8,19.0,-163.0,0.0,-0.0
39,9,19.0,-161.0,0.0,-0.0
39,10,19.0,-159.0,0.0,-0.0
39,11,19.0,-157.0,0.0,-0.0
39,12,19.0,-155.0,0.0356,0.03624913
39,13,19.0,-153.0,0.0,-0.0
39,14,19.0,-151.0,0.0,-0.0
39,15,19.0,-149.0,0.0,-0.0
39,16,19.0,-147.0,0.0,-0.0
39,17,19.0,-145.0,0.0,-0.0
39,18,19.0,-143.0,0.0,-0.0
39,19,19.0,-141.0,0.0,-0.0
39,20,19.0,-139.0,0.0,-0.0
39,21,19.0,-137.0,0.0,-0.0
39,22,19.0,-135.0,0.0,-0.0
39,23,19.0,-133.0,0.0,-0.0
39,24,19.0,-131.0,0.0,-0.0
39,25,19.0,-129.0,0.0,-0.0
39,26,19.0,-127.0,0.0,-0.0
39,27,19.0,-125.0,0.0,-0.0
39,28,19.0,-123.0,0.0,-0.0
39,29,19.0,-121.0,0.0,-0.0
39,30,19.0,-119.0,0.0,-0.0
39,31,19.0,-117.0,0.0,-0.0
39,32,19.0,-115.0,0.0,-0.0
39,33,19.0,-113.0,0.0,-0.0
39,34,19.0,-111.0,0.0,-0.0
39,35,19.0,-109.0,0.0,-0.0
39,36,19.0,-107.0,0.0,-0.0
39,37,19.0,-105.0,0.0,-0.0
39,38,19.0,-103.0,0.0,-0.0
39,39,19.0,-101.0,0.0,-0.0
39,40,19.0,-99.0,0.0,-0.0
39,41,19.0,-97.0,0.0,-0.0
39,42,19.0,-95.0,0.0,-0.0
39,43,19.0,-93.0,0.0,-0.0
39,44,19.0,-91.0,0.0,-0.0
39,45,19.0,-89.0,0.0,-0.0
39,46,19.0,-87.0,0.0,-0.0
39,47,19.0,-85.0,0.0,-0.0
39,48,19.0,-83.0,0.0,-0.0
39,49,19.0,-81.0,0.0,-0.0
39,50,19.0,-79.0,0.0,-0.0
39,51,19.0,-77.0,0.0,-0.0
39,52,19.0,-75.0,0.0,-0.0
39,53,19.0,-73.0,0.0,-0.0
39,54,19.0,-71.0,0.0,-0.0
39,55,19.0,-69.0,0.0356,0.03624913
39,56,19.0,-67.0,0.0356,0.03624913
39,57,19.0,-65.0,0.0356,0.03624913
39,58,19.0,-63.0,0.0,-0.0
39,59,19.0,-61.0,0.0,-0.0
39,60,19.0,-59.0,0.0,-0.0
39,61,19.0,-57.0,0.0,-0.0
39,62,19.0,-55.0,0.0,-0.0
39,63,19.0,-53.0,0.0,-0.0
39,64,19.0,-51.0,0.0,-0.0
39,65,19.0,-49.0,0.0,-0.0
39,66,19.0,-47.0,0.0,-0.0
39,67,19.0,-45.0,0.0,-0.0
39,68,19.0,-43.0,0.0,-0.0
39,69,19.0,-41.0,0.0,-0.0
39,70,19.0,-39.0,0.0,-0.0
39,71,19.0,-37.0,0.0,-0.0
39,72,19.0,-35.0,0.0,-0.0
39,73,19.0,-33.0,0.0,-0.0
39,74,19.0,-31.0,0.0,-0.0
39,75,19.0,-29.0,0.0,-0.0
39,76,19.0,-27.0,0.0,-0.0
39,77,19.0,-25.0,0.0,-0.0
39,78,19.0,-23.0,0.0,-0.0
39,79,19.0,-21.0,0.0,-0.0
39,80,19.0,-19.0,0.0,-0.0
39,81,19.0,-17.0,0.0,-0.0
39,82,19.0,-15.0,0.0,-0.0
39,83,19.0,-13.0,0.0,-0.0
39,84,19.0,-11.0,0.0,-0.0
39,85,19.0,-9.0,0.0,-0.0
39,86,19.0,-7.0,0.0,-0.0
39,87,19.0,-5.0,0.0,-0.0
39,88,19.0,-3.0,0.0,-0.0
39,89,19.0,-1.0,0.0,-0.0
39,90,19.0,1.0,0.0,-0.0
39,91,19.0,3.0,0.0,-0.0
39,92,19.0,5.0,0.0,-0.0
39,93,19.0,7.0,0.0,-0.0
39,94,19.0,9.0,0.0,-0.0
39,95,19.0,11.0,0.0,-0.0
39,96,19.0,13.0,0.0,-0.0
39,97,19.0,15.0,0.0,-0.0
39,98,19.0,17.0,0.0,-0.0
39,99,19.0,19.0,0.0,-0.0
39,100,19.0,21.0,0.0,-0.0
39,101,19.0,23.0,0.0,-0.0
39,102,19.0,25.0,0.0,-0.0
39,103,19.0,27.0,0.0,-0.0
39,104,19.0,29.0,0.0,-0.0
39,105,19.0,31.0,0.0,-0.0
39,106,19.0,33.0,0.0,-0.0
39,107,19.0,35.0,0.0,-0.0
39,108,19.0,37.0,0.0,-0.0
39,109,19.0,39.0,0.0,-0.0
39,110,19.0,41.0,0.0,-0.0
39,111,19.0,43.0,0.0,-0.0
39,112,19.0,45.0,0.0,-0.0
39,113,19.0,47.0,0.0,-0.0
39,114,19.0,49.0,0.0,-0.0
39,115,19.0,51.0,0.0,-0.0
39,116,19.0,53.0,0.0,-0.0
39,117,19.0,55.0,0.0,-0.0
39,118,19.0,57.0,0.0,-0.0
39,119,19.0,59.0,0.0,-0.0
39,120,19.0,61.0,0.0,-0.0
39,121,19.0,63.0,0.0,-0.0
39,122,19.0,65.0,0.0,-0.0
39,123,19.0,67.0,0.0,-0.0
39,124,19.0,69.0,0.0,-0.0
39,125,19.0,71.0,0.0,-0.0
39,126,19.0,73.0,0.0,-0.0
39,127,19.0,75.0,0.0,-0.0
39,128,19.0,77.0,0.0,-0.0
39,129,19.0,79.0,0.0,-0.0
39,130,19.0,81.0,0.0,-0.0
39,131,19.0,83.0,0.0,-0.0
39,132,19.0,85.0,0.0,-0.0
39,133,19.0,87.0,0.0,-0.0
39,134,19.0,89.0,0.0,-0.0
39,135,19.0,91.0,0.0,-0.0
39,136,19.0,93.0,0.0,-0.0
39,137,19.0,95.0,0.0,-0.0
39,138,19.0,97.0,0.0,-0.0
39,139,19.0,99.0,0.0,-0.0
39,140,19.0,101.0,0.0,-0.0
39,141,19.0,103.0,0.0,-0.0
39,142,19.0,105.0,0.0,-0.0
39,143,19.0,107.0,0.0,-0.0
39,144,19.0,109.0,0.0,-0.0
39,145,19.0,111.0,0.0,-0.0
39,146,19.0,113.0,0.0,-0.0
39,147,19.0,115.0,0.0,-0.0
39,148,19.0,117.0,0.0,-0.0
39,149,19.0,119.0,0.0,-0.0
39,150,19.0,121.0,0.0,-0.0
39,151,19.0,123.0,0.0,-0.0
39,152,19.0,125.0,0.0,-0.0
39,153,19.0,127.0,0.0,-0.0
39,154,19.0,129.0,0.0,-0.0
39,155,19.0,131.0,0.0,-0.0
39,156,19.0,133.0,0.0,-0.0
39,157,19.0,135.0,0.0,-0.0
39,158,19.0,137.0,0.0,-0.0
39,159,19.0,139.0,0.0,-0.0
39,160,19.0,141.0,0.0,-0.0
39,161,19.0,143.0,0.0,-0.0
39,162,19.0,145.0,0.0,-0.0
39,163,19.0,147.0,0.0,-0.0
39,164,19.0,149.0,0.0,-0.0
39,165,19.0,151.0,0.0,-0.0
39,166,19.0,153.0,0.0,-0.0
39,167,19.0,155.0,0.0,-0.0
39,168,19.0,157.0,0.0,-0.0
39,169,19.0,159.0,0.0,-0.0
39,170,19.0,161.0,0.0,-0.0
39,171,19.0,163.0,0.0,-0.0
39,172,19.0,165.0,0.0,-0.0
39,173,19.0,167.0,0.0,-0.0
39,174,19.0,169.0,0.0,-0.0
39,175,19.0,171.0,0.0,-0.0
39,176,19.0,173.0,0.0,-0.0
39,177,19.0,175.0,0.0,-0.0
39,178,19.0,177.0,0.0,-0.0
39,179,19.0,179.0,0.0,-0.0
40,0,21.0,-179.0,0.0,-0.0
40,1,21.0,-177.0,0.0,-0.0
40,2,21.0,-175.0,0.0,-0.0
40,3,21.0,-173.0,0.0,-0.0
40,4,21.0,-171.0,0.0,-0.0
40,5,21.0,-169.0,0.0,-0.0
40,6,21.0,-167.0,0.0,-0.0
40,7,21.0,-165.0,0.0,-0.0
40,8,21.0,-163.0,0.0,-0.0
40,9,21.0,-161.0,0.0,-0.0
40,10,21.0,-159.0,0.0,-0.0
40,11,21.0,-157.0,0.0,-0.0
40,12,21.0,-155.0,0.0,-0.0
40,13,21.0,-153.0,0.0,-0.0
40,14,21.0,-151.0,0.0,-0.0
40,15,21.0,-149.0,0.0,-0.0
40,16,21.0,-147.0,0.0,-0.0
40,17,21.0,-145.0,0.0,-0.0
40,18,21.0,-143.0,0.0,-0.0
40,19,21.0,-141.0,0.0,-0.0
40,20,21.0,-139.0,0.0,-0.0
40,21,21.0,-137.0,0.0,-0.0
40,22,21.0,-135.0,0.0,-0.0
40,23,21.0,-133.0,0.0,-0.0
40,24,21.0,-131.0,0.0,-0.0
40,25,21.0,-129.0,0.0,-0.0
40,26,21.0,-127.0,0.0,-0.0
40,27,21.0,-125.0,0.0,-0.0
40,28,21.0,-123.0,0.0,-0.0
40,29,21.0,-121.0,0.0,-0.0
40,30,21.0,-119.0,0.0,-0.0
40,31,21.0,-117.0,0.0,-0.0
40,32,21.0,-115.0,0.0,-0.0
40,33,21.0,-113.0,0.0,-0.0
40,34,21.0,-111.0,0.0,-0.0
40,35,21.0,-109.0,0.0,-0.0
40,36,21.0,-107.0,0.0,-0.0
40,37,21.0,-105.0,0.0,-0.0
40,38,21.0,-103.0,0.0,-0.0
40,39,21.0,-101.0,0.0,-0.0
40,40,21.0,-99.0,0.0,-0.0
40,41,21.0,-97.0,0.0,-0.0
40,42,21.0,-95.0,0.0,-0.0
40,43,21.0,-93.0,0.0,-0.0
40,44,21.0,-91.0,0.0,-0.0
40,45,21.0,-89.0,0.0,-0.0
40,46,21.0,-87.0,0.0,-0.0
40,47,21.0,-85.0,0.0,-0.0
40,48,21.0,-83.0,0.0,-0.0
40,49,21.0,-81.0,0.0,-0.0
40,50,21.0,-79.0,0.0,-0.0
40,51,21.0,-77.0,0.0,-0.0
40,52,21.0,-75.0,0.0,-0.0
40,53,21.0,-73.0,0.0,-0.0
40,54,21.0,-71.0,0.0,-0.0
40,55,21.0,-69.0,0.0,-0.0
40,56,21.0,-67.0,0.0,-0.0
40,57,21.0,-65.0,0.0,-0.0
40,58,21.0,-63.0,0.0,-0.0
40,59,21.0,-61.0,0.0,-0.0
40,60,21.0,-59.0,0.0,-0.0
40,61,21.0,-57.0,0.0,-0.0
40,62,21.0,-55.0,0.0,-0.0
40,63,21.0,-53.0,0.0,-0.0
40,64,21.0,-51.0,0.0,-0.0
40,65,21.0,-49.0,0.0,-0.0
40,66,21.0,-47.0,0.0,-0.0
40,67,21.0,-45.0,0.0,-0.0
40,68,21.0,-43.0,0.0,-0.0
40,69,21.0,-41.0,0.0,-0.0
40,70,21.0,-39.0,0.0,-0.0
40,71,21.0,-37.0,0.0,-0.0
40,72,21.0,-35.0,0.0,-0.0
40,73,21.0,-33.0,0.0,-0.0
40,74,21.0,-31.0,0.0,-0.0
40,75,21.0,-29.0,0.0,-0.0
40,76,21.0,-27.0,0.0,-0.0
40,77,21.0,-25.0,0.0,-0.0
40,78,21.0,-23.0,0.0,-0.0
40,79,21.0,-21.0,0.0,-0.0
40,80,21.0,-19.0,0.0,-0.0
40,81,21.0,-17.0,0.0,-0.0
40,82,21.0,-15.0,0.0,-0.0
40,83,21.0,-13.0,0.0,-0.0
40,84,21.0,-11.0,0.0,-0.0
40,85,21.0,-9.0,0.0,-0.0
40,86,21.0,-7.0,0.0,-0.0
40,87,21.0,-5.0,0.0,-0.0
40,88,21.0,-3.0,0.0,-0.0
40,89,21.0,-1.0,0.0,-0.0
40,90,21.0,1.0,0.0,-0.0
40,91,21.0,3.0,0.0,-0.0
40,92,21.0,5.0,0.0,-0.0
40,93,21.0,7.0,0.0,-0.0
40,94,21.0,9.0,0.0,-0.0
40,95,21.0,11.0,0.0,-0.0
40,96,21.0,13.0,0.0,-0.0
40,97,21.0,15.0,0.0,-0.0
40,98,21.0,17.0,0.0,-0.0
40,99,21.0,19.0,0.0,-0.0
40,100,21.0,21.0,0.0,-0.0
40,101,21.0,23.0,0.0,-0.0
40,102,21.0,25.0,0.0,-0.0
40,103,21.0,27.0,0.0,-0.0
40,104,21.0,29.0,0.0,-0.0
40,105,21.0,31.0,0.0,-0.0
40,106,21.0,33.0,0.0,-0.0
40,107,21.0,35.0,0.0,-0.0
40,108,21.0,37.0,0.0,-0.0
40,109,21.0,39.0,0.0,-0.0
40,110,21.0,41.0,0.0,-0.0
40,111,21.0,43.0,0.0,-0.0
40,112,21.0,45.0,0.0,-0.0
40,113,21.0,47.0,0.0,-0.0
40,114,21.0,49.0,0.0,-0.0
40,115,21.0,51.0,0.0,-0.0
40,116,21.0,53.0,0.0,-0.0
40,117,21.0,55.0,0.0,-0.0
40,118,21.0,57.0,0.0,-0.0
40,119,21.0,59.0,0.0,-0.0
40,120,21.0,61.0,0.0,-0.0
40,121,21.0,63.0,0.0,-0.0
40,122,21.0,65.0,0.0,-0.0
40,123,21.0,67.0,0.0,-0.0
40,124,21.0,69.0,0.0,-0.0
40,125,21.0,71.0,0.0,-0.0
40,126,21.0,73.0,0.0,-0.0
40,127,21.0,75.0,0.0,-0.0
40,128,21.0,77.0,0.0,-0.0
40,129,21.0,79.0,0.0,-0.0
40,130,21.0,81.0,0.0,-0.0
40,131,21.0,83.0,0.0,-0.0
40,132,21.0,85.0,0.0,-0.0
40,133,21.0,87.0,0.0,-0.0
40,134,21.0,89.0,0.0,-0.0
40,135,21.0,91.0,0.0,-0.0
40,136,21.0,93.0,0.0,-0.0
40,137,21.0,95.0,0.0,-0.0
40,138,21.0,97.0,0.0,-0.0
40,139,21.0,99.0,0.0,-0.0
40,140,21.0,101.0,0.0,-0.0
40,141,21.0,103.0,0.0,-0.0
40,142,21.0,105.0,0.0,-0.0
40,143,21.0,107.0,0.0,-0.0
40,144,21.0,109.0,0.0,-0.0
40,145,21.0,111.0,0.0,-0.0
40,146,21.0,113.0,0.0,-0.0
40,147,21.0,115.0,0.0,-0.0
40,148,21.0,117.0,0.0,-0.0
40,149,21.0,119.0,0.0,-0.0
40,150,21.0,121.0,0.0,-0.0
40,151,21.0,123.0,0.0,-0.0
40,152,21.0,125.0,0.0,-0.0
40,153,21.0,127.0,0.0,-0.0
40,154,21.0,129.0,0.0,-0.0
40,155,21.0,131.0,0.0,-0.0
40,156,21.0,133.0,0.0,-0.0
40,157,21.0,135.0,0.0,-0.0
40,158,21.0,137.0,0.0,-0.0
40,159,21.0,139.0,0.0,-0.0
40,160,21.0,141.0,0.0,-0.0
40,161,21.0,143.0,0.0,-0.0
40,162,21.0,145.0,0.0,-0.0
40,163,21.0,147.0,0.0,-0.0
40,164,21.0,149.0,0.0,-0.0
40,165,21.0,151.0,0.0,-0.0
40,166,21.0,153.0,0.0,-0.0
40,167,21.0,155.0,0.0,-0.0
40,168,21.0,157.0,0.0,-0.0
40,169,21.0,159.0,0.0,-0.0
40,170,21.0,161.0,0.0,-0.0
40,171,21.0,163.0,0.0,-0.0
40,172,21.0,165.0,0.0,-0.0
40,173,21.0,167.0,0.0,-0.0
40,174,21.0,169.0,0.0,-0.0
40,175,21.0,171.0,0.0,-0.0
40,176,21.0,173.0,0.0,-0.0
40,177,21.0,175.0,0.0,-0.0
40,178,21.0,177.0,0.0,-0.0
40,179,21.0,179.0,0.0,-0.0
41,0,23.0,-179.0,0.0,-0.0
41,1,23.0,-177.0,0.0,-0.0
41,2,23.0,-175.0,0.0,-0.0
41,3,23.0,-173.0,0.0,-0.0
41,4,23.0,-171.0,0.0,-0.0
41,5,23.0,-169.0,0.0,-0.0
41,6,23.0,-167.0,0.0,-0.0
41,7,23.0,-165.0,0.0,-0.0
41,8,23.0,-163.0,0.0,-0.0
41,9,23.0,-161.0,0.0,-0.0
41,10,23.0,-159.0,0.0,-0.0
41,11,23.0,-157.0,0.0,-0.0
41,12,23.0,-155.0,0.0,-0.0
41,13,23.0,-153.0,0.0,-0.0
41,14,23.0,-151.0,0.0,-0.0
41,15,23.0,-149.0,0.0,-0.0
41,16,23.0,-147.0,0.0,-0.0
41,17,23.0,-145.0,0.0,-0.0
41,18,23.0,-143.0,0.0,-0.0
41,19,23.0,-141.0,0.0,-0.0
41,20,23.0,-139.0,0.0,-0.0
41,21,23.0,-137.0,0.0,-0.0
41,22,23.0,-135.0,0.0,-0.0
41,23,23.0,-133.0,0.0,-0.0
41,24,23.0,-131.0,0.0,-0.0
41,25,23.0,-129.0,0.0,-0.0
41,26,23.0,-127.0,0.0,-0.0
41,27,23.0,-125.0,0.0,-0.0
41,28,23.0,-123.0,0.0,-0.0
41,29,23.0,-121.0,0.0,-0.0
41,30,23.0,-119.0,0.0,-0.0
41,31,23.0,-117.0,0.0,-0.0
41,32,23.0,-115.0,0.0,-0.0
41,33,23.0,-113.0,0.0,-0.0
41,34,23.0,-111.0,0.0,-0.0
41,35,23.0,-109.0,0.0,-0.0
41,36,23.0,-107.0,0.0,-0.0
41,37,23.0,-105.0,0.0,-0.0
41,38,23.0,-103.0,0.0,-0.0
41,39,23.0,-101.0,0.0,-0.0
41,40,23.0,-99.0,0.0,-0.0
41,41,23.0,-97.0,0.0,-0.0
41,42,23.0,-95.0,0.0,-0.0
41,43,23.0,-93.0,0.0,-0.0
41,44,23.0,-91.0,0.0,-0.0
41,45,23.0,-89.0,0.0,-0.0
41,46,23.0,-87.0,0.0,-0.0
41,47,23.0,-85.0,0.0,-0.0
41,48,23.0,-83.0,0.0,-0.0
41,49,23.0,-81.0,0.0,-0.0
41,50,23.0,-79.0,0.0,-0.0
41,51,23.0,-77.0,0.0,-0.0
41,52,23.0,-75.0,0.0,-0.0
41,53,23.0,-73.0,0.0,-0.0
41,54,23.0,-71.0,0.0,-0.0
41,55,23.0,-69.0,0.0,-0.0
41,56,23.0,-67.0,0.0,-0.0
41,57,23.0,-65.0,0.0,-0.0
41,58,23.0,-63.0,0.0,-0.0
41,59,23.0,-61.0,0.0,-0.0
41,60,23.0,-59.0,0.0,-0.0
41,61,23.0,-57.0,0.0,-0.0
41,62,23.0,-55.0,0.0,-0.0
41,63,23.0,-53.0,0.0,-0.0
41,64,23.0,-51.0,0.0,-0.0
41,65,23.0,-49.0,0.0,-0.0
41,66,23.0,-47.0,0.0,-0.0
41,67,23.0,-45.0,0.0,-0.0
41,68,23.0,-43.0,0.0,-0.0
41,69,23.0,-41.0,0.0,-0.0
41,70,23.0,-39.0,0.0,-0.0
41,71,23.0,-37.0,0.0,-0.0
41,72,23.0,-35.0,0.0,-0.0
41,73,23.0,-33.0,0.0,-0.0
41,74,23.0,-31.0,0.0,-0.0
41,75,23.0,-29.0,0.0,-0.0
41,76,23.0,-27.0,0.0,-0.0
41,77,23.0,-25.0,0.0,-0.0
41,78,23.0,-23.0,0.0,-0.0
41,79,23.0,-21.0,0.0,-0.0
41,80,23.0,-19.0,0.0,-0.0
41,81,23.0,-17.0,0.0,-0.0
41,82,23.0,-15.0,0.0,-0.0
41,83,23.0,-13.0,0.0,-0.0
41,84,23.0,-11.0,0.0,-0.0
41,85,23.0,-9.0,0.0,-0.0
41,86,23.0,-7.0,0.0,-0.0
41,87,23.0,-5.0,0.0,-0.0
41,88,23.0,-3.0,0.0,-0.0
41,89,23.0,-1.0,0.0,-0.0
41,90,23.0,1.0,0.0,-0.0
41,91,23.0,3.0,0.0,-0.0
41,92,23.0,5.0,0.0,-0.0
41,93,23.0,7.0,0.0,-0.0
41,94,23.0,9.0,0.0,-0.0
41,95,23.0,11.0,0.0,-0.0
41,96,23.0,13.0,0.0,-0.0
41,97,23.0,15.0,0.0,-0.0
41,98,23.0,17.0,0.0,-0.0
41,99,23.0,19.0,0.0,-0.0
41,100,23.0,21.0,0.0,-0.0
41,101,23.0,23.0,0.0,-0.0
41,102,23.0,25.0,0.0,-0.0
41,103,23.0,27.0,0.0,-0.0
41,104,23.0,29.0,0.0,-0.0
41,105,23.0,31.0,0.0,-0.0
41,106,23.0,33.0,0.0,-0.0
41,107,23.0,35.0,0.0,-0.0
41,108,23.0,37.0,0.0,-0.0
41,109,23.0,39.0,0.0,-0.0
41,110,23.0,41.0,0.0,-0.0
41,111,23.0,43.0,0.0,-0.0
41,112,23.0,45.0,0.0,-0.0
41,113,23.0,47.0,0.0,-0.0
41,114,23.0,49.0,0.0,-0.0
41,115,23.0,51.0,0.0,-0.0
41,116,23.0,53.0,0.0,-0.0
41,117,23.0,55.0,0.0,-0.0
41,118,23.0,57.0,0.0,-0.0
41,119,23.0,59.0,0.0,-0.0
41,120,23.0,61.0,0.0,-0.0
41,121,23.0,63.0,0.0,-0.0
41,122,23.0,65.0,0.0,-0.0
41,123,23.0,67.0,0.0,-0.0
41,124,23.0,69.0,0.0,-0.0
41,125,23.0,71.0,0.0,-0.0
41,126,23.0,73.0,0.0,-0.0
41,127,23.0,75.0,0.0,-0.0
41,128,23.0,77.0,0.0,-0.0
41,129,23.0,79.0,0.0,-0.0
41,130,23.0,81.0,0.0,-0.0
41,131,23.0,83.0,0.0,-0.0
41,132,23.0,85.0,0.0,-0.0
41,133,23.0,87.0,0.0,-0.0
41,134,23.0,89.0,0.0,-0.0
41,135,23.0,91.0,0.0,-0.0
41,136,23.0,93.0,0.0,-0.0
41,137,23.0,95.0,0.0,-0.0
41,138,23.0,97.0,0.0,-0.0
41,139,23.0,99.0,0.0,-0.0
41,140,23.0,101.0,0.0,-0.0
41,141,23.0,103.0,0.0,-0.0
41,142,23.0,105.0,0.0,-0.0
41,143,23.0,107.0,0.0,-0.0
41,144,23.0,109.0,0.0,-0.0
41,145,23.0,111.0,0.0,-0.0
41,146,23.0,113.0,0.0,-0.0
41,147,23.0,115.0,0.0,-0.0
41,148,23.0,117.0,0.0,-0.0
41,149,23.0,119.0,0.0,-0.0
41,150,23.0,121.0,0.0,-0.0
41,151,23.0,123.0,0.0,-0.0
41,152,23.0,125.0,0.0,-0.0
41,153,23.0,127.0,0.0,-0.0
41,154,23.0,129.0,0.0,-0.0
41,155,23.0,131.0,0.0,-0.0
41,156,23.0,133.0,0.0,-0.0
41,157,23.0,135.0,0.0,-0.0
41,158,23.0,137.0,0.0,-0.0
41,159,23.0,139.0,0.0,-0.0
41,160,23.0,141.0,0.0,-0.0
41,161,23.0,143.0,0.0,-0.0
41,162,23.0,145.0,0.0,-0.0
41,163,23.0,147.0,0.0,-0.0
41,164,23.0,149.0,0.0,-0.0
41,165,23.0,151.0,0.0,-0.0
41,166,23.0,153.0,0.0,-0.0
41,167,23.0,155.0,0.0,-0.0
41,168,23.0,157.0,0.0,-0.0
41,169,23.0,159.0,0.0,-0.0
41,170,23.0,161.0,0.0,-0.0
41,171,23.0,163.0,0.0,-0.0
41,172,23.0,165.0,0.0,-0.0
41,173,23.0,167.0,0.0,-0.0
41,174,23.0,169.0,0.0,-0.0
41,175,23.0,171.0,0.0,-0.0
41,176,23.0,173.0,0.0,-0.0
41,177,23.0,175.0,0.0,-0.0
41,178,23.0,177.0,0.0,-0.0
41,179,23.0,179.0,0.0,-0.0
42,0,25.0,-179.0,0.0,-0.0
42,1,25.0,-177.0,0.0,-0.0
42,2,25.0,-175.0,0.0,-0.0
42,3,25.0,-173.0,0.0,-0.0
42,4,25.0,-171.0,0.0,-0.0
42,5,25.0,-169.0,0.0,-0.0
42,6,25.0,-167.0,0.0,-0.0
42,7,25.0,-165.0,0.0,-0.0
42,8,25.0,-163.0,0.0,-0.0
42,9,25.0,-161.0,0.0,-0.0
42,10,25.0,-159.0,0.0,-0.0
42,11,25.0,-157.0,0.0,-0.0
42,12,25.0,-155.0,0.0,-0.0
42,13,25.0,-153.0,0.0,-0.0
42,14,25.0,-151.0,0.0,-0.0
42,15,25.0,-149.0,0.0,-0.0
42,16,25.0,-147.0,0.0,-0.0
42,17,25.0,-145.0,0.0,-0.0
42,18,25.0,-143.0,0.0,-0.0
42,19,25.0,-141.0,0.0,-0.0
42,20,25.0,-139.0,0.0,-0.0
42,21,25.0,-137.0,0.0,-0.0
42,22,25.0,-135.0,0.0,-0.0
42,23,25.0,-133.0,0.0,-0.0
42,24,25.0,-131.0,0.0,-0.0
42,25,25.0,-129.0,0.0,-0.0
42,26,25.0,-127.0,0.0,-0.0
42,27,25.0,-125.0,0.0,-0.0
42,28,25.0,-123.0,0.0,-0.0
42,29,25.0,-121.0,0.0,-0.0
42,30,25.0,-119.0,0.0,-0.0
42,31,25.0,-117.0,0.0,-0.0
42,32,25.0,-115.0,0.0,-0.0
42,33,25.0,-113.0,0.0,-0.0
42,34,25.0,-111.0,0.0,-0.0
42,35,25.0,-109.0,0.0,-0.0
42,36,25.0,-107.0,0.0,-0.0
42,37,25.0,-105.0,0.0,-0.0
42,38,25.0,-103.0,0.0,-0.0
42,39,25.0,-101.0,0.0,-0.0
42,40,25.0,-99.0,0.0,-0.0
42,41,25.0,-97.0,0.0,-0.0
42,42,25.0,-95.0,0.0,-0.0
42,43,25.0,-93.0,0.0,-0.0
42,44,25.0,-91.0,0.0,-0.0
42,45,25.0,-89.0,0.0,-0.0
42,46,25.0,-87.0,0.0,-0.0
42,47,25.0,-85.0,0.0,-0.0
42,48,25.0,-83.0,0.0,-0.0
42,49,25.0,-81.0,0.0,-0.0
42,50,25.0,-79.0,0.0,-0.0
42,51,25.0,-77.0,0.0,-0.0
42,52,25.0,-75.0,0.0,-0.0
42,53,25.0,-73.0,0.0,-0.0
42,54,25.0,-71.0,0.0,-0.0
42,55,25.0,-69.0,0.0,-0.0
42,56,25.0,-67.0,0.0,-0.0
42,57,25.0,-65.0,0.0,-0.0
42,58,25.0,-63.0,0.0,-0.0
42,59,25.0,-61.0,0.0,-0.0
42,60,25.0,-59.0,0.0,-0.0
42,61,25.0,-57.0,0.0,-0.0
42,62,25.0,-55.0,0.0,-0.0
42,63,25.0,-53.0,0.0,-0.0
42,64,25.0,-51.0,0.0,-0.0
42,65,25.0,-49.0,0.0,-0.0
42,66,25.0,-47.0,0.0,-0.0
42,67,25.0,-45.0,0.0,-0.0
42,68,25.0,-43.0,0.0,-0.0
42,69,25.0,-41.0,0.0,-0.0
42,70,25.0,-39.0,0.0,-0.0
42,71,25.0,-37.0,0.0,-0.0
42,72,25.0,-35.0,0.0,-0.0
42,73,25.0,-33.0,0.0,-0.0
42,74,25.0,-31.0,0.0,-0.0
42,75,25.0,-29.0,0.0,-0.0
42,76,25.0,-27.0,0.0,-0.0
42,77,25.0,-25.0,0.0,-0.0
42,78,25.0,-23.0,0.0,-0.0
42,79,25.0,-21.0,0.0,-0.0
42,80,25.0,-19.0,0.0,-0.0
42,81,25.0,-17.0,0.0,-0.0
42,82,25.0,-15.0,0.0,-0.0
42,83,25.0,-13.0,0.0,-0.0
42,84,25.0,-11.0,0.0,-0.0
42,85,25.0,-9.0,0.0,-0.0
42,86,25.0,-7.0,0.0,-0.0
42,87,25.0,-5.0,0.0,-0.0
42,88,25.0,-3.0,0.0,-0.0
42,89,25.0,-1.0,0.0,-0.0
42,90,25.0,1.0,0.0,-0.0
42,91,25.0,3.0,0.0,-0.0
42,92,25.0,5.0,0.0,-0.0
42,93,25.0,7.0,0.0,-0.0
42,94,25.0,9.0,0.0,-0.0
42,95,25.0,11.0,0.0,-0.0
42,96,25.0,13.0,0.0,-0.0
42,97,25.0,15.0,0.0,-0.0
42,98,25.0,17.0,0.0,-0.0
42,99,25.0,19.0,0.0,-0.0
42,100,25.0,21.0,0.0,-0.0
42,101,25.0,23.0,0.0,-0.0
42,102,25.0,25.0,0.0,-0.0
42,103,25.0,27.0,0.0,-0.0
42,104,25.0,29.0,0.0,-0.0
42,105,25.0,31.0,0.0,-0.0
42,106,25.0,33.0,0.0,-0.0
42,107,25.0,35.0,0.0,-0.0
42,108,25.0,37.0,0.0,-0.0
42,109,25.0,39.0,0.0,-0.0
42,110,25.0,41.0,0.0,-0.0
42,111,25.0,43.0,0.0,-0.0
42,112,25.0,45.0,0.0,-0.0
42,113,25.0,47.0,0.0,-0.0
42,114,25.0,49.0,0.0,-0.0
42,115,25.0,51.0,0.0,-0.0
42,116,25.0,53.0,0.0,-0.0
42,117,25.0,55.0,0.0,-0.0
42,118,25.0,57.0,0.0,-0.0
42,119,25.0,59.0,0.0,-0.0
42,120,25.0,61.0,0.0,-0.0
42,121,25.0,63.0,0.0,-0.0
42,122,25.0,65.0,0.0,-0.0
42,123,25.0,67.0,0.0,-0.0
42,124,25.0,69.0,0.0,-0.0
42,125,25.0,71.0,0.0,-0.0
42,126,25.0,73.0,0.0,-0.0
42,127,25.0,75.0,0.0,-0.0
42,128,25.0,77.0,0.0,-0.0
42,129,25.0,79.0,0.0,-0.0
42,130,25.0,81.0,0.0,-0.0
42,131,25.0,83.0,0.0,-0.0
42,132,25.0,85.0,0.0,-0.0
42,133,25.0,87.0,0.0,-0.0
42,134,25.0,89.0,0.0,-0.0
42,135,25.0,91.0,0.0,-0.0
42,136,25.0,93.0,0.0,-0.0
42,137,25.0,95.0,0.0,-0.0
42,138,25.0,97.0,0.0,-0.0
42,139,25.0,99.0,0.0,-0.0
42,140,25.0,101.0,0.0,-0.0
42,141,25.0,103.0,0.0,-0.0
42,142,25.0,105.0,0.0,-0.0
42,143,25.0,107.0,0.0,-0.0
42,144,25.0,109.0,0.0,-0.0
42,145,25.0,111.0,0.0,-0.0
42,146,25.0,113.0,0.0,-0.0
42,147,25.0,115.0,0.0,-0.0
42,148,25.0,117.0,0.0,-0.0
42,149,25.0,119.0,0.0,-0.0
42,150,25.0,121.0,0.0,-0.0
42,151,25.0,123.0,0.0,-0.0
42,152,25.0,125.0,0.0,-0.0
42,153,25.0,127.0,0.0,-0.0
42,154,25.0,129.0,0.0,-0.0
42,155,25.0,131.0,0.0,-0.0
42,156,25.0,133.0,0.0,-0.0
42,157,25.0,135.0,0.0,-0.0
42,158,25.0,137.0,0.0,-0.0
42,159,25.0,139.0,0.0,-0.0
42,160,25.0,141.0,0.0,-0.0
42,161,25.0,143.0,0.0,-0.0
42,162,25.0,145.0,0.0,-0.0
42,163,25.0,147.0,0.0,-0.0
42,164,25.0,149.0,0.0,-0.0
42,165,25.0,151.0,0.0,-0.0
42,166,25.0,153.0,0.0,-0.0
42,167,25.0,155.0,0.0,-0.0
42,168,25.0,157.0,0.0,-0.0
42,169,25.0,159.0,0.0,-0.0
42,170,25.0,161.0,0.0,-0.0
42,171,25.0,163.0,0.0,-0.0
42,172,25.0,165.0,0.0,-0.0
42,173,25.0,167.0,0.0,-0.0
42,174,25.0,169.0,0.0,-0.0
42,175,25.0,171.0,0.0,-0.0
42,176,25.0,173.0,0.0,-0.0
42,177,25.0,175.0,0.0,-0.0
42,178,25.0,177.0,0.0,-0.0
42,179,25.0,179.0,0.0,-0.0
43,0,27.0,-179.0,0.0,-0.0
43,1,27.0,-177.0,0.0,-0.0
43,2,27.0,-175.0,0.0,-0.0
43,3,27.0,-173.0,0.0,-0.0
43,4,27.0,-171.0,0.0,-0.0
43,5,27.0,-169.0,0.0,-0.0
43,6,27.0,-167.0,0.0,-0.0
43,7,27.0,-165.0,0.0,-0.0
43,8,27.0,-163.0,0.0,-0.0
43,9,27.0,-161.0,0.0,-0.0
43,10,27.0,-159.0,0.0,-0.0
43,11,27.0,-157.0,0.0,-0.0
43,12,27.0,-155.0,0.0,-0.0
43,13,27.0,-153.0,0.0,-0.0
43,14,27.0,-151.0,0.0,-0.0
43,15,27.0,-149.0,0.0,-0.0
43,16,27.0,-147.0,0.0,-0.0
43,17,27.0,-145.0,0.0,-0.0
43,18,27.0,-143.0,0.0,-0.0
43,19,27.0,-141.0,0.0,-0.0
43,20,27.0,-139.0,0.0,-0.0
43,21,27.0,-137.0,0.0,-0.0
43,22,27.0,-135.0,0.0,-0.0
43,23,27.0,-133.0,0.0,-0.0
43,24,27.0,-131.0,0.0,-0.0
43,25,27.0,-129.0,0.0,-0.0
43,26,27.0,-127.0,0.0,-0.0
43,27,27.0,-125.0,0.0,-0.0
43,28,27.0,-123.0,0.0,-0.0
43,29,27.0,-121.0,0.0,-0.0
43,30,27.0,-119.0,0.0,-0.0
43,31,27.0,-117.0,0.0,-0.0
43,32,27.0,-115.0,0.0,-0.0
43,33,27.0,-113.0,0.0,-0.0
43,34,27.0,-111.0,0.0,-0.0
43,35,27.0,-109.0,0.0,-0.0
43,36,27.0,-107.0,0.0,-0.0
43,37,27.0,-105.0,0.0,-0.0
43,38,27.0,-103.0,0.0,-0.0
43,39,27.0,-101.0,0.0,-0.0
43,40,27.0,-99.0,0.0,-0.0
43,41,27.0,-97.0,0.0,-0.0
43,42,27.0,-95.0,0.0,-0.0
43,43,27.0,-93.0,0.0,-0.0
43,44,27.0,-91.0,0.0,-0.0
43,45,27.0,-89.0,0.0,-0.0
43,46,27.0,-87.0,0.0,-0.0
43,47,27.0,-85.0,0.0,-0.0
43,48,27.0,-83.0,0.0,-0.0
43,49,27.0,-81.0,0.0,-0.0
43,50,27.0,-79.0,0.0,-0.0
43,51,27.0,-77.0,0.0,-0.0
43,52,27.0,-75.0,0.0,-0.0
43,53,27.0,-73.0,0.0,-0.0
43,54,27.0,-71.0,0.0,-0.0
43,55,27.0,-69.0,0.0,-0.0
43,56,27.0,-67.0,0.0,-0.0
43,57,27.0,-65.0,0.0,-0.0
43,58,27.0,-63.0,0.0,-0.0
43,59,27.0,-61.0,0.0,-0.0
43,60,27.0,-59.0,0.0,-0.0
43,61,27.0,-57.0,0.0,-0.0
43,62,27.0,-55.0,0.0,-0.0
43,63,27.0,-53.0,0.0,-0.0
43,64,27.0,-51.0,0.0,-0.0
43,65,27.0,-49.0,0.0,-0.0
43,66,27.0,-47.0,0.0,-0.0
43,67,27.0,-45.0,0.0,-0.0
43,68,27.0,-43.0,0.0,-0.0
43,69,27.0,-41.0,0.0,-0.0
43,70,27.0,-39.0,0.0,-0.0
43,71,27.0,-37.0,0.0,-0.0
43,72,27.0,-35.0,0.0,-0.0
43,73,27.0,-33.0,0.0,-0.0
43,74,27.0,-31.0,0.0,-0.0
43,75,27.0,-29.0,0.0,-0.0
43,76,27.0,-27.0,0.0,-0.0
43,77,27.0,-25.0,0.0,-0.0
43,78,27.0,-23.0,0.0,-0.0
43,79,27.0,-21.0,0.0,-0.0
43,80,27.0,-19.0,0.0,-0.0
43,81,27.0,-17.0,0.0,-0.0
43,82,27.0,-15.0,0.0,-0.0
43,83,27.0,-13.0,0.0,-0.0
43,84,27.0,-11.0,0.0,-0.0
43,85,27.0,-9.0,0.0,-0.0
43,86,27.0,-7.0,0.0,-0.0
43,87,27.0,-5.0,0.0,-0.0
43,88,27.0,-3.0,0.0,-0.0
43,89,27.0,-1.0,0.0,-0.0
43,90,27.0,1.0,0.0,-0.0
43,91,27.0,3.0,0.0,-0.0
43,92,27.0,5.0,0.0,-0.0
43,93,27.0,7.0,0.0,-0.0
43,94,27.0,9.0,0.0,-0.0
43,95,27.0,11.0,0.0,-0.0
43,96,27.0,13.0,0.0,-0.0
43,97,27.0,15.0,0.0,-0.0
43,98,27.0,17.0,0.0,-0.0
43,99,27.0,19.0,0.0,-0.0
43,100,27.0,21.0,0.0,-0.0
43,101,27.0,23.0,0.0,-0.0
43,102,27.0,25.0,0.0,-0.0
43,103,27.0,27.0,0.0,-0.0
43,104,27.0,29.0,0.0,-0.0
43,105,27.0,31.0,0.0,-0.0
43,106,27.0,33.0,0.0,-0.0
43,107,27.0,35.0,0.0,-0.0
43,108,27.0,37.0,0.0,-0.0
43,109,27.0,39.0,0.0,-0.0
43,110,27.0,41.0,0.0,-0.0
43,111,27.0,43.0,0.0,-0.0
43,112,27.0,45.0,0.0,-0.0
43,113,27.0,47.0,0.0,-0.0
43,114,27.0,49.0,0.0,-0.0
43,115,27.0,51.0,0.0,-0.0
43,116,27.0,53.0,0.0,-0.0
43,117,27.0,55.0,0.0,-0.0
43,118,27.0,57.0,0.0,-0.0
43,119,27.0,59.0,0.0,-0.0
43,120,27.0,61.0,0.0,-0.0
43,121,27.0,63.0,0.0,-0.0
43,122,27.0,65.0,0.0,-0.0
43,123,27.0,67.0,0.0,-0.0
43,124,27.0,69.0,0.0,-0.0
43,125,27.0,71.0,0.0,-0.0
43,126,27.0,73.0,0.0,-0.0
43,127,27.0,75.0,0.0,-0.0
43,128,27.0,77.0,0.0,-0.0
43,129,27.0,79.0,0.0,-0.0
43,130,27.0,81.0,0.0,-0.0
43,131,27.0,83.0,0.0,-0.0
43,132,27.0,85.0,0.0,-0.0
43,133,27.0,87.0,0.0,-0.0
43,134,27.0,89.0,0.0,-0.0
43,135,27.0,91.0,0.0,-0.0
43,136,27.0,93.0,0.0,-0.0
43,137,27.0,95.0,0.0,-0.0
43,138,27.0,97.0,0.0,-0.0
43,139,27.0,99.0,0.0,-0.0
43,140,27.0,101.0,0.0,-0.0
43,141,27.0,103.0,0.0,-0.0
43,142,27.0,105.0,0.0,-0.0
43,143,27.0,107.0,0.0,-0.0
43,144,27.0,109.0,0.0,-0.0
43,145,27.0,111.0,0.0,-0.0
43,146,27.0,113.0,0.0,-0.0
43,147,27.0,115.0,0.0,-0.0
43,148,27.0,117.0,0.0,-0.0
43,149,27.0,119.0,0.0,-0.0
43,150,27.0,121.0,0.0,-0.0
43,151,27.0,123.0,0.0,-0.0
43,152,27.0,125.0,0.0,-0.0
43,153,27.0,127.0,0.0,-0.0
43,154,27.0,129.0,0.0,-0.0
43,155,27.0,131.0,0.0,-0.0
43,156,27.0,133.0,0.0,-0.0
43,157,27.0,135.0,0.0,-0.0
43,158,27.0,137.0,0.0,-0.0
43,159,27.0,139.0,0.0,-0.0
43,160,27.0,141.0,0.0,-0.0
43,161,27.0,143.0,0.0,-0.0
43,162,27.0,145.0,0.0,-0.0
43,163,27.0,147.0,0.0,-0.0
43,164,27.0,149.0,0.0,-0.0
43,165,27.0,151.0,0.0,-0.0
43,166,27.0,153.0,0.0,-0.0
43,167,27.0,155.0,0.0,-0.0
43,168,27.0,157.0,0.0,-0.0
43,169,27.0,159.0,0.0,-0.0
43,170,27.0,161.0,0.0,-0.0
43,171,27.0,163.0,0.0,-0.0
43,172,27.0,165.0,0.0,-0.0
43,173,27.0,167.0,0.0,-0.0
43,174,27.0,169.0,0.0,-0.0
43,175,27.0,171.0,0.0,-0.0
43,176,27.0,173.0,0.0,-0.0
43,177,27.0,175.0,0.0,-0.0
43,178,27.0,177.0,0.0,-0.0
43,179,27.0,179.0,0.0,-0.0
44,0,29.0,-179.0,0.0,-0.0
44,1,29.0,-177.0,0.0,-0.0
44,2,29.0,-175.0,0.0,-0.0
44,3,29.0,-173.0,0.0,-0.0
44,4,29.0,-171.0,0.0,-0.0
44,5,29.0,-169.0,0.0,-0.0
44,6,29.0,-167.0,0.0,-0.0
44,7,29.0,-165.0,0.0,-0.0
44,8,29.0,-163.0,0.0,-0.0
44,9,29.0,-161.0,0.0,-0.0
44,10,29.0,-159.0,0.0,-0.0
44,11,29.0,-157.0,0.0,-0.0
44,12,29.0,-155.0,0.0,-0.0
44,13,29.0,-153.0,0.0,-0.0
44,14,29.0,-151.0,0.0,-0.0
44,15,29.0,-149.0,0.0,-0.0
44,16,29.0,-147.0,0.0,-0.0
44,17,29.0,-145.0,0.0,-0.0
44,18,29.0,-143.0,0.0,-0.0
44,19,29.0,-141.0,0.0,-0.0
44,20,29.0,-139.0,0.0,-0.0
44,21,29.0,-137.0,0.0,-0.0
44,22,29.0,-135.0,0.0,-0.0
44,23,29.0,-133.0,0.0,-0.0
44,24,29.0,-131.0,0.0,-0.0
44,25,29.0,-129.0,0.0,-0.0
44,26,29.0,-127.0,0.0,-0.0
44,27,29.0,-125.0,0.0,-0.0
44,28,29.0,-123.0,0.0,-0.0
44,29,29.0,-121.0,0.0,-0.0
44,30,29.0,-119.0,0.0,-0.0
44,31,29.0,-117.0,0.0,-0.0
44,32,29.0,-115.0,0.0,-0.0
44,33,29.0,-113.0,0.0,-0.0
44,34,29.0,-111.0,0.0,-0.0
44,35,29.0,-109.0,0.0,-0.0
44,36,29.0,-107.0,0.0,-0.0
44,37,29.0,-105.0,0.0,-0.0
44,38,29.0,-103.0,0.0,-0.0
44,39,29.0,-101.0,0.0,-0.0
44,40,29.0,-99.0,0.0,-0.0
44,41,29.0,-97.0,0.0,-0.0
44,42,29.0,-95.0,0.0,-0.0
44,43,29.0,-93.0,0.0,-0.0
44,44,29.0,-91.0,0.0,-0.0
44,45,29.0,-89.0,0.0,-0.0
44,46,29.0,-87.0,0.0,-0.0
44,47,29.0,-85.0,0.0,-0.0
44,48,29.0,-83.0,0.0,-0.0
44,49,29.0,-81.0,0.0,-0.0
44,50,29.0,-79.0,0.0,-0.0
44,51,29.0,-77.0,0.0,-0.0
44,52,29.0,-75.0,0.0,-0.0
44,53,29.0,-73.0,0.0,-0.0
44,54,29.0,-71.0,0.0,-0.0
44,55,29.0,-69.0,0.0,-0.0
44,56,29.0,-67.0,0.0,-0.0
44,57,29.0,-65.0,0.0,-0.0
44,58,29.0,-63.0,0.0,-0.0
44,59,29.0,-61.0,0.0,-0.0
44,60,29.0,-59.0,0.0,-0.0
44,61,29.0,-57.0,0.0,-0.0
44,62,29.0,-55.0,0.0,-0.0
44,63,29.0,-53.0,0.0,-0.0
44,64,29.0,-51.0,0.0,-0.0
44,65,29.0,-49.0,0.0,-0.0
44,66,29.0,-47.0,0.0,-0.0
44,67,29.0,-45.0,0.0,-0.0
44,68,29.0,-43.0,0.0,-0.0
44,69,29.0,-41.0,0.0,-0.0
44,70,29.0,-39.0,0.0,-0.0
44,71,29.0,-37.0,0.0,-0.0
44,72,29.0,-35.0,0.0,-0.0
44,73,29.0,-33.0,0.0,-0.0
44,74,29.0,-31.0,0.0,-0.0
44,75,29.0,-29.0,0.0,-0.0
44,76,29.0,-27.0,0.0,-0.0
44,77,29.0,-25.0,0.0,-0.0
44,78,29.0,-23.0,0.0,-0.0
44,79,29.0,-21.0,0.0,-0.0
44,80,29.0,-19.0,0.0,-0.0
44,81,29.0,-17.0,0.0,-0.0
44,82,29.0,-15.0,0.0,-0.0
44,83,29.0,-13.0,0.0,-0.0
44,84,29.0,-11.0,0.0,-0.0
44,85,29.0,-9.0,0.0,-0.0
44,86,29.0,-7.0,0.0,-0.0
44,87,29.0,-5.0,0.0,-0.0
44,88,29.0,-3.0,0.0,-0.0
44,89,29.0,-1.0,0.0,-0.0
44,90,29.0,1.0,0.0,-0.0
44,91,29.0,3.0,0.0,-0.0
44,92,29.0,5.0,0.0,-0.0
44,93,29.0,7.0,0.0,-0.0
44,94,29.0,9.0,0.0,-0.0
44,95,29.0,11.0,0.0,-0.0
44,96,29.0,13.0,0.0,-0.0
44,97,29.0,15.0,0.0,-0.0
44,98,29.0,17.0,0.0,-0.0
44,99,29.0,19.0,0.0,-0.0
44,100,29.0,21.0,0.0,-0.0
44,101,29.0,23.0,0.0,-0.0
44,102,29.0,25.0,0.0,-0.0
44,103,29.0,27.0,0.0,-0.0
44,104,29.0,29.0,0.0,-0.0
44,105,29.0,31.0,0.0,-0.0
44,106,29.0,33.0,0.0,-0.0
44,107,29.0,35.0,0.0,-0.0
44,108,29.0,37.0,0.0,-0.0
44,109,29.0,39.0,0.0,-0.0
44,110,29.0,41.0,0.0,-0.0
44,111,29.0,43.0,0.0,-0.0
44,112,29.0,45.0,0.0,-0.0
44,113,29.0,47.0,0.0,-0.0
44,114,29.0,49.0,0.0,-0.0
44,115,29.0,51.0,0.0,-0.0
44,116,29.0,53.0,0.0,-0.0
44,117,29.0,55.0,0.0,-0.0
44,118,29.0,57.0,0.0,-0.0
44,119,29.0,59.0,0.0,-0.0
44,120,29.0,61.0,0.0,-0.0
44,121,29.0,63.0,0.0,-0.0
44,122,29.0,65.0,0.0,-0.0
44,123,29.0,67.0,0.0,-0.0
44,124,29.0,69.0,0.0,-0.0
44,125,29.0,71.0,0.0,-0.0
44,126,29.0,73.0,0.0,-0.0
44,127,29.0,75.0,0.0,-0.0
44,128,29.0,77.0,0.0,-0.0
44,129,29.0,79.0,0.0,-0.0
44,130,29.0,81.0,0.0,-0.0
44,131,29.0,83.0,0.0,-0.0
44,132,29.0,85.0,0.0,-0.0
44,133,29.0,87.0,0.0,-0.0
44,134,29.0,89.0,0.0,-0.0
44,135,29.0,91.0,0.0,-0.0
44,136,29.0,93.0,0.0,-0.0
44,137,29.0,95.0,0.0,-0.0
44,138,29.0,97.0,0.0,-0.0
44,139,29.0,99.0,0.0,-0.0
44,140,29.0,101.0,0.0,-0.0
44,141,29.0,103.0,0.0,-0.0
44,142,29.0,105.0,0.5091,0.71151484
44,143,29.0,107.0,0.0,-0.0
44,144,29.0,109.0,0.0,-0.0
44,145,29.0,111.0,0.0,-0.0
44,146,29.0,113.0,0.0,-0.0
44,147,29.0,115.0,0.0,-0.0
44,148,29.0,117.0,0.0,-0.0
44,149,29.0,119.0,0.0,-0.0
44,150,29.0,121.0,0.0,-0.0
44,151,29.0,123.0,0.0,-0.0
44,152,29.0,125.0,0.0,-0.0
44,153,29.0,127.0,0.0,-0.0
44,154,29.0,129.0,0.0,-0.0
44,155,29.0,131.0,0.0,-0.0
44,156,29.0,133.0,0.0,-0.0
44,157,29.0,135.0,0.0,-0.0
44,158,29.0,137.0,0.0,-0.0
44,159,29.0,139.0,0.0,-0.0
44,160,29.0,141.0,0.0,-0.0
44,161,29.0,143.0,0.0,-0.0
44,162,29.0,145.0,0.0,-0.0
44,163,29.0,147.0,0.0,-0.0
44,164,29.0,149.0,0.0,-0.0
44,165,29.0,151.0,0.0,-0.0
44,166,29.0,153.0,0.0,-0.0
44,167,29.0,155.0,0.0,-0.0
44,168,29.0,157.0,0.0,-0.0
44,169,29.0,159.0,0.0,-0.0
44,170,29.0,161.0,0.0,-0.0
44,171,29.0,163.0,0.0,-0.0
44,172,29.0,165.0,0.0,-0.0
44,173,29.0,167.0,0.0,-0.0
44,174,29.0,169.0,0.0,-0.0
44,175,29.0,171.0,0.0,-0.0
44,176,29.0,173.0,0.0,-0.0
44,177,29.0,175.0,0.0,-0.0
44,178,29.0,177.0,0.0,-0.0
44,179,29.0,179.0,0.0,-0.0
45,0,31.0,-179.0,0.0,-0.0
45,1,31.0,-177.0,0.0,-0.0
45,2,31.0,-175.0,0.0,-0.0
45,3,31.0,-173.0,0.0,-0.0
45,4,31.0,-171.0,0.0,-0.0
45,5,31.0,-169.0,0.0,-0.0
45,6,31.0,-167.0,0.0,-0.0
45,7,31.0,-165.0,0.0,-0.0
45,8,31.0,-163.0,0.0,-0.0
45,9,31.0,-161.0,0.0,-0.0
45,10,31.0,-159.0,0.0,-0.0
45,11,31.0,-157.0,0.0,-0.0
45,12,31.0,-155.0,0.0,-0.0
45,13,31.0,-153.0,0.0,-0.0
45,14,31.0,-151.0,0.0,-0.0
45,15,31.0,-149.0,0.0,-0.0
45,16,31.0,-147.0,0.0,-0.0
45,17,31.0,-145.0,0.0,-0.0
45,18,31.0,-143.0,0.0,-0.0
45,19,31.0,-141.0,0.0,-0.0
45,20,31.0,-139.0,0.0,-0.0
45,21,31.0,-137.0,0.0,-0.0
45,22,31.0,-135.0,0.0,-0.0
45,23,31.0,-133.0,0.0,-0.0
45,24,31.0,-131.0,0.0,-0.0
45,25,31.0,-129.0,0.0,-0.0
45,26,31.0,-127.0,0.0,-0.0
45,27,31.0,-125.0,0.0,-0.0
45,28,31.0,-123.0,0.0,-0.0
45,29,31.0,-121.0,0.0,-0.0
45,30,31.0,-119.0,0.0,-0.0
45,31,31.0,-117.0,0.0,-0.0
45,32,31.0,-115.0,0.0,-0.0
45,33,31.0,-113.0,0.0,-0.0
45,34,31.0,-111.0,0.0,-0.0
45,35,31.0,-109.0,0.0,-0.0
45,36,31.0,-107.0,0.0,-0.0
45,37,31.0,-105.0,0.0356,0.03624913
45,38,31.0,-103.0,0.0356,0.03624913
45,39,31.0,-101.0,0.0,-0.0
45,40,31.0,-99.0,0.0,-0.0
45,41,31.0,-97.0,0.0,-0.0
45,42,31.0,-95.0,0.0,-0.0
45,43,31.0,-93.0,0.0,-0.0
45,44,31.0,-91.0,0.0,-0.0
45,45,31.0,-89.0,0.0,-0.0
45,46,31.0,-87.0,0.0,-0.0
45,47,31.0,-85.0,0.0,-0.0
45,48,31.0,-83.0,0.0,-0.0
45,49,31.0,-81.0,0.0,-0.0
45,50,31.0,-79.0,0.0,-0.0
45,51,31.0,-77.0,0.0,-0.0
45,52,31.0,-75.0,0.0,-0.0
45,53,31.0,-73.0,0.0,-0.0
45,54,31.0,-71.0,0.0,-0.0
45,55,31.0,-69.0,0.0,-0.0
45,56,31.0,-67.0,0.0,-0.0
45,57,31.0,-65.0,0.0,-0.0
45,58,31.0,-63.0,0.0,-0.0
45,59,31.0,-61.0,0.0,-0.0
45,60,31.0,-59.0,0.0,-0.0
45,61,31.0,-57.0,0.0,-0.0
45,62,31.0,-55.0,0.0,-0.0
45,63,31.0,-53.0,0.0,-0.0
45,64,31.0,-51.0,0.0,-0.0
45,65,31.0,-49.0,0.0,-0.0
45,66,31.0,-47.0,0.0,-0.0
45,67,31.0,-45.0,0.0,-0.0
45,68,31.0,-43.0,0.0,-0.0
45,69,31.0,-41.0,0.0,-0.0
45,70,31.0,-39.0,0.0,-0.0
45,71,31.0,-37.0,0.0,-0.0
45,72,31.0,-35.0,0.0,-0.0
45,73,31.0,-33.0,0.0,-0.0
45,74,31.0,-31.0,0.0,-0.0
45,75,31.0,-29.0,0.0,-0.0
45,76,31.0,-27.0,0.0,-0.0
45,77,31.0,-25.0,0.0,-0.0
45,78,31.0,-23.0,0.0,-0.0
45,79,31.0,-21.0,0.0,-0.0
45,80,31.0,-19.0,0.0,-0.0
45,81,31.0,-17.0,0.0,-0.0
45,82,31.0,-15.0,0.0,-0.0
45,83,31.0,-13.0,0.0,-0.0
45,84,31.0,-11.0,0.0,-0.0
45,85,31.0,-9.0,0.0,-0.0
45,86,31.0,-7.0,0.0,-0.0
45,87,31.0,-5.0,0.0,-0.0
45,88,31.0,-3.0,0.0,-0.0
45,89,31.0,-1.0,0.0,-0.0
45,90,31.0,1.0,0.0,-0.0
45,91,31.0,3.0,0.0,-0.0
45,92,31.0,5.0,0.0,-0.0
45,93,31.0,7.0,0.0,-0.0
45,94,31.0,9.0,0.0,-0.0
45,95,31.0,11.0,0.0,-0.0
45,96,31.0,13.0,0.0,-0.0
45,97,31.0,15.0,0.0,-0.0
45,98,31.0,17.0,0.0,-0.0
45,99,31.0,19.0,0.0,-0.0
45,100,31.0,21.0,0.0,-0.0
45,101,31.0,23.0,0.0,-0.0
45,102,31.0,25.0,0.0,-0.0
45,103,31.0,27.0,0.0,-0.0
45,104,31.0,29.0,0.0,-0.0
45,105,31.0,31.0,0.0,-0.0
45,106,31.0,33.0,0.0,-0.0
45,107,31.0,35.0,0.0,-0.0
45,108,31.0,37.0,0.0,-0.0
45,109,31.0,39.0,0.0,-0.0
45,110,31.0,41.0,0.0,-0.0
45,111,31.0,43.0,0.0,-0.0
45,112,31.0,45.0,0.0,-0.0
45,113,31.0,47.0,0.0,-0.0
45,114,31.0,49.0,0.0,-0.0
45,115,31.0,51.0,0.0,-0.0
45,116,31.0,53.0,0.0,-0.0
45,117,31.0,55.0,0.0,-0.0
45,118,31.0,57.0,0.0,-0.0
45,119,31.0,59.0,0.0,-0.0
45,120,31.0,61.0,0.0,-0.0
45,121,31.0,63.0,0.0,-0.0
45,122,31.0,65.0,0.0,-0.0
45,123,31.0,67.0,0.0,-0.0
45,124,31.0,69.0,0.0,-0.0
45,125,31.0,71.0,0.0,-0.0
45,126,31.0,73.0,0.0,-0.0
45,127,31.0,75.0,0.0,-0.0
45,128,31.0,77.0,0.0,-0.0
45,129,31.0,79.0,0.0,-0.0
45,130,31.0,81.0,0.0,-0.0
45,131,31.0,83.0,0.0,-0.0
45,132,31.0,85.0,0.0,-0.0
45,133,31.0,87.0,0.0,-0.0
45,134,31.0,89.0,0.0,-0.0
45,135,31.0,91.0,0.0,-0.0
45,136,31.0,93.0,0.0,-0.0
45,137,31.0,95.0,0.0,-0.0
45,138,31.0,97.0,0.0,-0.0
45,139,31.0,99.0,0.0,-0.0
45,140,31.0,101.0,0.0,-0.0
45,141,31.0,103.0,0.0,-0.0
45,142,31.0,105.0,0.0,-0.0
45,143,31.0,107.0,0.0,-0.0
45,144,31.0,109.0,0.0,-0.0
45,145,31.0,111.0,0.0,-0.0
45,146,31.0,113.0,0.0,-0.0
45,147,31.0,115.0,0.0,-0.0
45,148,31.0,117.0,0.0,-0.0
45,149,31.0,119.0,0.0,-0.0
45,150,31.0,121.0,0.0,-0.0
45,151,31.0,123.0,0.0,-0.0
45,152,31.0,125.0,0.0,-0.0
45,153,31.0,127.0,0.0,-0.0
45,154,31.0,129.0,0.0,-0.0
45,155,31.0,131.0,0.5091,0.71151484
45,156,31.0,133.0,0.0,-0.0
45,157,31.0,135.0,0.0,-0.0
45,158,31.0,137.0,0.0,-0.0
45,159,31.0,139.0,0.0,-0.0
45,160,31.0,141.0,0.0,-0.0
45,161,31.0,143.0,0.0,-0.0
45,162,31.0,145.0,0.0,-0.0
45,163,31.0,147.0,0.0,-0.0
45,164,31.0,149.0,0.0,-0.0
45,165,31.0,151.0,0.0,-0.0
45,166,31.0,153.0,0.0,-0.0
45,167,31.0,155.0,0.0,-0.0
45,168,31.0,157.0,0.0,-0.0
45,169,31.0,159.0,0.0,-0.0
45,170,31.0,161.0,0.0,-0.0
45,171,31.0,163.0,0.0,-0.0
45,172,31.0,165.0,0.0,-0.0
45,173,31.0,167.0,0.0,-0.0
45,174,31.0,169.0,0.0,-0.0
45,175,31.0,171.0,0.0,-0.0
45,176,31.0,173.0,0.0,-0.0
45,177,31.0,175.0,0.0,-0.0
45,178,31.0,177.0,0.0,-0.0
45,179,31.0,179.0,0.0,-0.0
46,0,33.0,-179.0,0.0,-0.0
46,1,33.0,-177.0,0.0,-0.0
46,2,33.0,-175.0,0.0,-0.0
46,3,33.0,-173.0,0.0,-0.0
46,4,33.0,-171.0,0.0,-0.0
46,5,33.0,-169.0,0.0,-0.0
46,6,33.0,-167.0,0.0,-0.0
46,7,33.0,-165.0,0.0,-0.0
46,8,33.0,-163.0,0.0,-0.0
46,9,33.0,-161.0,0.0,-0.0
46,10,33.0,-159.0,0.0,-0.0
46,11,33.0,-157.0,0.0,-0.0
46,12,33.0,-155.0,0.0,-0.0
46,13,33.0,-153.0,0.0,-0.0
46,14,33.0,-151.0,0.0,-0.0
46,15,33.0,-149.0,0.0,-0.0
46,16,33.0,-147.0,0.0,-0.0
46,17,33.0,-145.0,0.0,-0.0
46,18,33.0,-143.0,0.0,-0.0
46,19,33.0,-141.0,0.0,-0.0
46,20,33.0,-139.0,0.0,-0.0
46,21,33.0,-137.0,0.0,-0.0
46,22,33.0,-135.0,0.0,-0.0
46,23,33.0,-133.0,0.0,-0.0
46,24,33.0,-131.0,0.0,-0.0
46,25,33.0,-129.0,0.0,-0.0
46,26,33.0,-127.0,0.0,-0.0
46,27,33.0,-125.0,0.0,-0.0
46,28,33.0,-123.0,0.0,-0.0
46,29,33.0,-121.0,0.0,-0.0
46,30,33.0,-119.0,0.0,-0.0
46,31,33.0,-117.0,0.0356,0.03624913
46,32,33.0,-115.0,0.0356,0.03624913
46,33,33.0,-113.0,0.0,-0.0
46,34,33.0,-111.0,0.0,-0.0
46,35,33.0,-109.0,0.0,-0.0
46,36,33.0,-107.0,0.0,-0.0
46,37,33.0,-105.0,0.0,-0.0
46,38,33.0,-103.0,0.0,-0.0
46,39,33.0,-101.0,0.0,-0.0
46,40,33.0,-99.0,0.0,-0.0
46,41,33.0,-97.0,0.0,-0.0
46,42,33.0,-95.0,0.0,-0.0
46,43,33.0,-93.0,0.0,-0.0
46,44,33.0,-91.0,0.0,-0.0
46,45,33.0,-89.0,0.0,-0.0
46,46,33.0,-87.0,0.0,-0.0
46,47,33.0,-85.0,0.0,-0.0
46,48,33.0,-83.0,0.0,-0.0
46,49,33.0,-81.0,0.0,-0.0
46,50,33.0,-79.0,0.0,-0.0
46,51,33.0,-77.0,0.0,-0.0
46,52,33.0,-75.0,0.0,-0.0
46,53,33.0,-73.0,0.0,-0.0
46,54,33.0,-71.0,0.0,-0.0
46,55,33.0,-69.0,0.0,-0.0
46,56,33.0,-67.0,0.0,-0.0
46,57,33.0,-65.0,0.0,-0.0
46,58,33.0,-63.0,0.0,-0.0
46,59,33.0,-61.0,0.0,-0.0
46,60,33.0,-59.0,0.0,-0.0
46,61,33.0,-57.0,0.0,-0.0
46,62,33.0,-55.0,0.0,-0.0
46,63,33.0,-53.0,0.0,-0.0
46,64,33.0,-51.0,0.0,-0.0
46,65,33.0,-49.0,0.0,-0.0
46,66,33.0,-47.0,0.0,-0.0
46,67,33.0,-45.0,0.0,-0.0
46,68,33.0,-43.0,0.0,-0.0
46,69,33.0,-41.0,0.0,-0.0
46,70,33.0,-39.0,0.0,-0.0
46,71,33.0,-37.0,0.0,-0.0
46,72,33.0,-35.0,0.0,-0.0
46,73,33.0,-33.0,0.0,-0.0
46,74,33.0,-31.0,0.0,-0.0
46,75,33.0,-29.0,0.0,-0.0
46,76,33.0,-27.0,0.0,-0.0
46,77,33.0,-25.0,0.0,-0.0
46,78,33.0,-23.0,0.0,-0.0
46,79,33.0,-21.0,0.0,-0.0
46,80,33.0,-19.0,0.0,-0.0
46,81,33.0,-17.0,0.0,-0.0
46,82,33.0,-15.0,0.0,-0.0
46,83,33.0,-13.0,0.0,-0.0
46,84,33.0,-11.0,0.0,-0.0
46,85,33.0,-9.0,0.0,-0.0
46,86,33.0,-7.0,0.0,-0.0
46,87,33.0,-5.0,0.0,-0.0
46,88,33.0,-3.0,0.0,-0.0
46,89,33.0,-1.0,0.0,-0.0
46,90,33.0,1.0,0.0,-0.0
46,91,33.0,3.0,0.0,-0.0
46,92,33.0,5.0,0.0,-0.0
46,93,33.0,7.0,0.0,-0.0
46,94,33.0,9.0,0.0,-0.0
46,95,33.0,11.0,0.0,-0.0
46,96,33.0,13.0,0.0,-0.0
46,97,33.0,15.0,0.0,-0.0
46,98,33.0,17.0,0.0,-0.0
46,99,33.0,19.0,0.0,-0.0
46,100,33.0,21.0,0.0,-0.0
46,101,33.0,23.0,0.0,-0.0
46,102,33.0,25.0,0.0,-0.0
46,103,33.0,27.0,0.0,-0.0
46,104,33.0,29.0,0.0,-0.0
46,105,33.0,31.0,0.0,-0.0
46,106,33.0,33.0,0.0,-0.0
46,107,33.0,35.0,0.0,-0.0
46,108,33.0,37.0,0.0,-0.0
46,109,33.0,39.0,0.0,-0.0
46,110,33.0,41.0,0.0,-0.0
46,111,33.0,43.0,0.0,-0.0
46,112,33.0,45.0,0.0,-0.0
46,113,33.0,47.0,0.0,-0.0
46,114,33.0,49.0,0.0,-0.0
46,115,33.0,51.0,0.0,-0.0
46,116,33.0,53.0,0.0,-0.0
46,117,33.0,55.0,0.0,-0.0
46,118,33.0,57.0,0.0,-0.0
46,119,33.0,59.0,0.0,-0.0
46,120,33.0,61.0,0.0,-0.0
46,121,33.0,63.0,0.0,-0.0
46,122,33.0,65.0,0.0,-0.0
46,123,33.0,67.0,0.0,-0.0
46,124,33.0,69.0,0.0,-0.0
46,125,33.0,71.0,0.0,-0.0
46,126,33.0,73.0,0.0,-0.0
46,127,33.0,75.0,0.0,-0.0
46,128,33.0,77.0,0.0,-0.0
46,129,33.0,79.0,0.0,-0.0
46,130,33.0,81.0,0.0,-0.0
46,131,33.0,83.0,0.0,-0.0
46,132,33.0,85.0,0.0,-0.0
46,133,33.0,87.0,0.0,-0.0
46,134,33.0,89.0,0.0,-0.0
46,135,33.0,91.0,0.0,-0.0
46,136,33.0,93.0,0.0,-0.0
46,137,33.0,95.0,0.0,-0.0
46,138,33.0,97.0,0.0,-0.0
46,139,33.0,99.0,0.0,-0.0
46,140,33.0,101.0,0.0,-0.0
46,141,33.0,103.0,0.0,-0.0
46,142,33.0,105.0,0.0,-0.0
46,143,33.0,107.0,0.0,-0.0
46,144,33.0,109.0,0.0,-0.0
46,145,33.0,111.0,0.0,-0.0
46,146,33.0,113.0,0.0,-0.0
46,147,33.0,115.0,0.0,-0.0
46,148,33.0,117.0,0.0,-0.0
46,149,33.0,119.0,0.0,-0.0
46,150,33.0,121.0,0.0,-0.0
46,151,33.0,123.0,0.0,-0.0
46,152,33.0,125.0,0.0,-0.0
46,153,33.0,127.0,0.0,-0.0
46,154,33.0,129.0,0.0,-0.0
46,155,33.0,131.0,0.0356,0.03624913
46,156,33.0,133.0,0.0,-0.0
46,157,33.0,135.0,0.0,-0.0
46,158,33.0,137.0,0.0,-0.0
46,159,33.0,139.0,0.0,-0.0
46,160,33.0,141.0,0.0,-0.0
46,161,33.0,143.0,0.0,-0.0
46,162,33.0,145.0,0.0,-0.0
46,163,33.0,147.0,0.0,-0.0
46,164,33.0,149.0,0.0,-0.0
46,165,33.0,151.0,0.0,-0.0
46,166,33.0,153.0,0.0,-0.0
46,167,33.0,155.0,0.0,-0.0
46,168,33.0,157.0,0.0,-0.0
46,169,33.0,159.0,0.0,-0.0
46,170,33.0,161.0,0.0,-0.0
46,171,33.0,163.0,0.0,-0.0
46,172,33.0,165.0,0.0,-0.0
46,173,33.0,167.0,0.0,-0.0
46,174,33.0,169.0,0.0,-0.0
46,175,33.0,171.0,0.0,-0.0
46,176,33.0,173.0,0.0,-0.0
46,177,33.0,175.0,0.0,-0.0
46,178,33.0,177.0,0.0,-0.0
46,179,33.0,179.0,0.0,-0.0
47,0,35.0,-179.0,0.0,-0.0
47,1,35.0,-177.0,0.0,-0.0
47,2,35.0,-175.0,0.0,-0.0
47,3,35.0,-173.0,0.0,-0.0
47,4,35.0,-171.0,0.0,-0.0
47,5,35.0,-169.0,0.0,-0.0
47,6,35.0,-167.0,0.0,-0.0
47,7,35.0,-165.0,0.0,-0.0
47,8,35.0,-163.0,0.0,-0.0
47,9,35.0,-161.0,0.0,-0.0
47,10,35.0,-159.0,0.0,-0.0
47,11,35.0,-157.0,0.0,-0.0
47,12,35.0,-155.0,0.0,-0.0
47,13,35.0,-153.0,0.0,-0.0
47,14,35.0,-151.0,0.0,-0.0
47,15,35.0,-149.0,0.0,-0.0
47,16,35.0,-147.0,0.0,-0.0
47,17,35.0,-145.0,0.0,-0.0
47,18,35.0,-143.0,0.0,-0.0
47,19,35.0,-141.0,0.0,-0.0
47,20,35.0,-139.0,0.0,-0.0
47,21,35.0,-137.0,0.0,-0.0
47,22,35.0,-135.0,0.0,-0.0
47,23,35.0,-133.0,0.0,-0.0
47,24,35.0,-131.0,0.0,-0.0
47,25,35.0,-129.0,0.0,-0.0
47,26,35.0,-127.0,0.0,-0.0
47,27,35.0,-125.0,0.0,-0.0
47,28,35.0,-123.0,0.0,-0.0
47,29,35.0,-121.0,0.0,-0.0
47,30,35.0,-119.0,0.0,-0.0
47,31,35.0,-117.0,0.0,-0.0
47,32,35.0,-115.0,0.0,-0.0
47,33,35.0,-113.0,0.0,-0.0
47,34,35.0,-111.0,0.0,-0.0
47,35,35.0,-109.0,0.0,-0.0
47,36,35.0,-107.0,0.0,-0.0
47,37,35.0,-105.0,0.0,-0.0
47,38,35.0,-103.0,0.0,-0.0
47,39,35.0,-101.0,0.0,-0.0
47,40,35.0,-99.0,0.0,-0.0
47,41,35.0,-97.0,0.0,-0.0
47,42,35.0,-95.0,0.0,-0.0
47,43,35.0,-93.0,0.0,-0.0
47,44,35.0,-91.0,0.0,-0.0
47,45,35.0,-89.0,0.0,-0.0
47,46,35.0,-87.0,0.0,-0.0
47,47,35.0,-85.0,0.0,-0.0
47,48,35.0,-83.0,0.0,-0.0
47,49,35.0,-81.0,0.0,-0.0
47,50,35.0,-79.0,0.0,-0.0
47,51,35.0,-77.0,0.0,-0.0
47,52,35.0,-75.0,0.0,-0.0
47,53,35.0,-73.0,0.0,-0.0
47,54,35.0,-71.0,0.0,-0.0
47,55,35.0,-69.0,0.0,-0.0
47,56,35.0,-67.0,0.0,-0.0
47,57,35.0,-65.0,0.0,-0.0
47,58,35.0,-63.0,0.0,-0.0
47,59,35.0,-61.0,0.0,-0.0
47,60,35.0,-59.0,0.0,-0.0
47,61,35.0,-57.0,0.0,-0.0
47,62,35.0,-55.0,0.0,-0.0
47,63,35.0,-53.0,0.0,-0.0
47,64,35.0,-51.0,0.0,-0.0
47,65,35.0,-49.0,0.0,-0.0
47,66,35.0,-47.0,0.0,-0.0
47,67,35.0,-45.0,0.0,-0.0
47,68,35.0,-43.0,0.0,-0.0
47,69,35.0,-41.0,0.0,-0.0
47,70,35.0,-39.0,0.0,-0.0
47,71,35.0,-37.0,0.0,-0.0
47,72,35.0,-35.0,0.0,-0.0
47,73,35.0,-33.0,0.0,-0.0
47,74,35.0,-31.0,0.0,-0.0
47,75,35.0,-29.0,0.0,-0.0
47,76,35.0,-27.0,0.0,-0.0
47,77,35.0,-25.0,0.0,-0.0
47,78,35.0,-23.0,0.0,-0.0
47,79,35.0,-21.0,0.0,-0.0
47,80,35.0,-19.0,0.0,-0.0
47,81,35.0,-17.0,0.0,-0.0
47,82,35.0,-15.0,0.0,-0.0
47,83,35.0,-13.0,0.0,-0.0
47,84,35.0,-11.0,0.0,-0.0
47,85,35.0,-9.0,0.0,-0.0
47,86,35.0,-7.0,0.0,-0.0
47,87,35.0,-5.0,0.0,-0.0
47,88,35.0,-3.0,0.0,-0.0
47,89,35.0,-1.0,0.0,-0.0
47,90,35.0,1.0,0.0,-0.0
47,91,35.0,3.0,0.0,-0.0
47,92,35.0,5.0,0.0,-0.0
47,93,35.0,7.0,0.0,-0.0
47,94,35.0,9.0,0.0,-0.0
47,95,35.0,11.0,0.0,-0.0
47,96,35.0,13.0,0.0,-0.0
47,97,35.0,15.0,0.0,-0.0
47,98,35.0,17.0,0.0,-0.0
47,99,35.0,19.0,0.0,-0.0
47,100,35.0,21.0,0.0,-0.0
47,101,35.0,23.0,0.0,-0.0
47,102,35.0,25.0,0.0,-0.0
47,103,35.0,27.0,0.0,-0.0
47,104,35.0,29.0,0.0,-0.0
47,105,35.0,31.0,0.0,-0.0
47,106,35.0,33.0,0.0,-0.0
47,107,35.0,35.0,0.0,-0.0
47,108,35.0,37.0,0.0,-0.0
47,109,35.0,39.0,0.0,-0.0
47,110,35.0,41.0,0.0,-0.0
47,111,35.0,43.0,0.0,-0.0
47,112,35.0,45.0,0.0,-0.0
47,113,35.0,47.0,0.0,-0.0
47,114,35.0,49.0,0.0,-0.0
47,115,35.0,51.0,0.0,-0.0
47,116,35.0,53.0,0.0,-0.0
47,117,35.0,55.0,0.0,-0.0
47,118,35.0,57.0,0.0,-0.0
47,119,35.0,59.0,0.0,-0.0
47,120,35.0,61.0,0.0,-0.0
47,121,35.0,63.0,0.0,-0.0
47,122,35.0,65.0,0.0,-0.0
47,123,35.0,67.0,0.0,-0.0
47,124,35.0,69.0,0.0,-0.0
47,125,35.0,71.0,0.0,-0.0
47,126,35.0,73.0,0.0,-0.0
47,127,35.0,75.0,0.0,-0.0
47,128,35.0,77.0,0.0,-0.0
47,129,35.0,79.0,0.0,-0.0
47,130,35.0,81.0,0.0,-0.0
47,131,35.0,83.0,0.0,-0.0
47,132,35.0,85.0,0.0,-0.0
47,133,35.0,87.0,0.0,-0.0
47,134,35.0,89.0,0.0,-0.0
47,135,35.0,91.0,0.0,-0.0
47,136,35.0,93.0,0.0,-0.0
47,137,35.0,95.0,0.0,-0.0
47,138,35.0,97.0,0.0,-0.0
47,139,35.0,99.0,0.0356,0.03624913
47,140,35.0,101.0,0.0,-0.0
47,141,35.0,103.0,0.0,-0.0
47,142,35.0,105.0,0.0,-0.0
47,143,35.0,107.0,0.0,-0.0
47,144,35.0,109.0,0.0,-0.0
47,145,35.0,111.0,0.0,-0.0
47,146,35.0,113.0,0.0,-0.0
47,147,35.0,115.0,0.0,-0.0
47,148,35.0,117.0,0.0,-0.0
47,149,35.0,119.0,0.0,-0.0
47,150,35.0,121.0,0.0,-0.0
47,151,35.0,123.0,0.0,-0.0
47,152,35.0,125.0,0.0,-0.0
47,153,35.0,127.0,0.0,-0.0
47,154,35.0,129.0,0.0,-0.0
47,155,35.0,131.0,0.0,-0.0
47,156,35.0,133.0,0.0,-0.0
47,157,35.0,135.0,0.0,-0.0
47,158,35.0,137.0,0.0,-0.0
47,159,35.0,139.0,0.0,-0.0
47,160,35.0,141.0,0.0,-0.0
47,161,35.0,143.0,0.0,-0.0
47,162,35.0,145.0,0.0,-0.0
47,163,35.0,147.0,0.0,-0.0
47,164,35.0,149.0,0.0,-0.0
47,165,35.0,151.0,0.0,-0.0
47,166,35.0,153.0,0.0,-0.0
47,167,35.0,155.0,0.0,-0.0
47,168,35.0,157.0,0.0,-0.0
47,169,35.0,159.0,0.0,-0.0
47,170,35.0,161.0,0.0,-0.0
47,171,35.0,163.0,0.0,-0.0
47,172,35.0,165.0,0.0,-0.0
47,173,35.0,167.0,0.0,-0.0
47,174,35.0,169.0,0.0,-0.0
47,175,35.0,171.0,0.0,-0.0
47,176,35.0,173.0,0.0,-0.0
47,177,35.0,175.0,0.0,-0.0
47,178,35.0,177.0,0.0,-0.0
47,179,35.0,179.0,0.0,-0.0
48,0,37.0,-179.0,0.0,-0.0
48,1,37.0,-177.0,0.0,-0.0
48,2,37.0,-175.0,0.0,-0.0
48,3,37.0,-173.0,0.0,-0.0
48,4,37.0,-171.0,0.0,-0.0
48,5,37.0,-169.0,0.0,-0.0
48,6,37.0,-167.0,0.0,-0.0
48,7,37.0,-165.0,0.0,-0.0
48,8,37.0,-163.0,0.0,-0.0
48,9,37.0,-161.0,0.0,-0.0
48,10,37.0,-159.0,0.0,-0.0
48,11,37.0,-157.0,0.0,-0.0
48,12,37.0,-155.0,0.0,-0.0
48,13,37.0,-153.0,0.0,-0.0
48,14,37.0,-151.0,0.0,-0.0
48,15,37.0,-149.0,0.0,-0.0
48,16,37.0,-147.0,0.0,-0.0
48,17,37.0,-145.0,0.0,-0.0
48,18,37.0,-143.0,0.0,-0.0
48,19,37.0,-141.0,0.0,-0.0
48,20,37.0,-139.0,0.0,-0.0
48,21,37.0,-137.0,0.0,-0.0
48,22,37.0,-135.0,0.0,-0.0
48,23,37.0,-133.0,0.0,-0.0
48,24,37.0,-131.0,0.0,-0.0
48,25,37.0,-129.0,0.0,-0.0
48,26,37.0,-127.0,0.0,-0.0
48,27,37.0,-125.0,0.0,-0.0
48,28,37.0,-123.0,0.0,-0.0
48,29,37.0,-121.0,0.0356,0.03624913
48,30,37.0,-119.0,0.0,-0.0
48,31,37.0,-117.0,0.0356,0.03624913
48,32,37.0,-115.0,0.0,-0.0
48,33,37.0,-113.0,0.0,-0.0
48,34,37.0,-111.0,0.0,-0.0
48,35,37.0,-109.0,0.0,-0.0
48,36,37.0,-107.0,0.0,-0.0
48,37,37.0,-105.0,0.0,-0.0
48,38,37.0,-103.0,0.0,-0.0
48,39,37.0,-101.0,0.0,-0.0
48,40,37.0,-99.0,0.0,-0.0
48,41,37.0,-97.0,0.0,-0.0
48,42,37.0,-95.0,0.0,-0.0
48,43,37.0,-93.0,0.0,-0.0
48,44,37.0,-91.0,0.0,-0.0
48,45,37.0,-89.0,0.0,-0.0
48,46,37.0,-87.0,0.0,-0.0
48,47,37.0,-85.0,0.0,-0.0
48,48,37.0,-83.0,0.0,-0.0
48,49,37.0,-81.0,0.0,-0.0
48,50,37.0,-79.0,0.0,-0.0
48,51,37.0,-77.0,0.0,-0.0
48,52,37.0,-75.0,0.0,-0.0
48,53,37.0,-73.0,0.0,-0.0
48,54,37.0,-71.0,0.0,-0.0
48,55,37.0,-69.0,0.0,-0.0
48,56,37.0,-67.0,0.0,-0.0
48,57,37.0,-65.0,0.0,-0.0
48,58,37.0,-63.0,0.0,-0.0
48,59,37.0,-61.0,0.0,-0.0
48,60,37.0,-59.0,0.0,-0.0
48,61,37.0,-57.0,0.0,-0.0
48,62,37.0,-55.0,0.0,-0.0
48,63,37.0,-53.0,0.0,-0.0
48,64,37.0,-51.0,0.0,-0.0
48,65,37.0,-49.0,0.0,-0.0
48,66,37.0,-47.0,0.0,-0.0
48,67,37.0,-45.0,0.0,-0.0
48,68,37.0,-43.0,0.0,-0.0
48,69,37.0,-41.0,0.0,-0.0
48,70,37.0,-39.0,0.0,-0.0
48,71,37.0,-37.0,0.0,-0.0
48,72,37.0,-35.0,0.0,-0.0
48,73,37.0,-33.0,0.0,-0.0
48,74,37.0,-31.0,0.0,-0.0
48,75,37.0,-29.0,0.0,-0.0
48,76,37.0,-27.0,0.0,-0.0
48,77,37.0,-25.0,0.0,-0.0
48,78,37.0,-23.0,0.0,-0.0
48,79,37.0,-21.0,0.0,-0.0
48,80,37.0,-19.0,0.0,-0.0
48,81,37.0,-17.0,0.0,-0.0
48,82,37.0,-15.0,0.0,-0.0
48,83,37.0,-13.0,0.0,-0.0
48,84,37.0,-11.0,0.0,-0.0
48,85,37.0,-9.0,0.0,-0.0
48,86,37.0,-7.0,0.0,-0.0
48,87,37.0,-5.0,0.0,-0.0
48,88,37.0,-3.0,0.0,-0.0
48,89,37.0,-1.0,0.0,-0.0
48,90,37.0,1.0,0.0,-0.0
48,91,37.0,3.0,0.0,-0.0
48,92,37.0,5.0,0.0,-0.0
48,93,37.0,7.0,0.0,-0.0
48,94,37.0,9.0,0.0,-0.0
48,95,37.0,11.0,0.0,-0.0
48,96,37.0,13.0,0.0,-0.0
48,97,37.0,15.0,0.0,-0.0
48,98,37.0,17.0,0.0,-0.0
48,99,37.0,19.0,0.0,-0.0
48,100,37.0,21.0,0.0,-0.0
48,101,37.0,23.0,0.0,-0.0
48,102,37.0,25.0,0.0,-0.0
48,103,37.0,27.0,0.0,-0.0
48,104,37.0,29.0,0.0,-0.0
48,105,37.0,31.0,0.0,-0.0
48,106,37.0,33.0,0.0,-0.0
48,107,37.0,35.0,0.0,-0.0
48,108,37.0,37.0,0.0,-0.0
48,109,37.0,39.0,0.0,-0.0
48,110,37.0,41.0,0.0,-0.0
48,111,37.0,43.0,0.0,-0.0
48,112,37.0,45.0,0.0,-0.0
48,113,37.0,47.0,0.0,-0.0
48,114,37.0,49.0,0.0,-0.0
48,115,37.0,51.0,0.0,-0.0
48,116,37.0,53.0,0.0,-0.0
48,117,37.0,55.0,0.0,-0.0
48,118,37.0,57.0,0.0,-0.0
48,119,37.0,59.0,0.0,-0.0
48,120,37.0,61.0,0.0,-0.0
48,121,37.0,63.0,0.0,-0.0
48,122,37.0,65.0,0.0,-0.0
48,123,37.0,67.0,0.0,-0.0
48,124,37.0,69.0,0.0,-0.0
48,125,37.0,71.0,0.5091,0.71151484
48,126,37.0,73.0,0.0,-0.0
48,127,37.0,75.0,0.0,-0.0
48,128,37.0,77.0,0.0,-0.0
48,129,37.0,79.0,0.0,-0.0
48,130,37.0,81.0,0.0,-0.0
48,131,37.0,83.0,0.0,-0.0
48,132,37.0,85.0,0.0,-0.0
48,133,37.0,87.0,0.0,-0.0
48,134,37.0,89.0,0.0,-0.0
48,135,37.0,91.0,0.0,-0.0
48,136,37.0,93.0,0.0,-0.0
48,137,37.0,95.0,0.0,-0.0
48,138,37.0,97.0,0.0,-0.0
48,139,37.0,99.0,0.0,-0.0
48,140,37.0,101.0,0.0,-0.0
48,141,37.0,103.0,0.0,-0.0
48,142,37.0,105.0,0.0,-0.0
48,143,37.0,107.0,0.0,-0.0
48,144,37.0,109.0,0.0,-0.0
48,145,37.0,111.0,0.0,-0.0
48,146,37.0,113.0,0.0,-0.0
48,147,37.0,115.0,0.0,-0.0
48,148,37.0,117.0,0.0,-0.0
48,149,37.0,119.0,0.0,-0.0
48,150,37.0,121.0,0.0,-0.0
48,151,37.0,123.0,0.0,-0.0
48,152,37.0,125.0,0.0,-0.0
48,153,37.0,127.0,0.0,-0.0
48,154,37.0,129.0,0.0,-0.0
48,155,37.0,131.0,0.0,-0.0
48,156,37.0,133.0,0.0,-0.0
48,157,37.0,135.0,0.0,-0.0
48,158,37.0,137.0,0.0,-0.0
48,159,37.0,139.0,0.0,-0.0
48,160,37.0,141.0,0.0,-0.0
48,161,37.0,143.0,0.0,-0.0
48,162,37.0,145.0,0.0,-0.0
48,163,37.0,147.0,0.0,-0.0
48,164,37.0,149.0,0.0,-0.0
48,165,37.0,151.0,0.0,-0.0
48,166,37.0,153.0,0.0,-0.0
48,167,37.0,155.0,0.0,-0.0
48,168,37.0,157.0,0.0,-0.0
48,169,37.0,159.0,0.0,-0.0
48,170,37.0,161.0,0.0,-0.0
48,171,37.0,163.0,0.0,-0.0
48,172,37.0,165.0,0.0,-0.0
48,173,37.0,167.0,0.0,-0.0
48,174,37.0,169.0,0.0,-0.0
48,175,37.0,171.0,0.0,-0.0
48,176,37.0,173.0,0.0,-0.0
48,177,37.0,175.0,0.0,-0.0
48,178,37.0,177.0,0.0,-0.0
48,179,37.0,179.0,0.0,-0.0
49,0,39.0,-179.0,0.0,-0.0
49,1,39.0,-177.0,0.0,-0.0
49,2,39.0,-175.0,0.0,-0.0
49,3,39.0,-173.0,0.0,-0.0
49,4,39.0,-171.0,0.0,-0.0
49,5,39.0,-169.0,0.0,-0.0
49,6,39.0,-167.0,0.0,-0.0
49,7,39.0,-165.0,0.0,-0.0
49,8,39.0,-163.0,0.0,-0.0
49,9,39.0,-161.0,0.0,-0.0
49,10,39.0,-159.0,0.0,-0.0
49,11,39.0,-157.0,0.0,-0.0
49,12,39.0,-155.0,0.0,-0.0
49,13,39.0,-153.0,0.0,-0.0
49,14,39.0,-151.0,0.0,-0.0
49,15,39.0,-149.0,0.0,-0.0
49,16,39.0,-147.0,0.0,-0.0
49,17,39.0,-145.0,0.0,-0.0
49,18,39.0,-143.0,0.0,-0.0
49,19,39.0,-141.0,0.0,-0.0
49,20,39.0,-139.0,0.0,-0.0
49,21,39.0,-137.0,0.0,-0.0
49,22,39.0,-135.0,0.0,-0.0
49,23,39.0,-133.0,0.0,-0.0
49,24,39.0,-131.0,0.0,-0.0
49,25,39.0,-129.0,0.0,-0.0
49,26,39.0,-127.0,0.0,-0.0
49,27,39.0,-125.0,0.0,-0.0
49,28,39.0,-123.0,0.0356,0.03624913
49,29,39.0,-121.0,0.0,-0.0
49,30,39.0,-119.0,0.0356,0.03624913
49,31,39.0,-117.0,0.0,-0.0
49,32,39.0,-115.0,0.0,-0.0
49,33,39.0,-113.0,0.0,-0.0
49,34,39.0,-111.0,0.0,-0.0
49,35,39.0,-109.0,0.0,-0.0
49,36,39.0,-107.0,0.0,-0.0
49,37,39.0,-105.0,0.0,-0.0
49,38,39.0,-103.0,0.0,-0.0
49,39,39.0,-101.0,0.0,-0.0
49,40,39.0,-99.0,0.0,-0.0
49,41,39.0,-97.0,0.0,-0.0
49,42,39.0,-95.0,0.0,-0.0
49,43,39.0,-93.0,0.0,-0.0
49,44,39.0,-91.0,0.0,-0.0
49,45,39.0,-89.0,0.0,-0.0
49,46,39.0,-87.0,0.0,-0.0
49,47,39.0,-85.0,0.0,-0.0
49,48,39.0,-83.0,0.0,-0.0
49,49,39.0,-81.0,0.0,-0.0
49,50,39.0,-79.0,0.0,-0.0
49,51,39.0,-77.0,0.0,-0.0
49,52,39.0,-75.0,0.0,-0.0
49,53,39.0,-73.0,0.0,-0.0
49,54,39.0,-71.0,0.0,-0.0
49,55,39.0,-69.0,0.0,-0.0
49,56,39.0,-67.0,0.0,-0.0
49,57,39.0,-65.0,0.0,-0.0
49,58,39.0,-63.0,0.0,-0.0
49,59,39.0,-61.0,0.0,-0.0
49,60,39.0,-59.0,0.0,-0.0
49,61,39.0,-57.0,0.0,-0.0
49,62,39.0,-55.0,0.0,-0.0
49,63,39.0,-53.0,0.0,-0.0
49,64,39.0,-51.0,0.0,-0.0
49,65,39.0,-49.0,0.0,-0.0
49,66,39.0,-47.0,0.0,-0.0
49,67,39.0,-45.0,0.0,-0.0
49,68,39.0,-43.0,0.0,-0.0
49,69,39.0,-41.0,0.0,-0.0
49,70,39.0,-39.0,0.0,-0.0
49,71,39.0,-37.0,0.0,-0.0
49,72,39.0,-35.0,0.0,-0.0
49,73,39.0,-33.0,0.0,-0.0
49,74,39.0,-31.0,0.0,-0.0
49,75,39.0,-29.0,0.0,-0.0
49,76,39.0,-27.0,0.0,-0.0
49,77,39.0,-25.0,0.0,-0.0
49,78,39.0,-23.0,0.0,-0.0
49,79,39.0,-21.0,0.0,-0.0
49,80,39.0,-19.0,0.0,-0.0
49,81,39.0,-17.0,0.0,-0.0
49,82,39.0,-15.0,0.0,-0.0
49,83,39.0,-13.0,0.0,-0.0
49,84,39.0,-11.0,0.0,-0.0
49,85,39.0,-9.0,0.0,-0.0
49,86,39.0,-7.0,0.0,-0.0
49,87,39.0,-5.0,0.0,-0.0
49,88,39.0,-3.0,0.0,-0.0
49,89,39.0,-1.0,0.0,-0.0
49,90,39.0,1.0,0.0,-0.0
49,91,39.0,3.0,0.0,-0.0
49,92,39.0,5.0,0.0,-0.0
49,93,39.0,7.0,0.0,-0.0
49,94,39.0,9.0,0.0,-0.0
49,95,39.0,11.0,0.0,-0.0
49,96,39.0,13.0,0.0,-0.0
49,97,39.0,15.0,0.0,-0.0
49,98,39.0,17.0,0.0,-0.0
49,99,39.0,19.0,0.0,-0.0
49,100,39.0,21.0,0.0,-0.0
49,101,39.0,23.0,0.0,-0.0
49,102,39.0,25.0,0.0,-0.0
49,103,39.0,27.0,0.0,-0.0
49,104,39.0,29.0,0.0,-0.0
49,105,39.0,31.0,0.0,-0.0
49,106,39.0,33.0,0.0,-0.0
49,107,39.0,35.0,0.0,-0.0
49,108,39.0,37.0,0.0,-0.0
49,109,39.0,39.0,0.0,-0.0
49,110,39.0,41.0,0.0,-0.0
49,111,39.0,43.0,0.0,-0.0
49,112,39.0,45.0,0.0,-0.0
49,113,39.0,47.0,0.0,-0.0
49,114,39.0,49.0,0.0,-0.0
49,115,39.0,51.0,0.0,-0.0
49,116,39.0,53.0,0.0,-0.0
49,117,39.0,55.0,0.0,-0.0
49,118,39.0,57.0,0.0,-0.0
49,119,39.0,59.0,0.0,-0.0
49,120,39.0,61.0,0.0,-0.0
49,121,39.0,63.0,0.0,-0.0
49,122,39.0,65.0,0.0,-0.0
49,123,39.0,67.0,0.0,-0.0
49,124,39.0,69.0,0.0,-0.0
49,125,39.0,71.0,0.0,-0.0
49,126,39.0,73.0,0.0,-0.0
49,127,39.0,75.0,0.0,-0.0
49,128,39.0,77.0,0.0,-0.0
49,129,39.0,79.0,0.0,-0.0
49,130,39.0,81.0,0.0,-0.0
49,131,39.0,83.0,0.0,-0.0
49,132,39.0,85.0,0.0,-0.0
49,133,39.0,87.0,0.0,-0.0
49,134,39.0,89.0,0.0,-0.0
49,135,39.0,91.0,0.0,-0.0
49,136,39.0,93.0,0.0,-0.0
49,137,39.0,95.0,0.0,-0.0
49,138,39.0,97.0,0.0,-0.0
49,139,39.0,99.0,0.0,-0.0
49,140,39.0,101.0,0.0,-0.0
49,141,39.0,103.0,0.0,-0.0
49,142,39.0,105.0,0.0,-0.0
49,143,39.0,107.0,0.0,-0.0
49,144,39.0,109.0,0.0,-0.0
49,145,39.0,111.0,0.0,-0.0
49,146,39.0,113.0,0.0,-0.0
49,147,39.0,115.0,0.0,-0.0
49,148,39.0,117.0,0.0,-0.0
49,149,39.0,119.0,0.0,-0.0
49,150,39.0,121.0,0.0,-0.0
49,151,39.0,123.0,0.0,-0.0
49,152,39.0,125.0,0.0,-0.0
49,153,39.0,127.0,0.0,-0.0
49,154,39.0,129.0,0.0,-0.0
49,155,39.0,131.0,0.0,-0.0
49,156,39.0,133.0,0.0,-0.0
49,157,39.0,135.0,0.0,-0.0
49,158,39.0,137.0,0.0,-0.0
49,159,39.0,139.0,0.0,-0.0
49,160,39.0,141.0,0.0,-0.0
49,161,39.0,143.0,0.5091,0.71151484
49,162,39.0,145.0,0.0,-0.0
49,163,39.0,147.0,0.0,-0.0
49,164,39.0,149.0,0.0,-0.0
49,165,39.0,151.0,0.0,-0.0
49,166,39.0,153.0,0.0,-0.0
49,167,39.0,155.0,0.0,-0.0
49,168,39.0,157.0,0.0,-0.0
49,169,39.0,159.0,0.0,-0.0
49,170,39.0,161.0,0.0,-0.0
49,171,39.0,163.0,0.0,-0.0
49,172,39.0,165.0,0.0,-0.0
49,173,39.0,167.0,0.0,-0.0
49,174,39.0,169.0,0.0,-0.0
49,175,39.0,171.0,0.0,-0.0
49,176,39.0,173.0,0.0,-0.0
49,177,39.0,175.0,0.0,-0.0
49,178,39.0,177.0,0.0,-0.0
49,179,39.0,179.0,0.0,-0.0
50,0,41.0,-179.0,0.0,-0.0
50,1,41.0,-177.0,0.0,-0.0
50,2,41.0,-175.0,0.0,-0.0
50,3,41.0,-173.0,0.0,-0.0
50,4,41.0,-171.0,0.0,-0.0
50,5,41.0,-169.0,0.0,-0.0
50,6,41.0,-167.0,0.0,-0.0
50,7,41.0,-165.0,0.0,-0.0
50,8,41.0,-163.0,0.0,-0.0
50,9,41.0,-161.0,0.0,-0.0
50,10,41.0,-159.0,0.0,-0.0
50,11,41.0,-157.0,0.0,-0.0
50,12,41.0,-155.0,0.0,-0.0
50,13,41.0,-153.0,0.0,-0.0
50,14,41.0,-151.0,0.0,-0.0
50,15,41.0,-149.0,0.0,-0.0
50,16,41.0,-147.0,0.0,-0.0
50,17,41.0,-145.0,0.0,-0.0
50,18,41.0,-143.0,0.0,-0.0
50,19,41.0,-141.0,0.0,-0.0
50,20,41.0,-139.0,0.0,-0.0
50,21,41.0,-137.0,0.0,-0.0
50,22,41.0,-135.0,0.0,-0.0
50,23,41.0,-133.0,0.0,-0.0
50,24,41.0,-131.0,0.0,-0.0
50,25,41.0,-129.0,0.0,-0.0
50,26,41.0,-127.0,0.0,-0.0
50,27,41.0,-125.0,0.0356,0.03624913
50,28,41.0,-123.0,0.0356,0.03624913
50,29,41.0,-121.0,0.0,-0.0
50,30,41.0,-119.0,0.0,-0.0
50,31,41.0,-117.0,0.0,-0.0
50,32,41.0,-115.0,0.0,-0.0
50,33,41.0,-113.0,0.0,-0.0
50,34,41.0,-111.0,0.0,-0.0
50,35,41.0,-109.0,0.0356,0.03624913
50,36,41.0,-107.0,0.0,-0.0
50,37,41.0,-105.0,0.0,-0.0
50,38,41.0,-103.0,0.0,-0.0
50,39,41.0,-101.0,0.0,-0.0
50,40,41.0,-99.0,0.0,-0.0
50,41,41.0,-97.0,0.0,-0.0
50,42,41.0,-95.0,0.0,-0.0
50,43,41.0,-93.0,0.0,-0.0
50,44,41.0,-91.0,0.0,-0.0
50,45,41.0,-89.0,0.0,-0.0
50,46,41.0,-87.0,0.0,-0.0
50,47,41.0,-85.0,0.0,-0.0
50,48,41.0,-83.0,0.0,-0.0
50,49,41.0,-81.0,0.0,-0.0
50,50,41.0,-79.0,0.0,-0.0
50,51,41.0,-77.0,0.0,-0.0
50,52,41.0,-75.0,0.0,-0.0
50,53,41.0,-73.0,0.0,-0.0
50,54,41.0,-71.0,0.0,-0.0
50,55,41.0,-69.0,0.0,-0.0
50,56,41.0,-67.0,0.0,-0.0
50,57,41.0,-65.0,0.0,-0.0
50,58,41.0,-63.0,0.0,-0.0
50,59,41.0,-61.0,0.0,-0.0
50,60,41.0,-59.0,0.0,-0.0
50,61,41.0,-57.0,0.0,-0.0
50,62,41.0,-55.0,0.0,-0.0
50,63,41.0,-53.0,0.0,-0.0
50,64,41.0,-51.0,0.0,-0.0
50,65,41.0,-49.0,0.0,-0.0
50,66,41.0,-47.0,0.0,-0.0
50,67,41.0,-45.0,0.0,-0.0
50,68,41.0,-43.0,0.0,-0.0
50,69,41.0,-41.0,0.0,-0.0
50,70,41.0,-39.0,0.0,-0.0
50,71,41.0,-37.0,0.0,-0.0
50,72,41.0,-35.0,0.0,-0.0
50,73,41.0,-33.0,0.0,-0.0
50,74,41.0,-31.0,0.0,-0.0
50,75,41.0,-29.0,0.0,-0.0
50,76,41.0,-27.0,0.0,-0.0
50,77,41.0,-25.0,0.0,-0.0
50,78,41.0,-23.0,0.0,-0.0
50,79,41.0,-21.0,0.0,-0.0
50,80,41.0,-19.0,0.0,-0.0
50,81,41.0,-17.0,0.0,-0.0
50,82,41.0,-15.0,0.0,-0.0
50,83,41.0,-13.0,0.0,-0.0
50,84,41.0,-11.0,0.0,-0.0
50,85,41.0,-9.0,0.0,-0.0
50,86,41.0,-7.0,0.0,-0.0
50,87,41.0,-5.0,0.0,-0.0
50,88,41.0,-3.0,0.0,-0.0
50,89,41.0,-1.0,0.0,-0.0
50,90,41.0,1.0,0.0,-0.0
50,91,41.0,3.0,0.0,-0.0
50,92,41.0,5.0,0.0,-0.0
50,93,41.0,7.0,0.0,-0.0
50,94,41.0,9.0,0.0,-0.0
50,95,41.0,11.0,0.0,-0.0
50,96,41.0,13.0,0.0,-0.0
50,97,41.0,15.0,0.0,-0.0
50,98,41.0,17.0,0.0,-0.0
50,99,41.0,19.0,0.0,-0.0
50,100,41.0,21.0,0.0,-0.0
50,101,41.0,23.0,0.0,-0.0
50,102,41.0,25.0,0.0,-0.0
50,103,41.0,27.0,0.0,-0.0
50,104,41.0,29.0,0.0,-0.0
50,105,41.0,31.0,0.0,-0.0
50,106,41.0,33.0,0.0,-0.0
50,107,41.0,35.0,0.0,-0.0
50,108,41.0,37.0,0.0,-0.0
50,109,41.0,39.0,0.0,-0.0
50,110,41.0,41.0,0.0,-0.0
50,111,41.0,43.0,0.0,-0.0
50,112,41.0,45.0,0.0,-0.0
50,113,41.0,47.0,0.0,-0.0
50,114,41.0,49.0,0.0,-0.0
50,115,41.0,51.0,0.0,-0.0
50,116,41.0,53.0,0.0,-0.0
50,117,41.0,55.0,0.0,-0.0
50,118,41.0,57.0,0.0,-0.0
50,119,41.0,59.0,0.0,-0.0
50,120,41.0,61.0,0.0,-0.0
50,121,41.0,63.0,0.0,-0.0
50,122,41.0,65.0,0.0,-0.0
50,123,41.0,67.0,0.0,-0.0
50,124,41.0,69.0,0.0,-0.0
50,125,41.0,71.0,0.0,-0.0
50,126,41.0,73.0,0.0,-0.0
50,127,41.0,75.0,0.0,-0.0
50,128,41.0,77.0,0.0,-0.0
50,129,41.0,79.0,0.0,-0.0
50,130,41.0,81.0,0.0,-0.0
50,131,41.0,83.0,0.0,-0.0
50,132,41.0,85.0,0.0,-0.0
50,133,41.0,87.0,0.0,-0.0
50,134,41.0,89.0,0.0,-0.0
50,135,41.0,91.0,0.0,-0.0
50,136,41.0,93.0,0.0,-0.0
50,137,41.0,95.0,0.0,-0.0
50,138,41.0,97.0,0.0,-0.0
50,139,41.0,99.0,0.0,-0.0
50,140,41.0,101.0,0.0,-0.0
50,141,41.0,103.0,0.0,-0.0
50,142,41.0,105.0,0.0,-0.0
50,143,41.0,107.0,0.0,-0.0
50,144,41.0,109.0,0.0,-0.0
50,145,41.0,111.0,0.0,-0.0
50,146,41.0,113.0,0.0,-0.0
50,147,41.0,115.0,0.0,-0.0
50,148,41.0,117.0,0.0,-0.0
50,149,41.0,119.0,0.0,-0.0
50,150,41.0,121.0,0.0,-0.0
50,151,41.0,123.0,0.0,-0.0
50,152,41.0,125.0,0.0,-0.0
50,153,41.0,127.0,0.0,-0.0
50,154,41.0,129.0,0.0,-0.0
50,155,41.0,131.0,0.0,-0.0
50,156,41.0,133.0,0.0,-0.0
50,157,41.0,135.0,0.0,-0.0
50,158,41.0,137.0,0.0,-0.0
50,159,41.0,139.0,0.0,-0.0
50,160,41.0,141.0,0.0,-0.0
50,161,41.0,143.0,0.5091,0.71151484
50,162,41.0,145.0,0.0,-0.0
50,163,41.0,147.0,0.0,-0.0
50,164,41.0,149.0,0.0,-0.0
50,165,41.0,151.0,0.0,-0.0
50,166,41.0,153.0,0.0,-0.0
50,167,41.0,155.0,0.0,-0.0
50,168,41.0,157.0,0.0,-0.0
50,169,41.0,159.0,0.0,-0.0
50,170,41.0,161.0,0.0,-0.0
50,171,41.0,163.0,0.0,-0.0
50,172,41.0,165.0,0.0,-0.0
50,173,41.0,167.0,0.0,-0.0
50,174,41.0,169.0,0.0,-0.0
50,175,41.0,171.0,0.0,-0.0
50,176,41.0,173.0,0.0,-0.0
50,177,41.0,175.0,0.0,-0.0
50,178,41.0,177.0,0.0,-0.0
50,179,41.0,179.0,0.0,-0.0
51,0,43.0,-179.0,0.0,-0.0
51,1,43.0,-177.0,0.0,-0.0
51,2,43.0,-175.0,0.0,-0.0
51,3,43.0,-173.0,0.0,-0.0
51,4,43.0,-171.0,0.0,-0.0
51,5,43.0,-169.0,0.0,-0.0
51,6,43.0,-167.0,0.0,-0.0
51,7,43.0,-165.0,0.0,-0.0
51,8,43.0,-163.0,0.0,-0.0
51,9,43.0,-161.0,0.0,-0.0
51,10,43.0,-159.0,0.0,-0.0
51,11,43.0,-157.0,0.0,-0.0
51,12,43.0,-155.0,0.0,-0.0
51,13,43.0,-153.0,0.0,-0.0
51,14,43.0,-151.0,0.0,-0.0
51,15,43.0,-149.0,0.0,-0.0
51,16,43.0,-147.0,0.0,-0.0
51,17,43.0,-145.0,0.0,-0.0
51,18,43.0,-143.0,0.0,-0.0
51,19,43.0,-141.0,0.0,-0.0
51,20,43.0,-139.0,0.0,-0.0
51,21,43.0,-137.0,0.0,-0.0
51,22,43.0,-135.0,0.0,-0.0
51,23,43.0,-133.0,0.0,-0.0
51,24,43.0,-131.0,0.0,-0.0
51,25,43.0,-129.0,0.0,-0.0
51,26,43.0,-127.0,0.0356,0.03624913
51,27,43.0,-125.0,0.0,-0.0
51,28,43.0,-123.0,0.0,-0.0
51,29,43.0,-121.0,0.0,-0.0
51,30,43.0,-119.0,0.0,-0.0
51,31,43.0,-117.0,0.0,-0.0
51,32,43.0,-115.0,0.0,-0.0
51,33,43.0,-113.0,0.0,-0.0
51,34,43.0,-111.0,0.0,-0.0
51,35,43.0,-109.0,0.0,-0.0
51,36,43.0,-107.0,0.0,-0.0
51,37,43.0,-105.0,0.0,-0.0
51,38,43.0,-103.0,0.0,-0.0
51,39,43.0,-101.0,0.0,-0.0
51,40,43.0,-99.0,0.0,-0.0
51,41,43.0,-97.0,0.0,-0.0
51,42,43.0,-95.0,0.0,-0.0
51,43,43.0,-93.0,0.0,-0.0
51,44,43.0,-91.0,0.0,-0.0
51,45,43.0,-89.0,0.0,-0.0
51,46,43.0,-87.0,0.0,-0.0
51,47,43.0,-85.0,0.0,-0.0
51,48,43.0,-83.0,0.0,-0.0
51,49,43.0,-81.0,0.0,-0.0
51,50,43.0,-79.0,0.0,-0.0
51,51,43.0,-77.0,0.0,-0.0
51,52,43.0,-75.0,0.0,-0.0
51,53,43.0,-73.0,0.0,-0.0
51,54,43.0,-71.0,0.0,-0.0
51,55,43.0,-69.0,0.0,-0.0
51,56,43.0,-67.0,0.0,-0.0
51,57,43.0,-65.0,0.0,-0.0
51,58,43.0,-63.0,0.0,-0.0
51,59,43.0,-61.0,0.0,-0.0
51,60,43.0,-59.0,0.0,-0.0
51,61,43.0,-57.0,0.0,-0.0
51,62,43.0,-55.0,0.0,-0.0
51,63,43.0,-53.0,0.0,-0.0
51,64,43.0,-51.0,0.0,-0.0
51,65,43.0,-49.0,0.0,-0.0
51,66,43.0,-47.0,0.0,-0.0
51,67,43.0,-45.0,0.0,-0.0
51,68,43.0,-43.0,0.0,-0.0
51,69,43.0,-41.0,0.0,-0.0
51,70,43.0,-39.0,0.0,-0.0
51,71,43.0,-37.0,0.0,-0.0
51,72,43.0,-35.0,0.0,-0.0
51,73,43.0,-33.0,0.0,-0.0
51,74,43.0,-31.0,0.0,-0.0
51,75,43.0,-29.0,0.0,-0.0
51,76,43.0,-27.0,0.0,-0.0
51,77,43.0,-25.0,0.0,-0.0
51,78,43.0,-23.0,0.0,-0.0
51,79,43.0,-21.0,0.0,-0.0
51,80,43.0,-19.0,0.0,-0.0
51,81,43.0,-17.0,0.0,-0.0
51,82,43.0,-15.0,0.0,-0.0
51,83,43.0,-13.0,0.0,-0.0
51,84,43.0,-11.0,0.0,-0.0
51,85,43.0,-9.0,0.0,-0.0
51,86,43.0,-7.0,0.0,-0.0
51,87,43.0,-5.0,0.0,-0.0
51,88,43.0,-3.0,0.0,-0.0
51,89,43.0,-1.0,0.0,-0.0
51,90,43.0,1.0,0.0,-0.0
51,91,43.0,3.0,0.0,-0.0
51,92,43.0,5.0,0.0,-0.0
51,93,43.0,7.0,0.0,-0.0
51,94,43.0,9.0,0.0,-0.0
51,95,43.0,11.0,0.0,-0.0
51,96,43.0,13.0,0.0,-0.0
51,97,43.0,15.0,0.0,-0.0
51,98,43.0,17.0,0.0,-0.0
51,99,43.0,19.0,0.0,-0.0
51,100,43.0,21.0,0.0,-0.0
51,101,43.0,23.0,0.0,-0.0
51,102,43.0,25.0,0.0,-0.0
51,103,43.0,27.0,0.0,-0.0
51,104,43.0,29.0,0.0,-0.0
51,105,43.0,31.0,0.0,-0.0
51,106,43.0,33.0,0.0,-0.0
51,107,43.0,35.0,0.0,-0.0
51,108,43.0,37.0,0.0,-0.0
51,109,43.0,39.0,0.0,-0.0
51,110,43.0,41.0,0.0,-0.0
51,111,43.0,43.0,0.0,-0.0
51,112,43.0,45.0,0.0,-0.0
51,113,43.0,47.0,0.0,-0.0
51,114,43.0,49.0,0.0,-0.0
51,115,43.0,51.0,0.0,-0.0
51,116,43.0,53.0,0.0,-0.0
51,117,43.0,55.0,0.0,-0.0
51,118,43.0,57.0,0.0,-0.0
51,119,43.0,59.0,0.0,-0.0
51,120,43.0,61.0,0.0,-0.0
51,121,43.0,63.0,0.0,-0.0
51,122,43.0,65.0,0.0,-0.0
51,123,43.0,67.0,0.0,-0.0
51,124,43.0,69.0,0.0,-0.0
51,125,43.0,71.0,0.0,-0.0
51,126,43.0,73.0,0.0,-0.0
51,127,43.0,75.0,0.0,-0.0
51,128,43.0,77.0,0.0,-0.0
51,129,43.0,79.0,0.0,-0.0
51,130,43.0,81.0,0.0,-0.0
51,131,43.0,83.0,0.0,-0.0
51,132,43.0,85.0,0.0,-0.0
51,133,43.0,87.0,0.0,-0.0
51,134,43.0,89.0,0.0,-0.0
51,135,43.0,91.0,0.0,-0.0
51,136,43.0,93.0,0.0,-0.0
51,137,43.0,95.0,0.0,-0.0
51,138,43.0,97.0,0.0,-0.0
51,139,43.0,99.0,0.0,-0.0
51,140,43.0,101.0,0.0,-0.0
51,141,43.0,103.0,0.0,-0.0
51,142,43.0,105.0,0.0,-0.0
51,143,43.0,107.0,0.0,-0.0
51,144,43.0,109.0,0.0,-0.0
51,145,43.0,111.0,0.0,-0.0
51,146,43.0,113.0,0.0,-0.0
51,147,43.0,115.0,0.0,-0.0
51,148,43.0,117.0,0.0,-0.0
51,149,43.0,119.0,0.0,-0.0
51,150,43.0,121.0,0.0,-0.0
51,151,43.0,123.0,0.0,-0.0
51,152,43.0,125.0,0.0,-0.0
51,153,43.0,127.0,0.0,-0.0
51,154,43.0,129.0,0.0,-0.0
51,155,43.0,131.0,0.0,-0.0
51,156,43.0,133.0,0.0,-0.0
51,157,43.0,135.0,0.0,-0.0
51,158,43.0,137.0,0.0,-0.0
51,159,43.0,139.0,0.0,-0.0
51,160,43.0,141.0,0.0,-0.0
51,161,43.0,143.0,0.0,-0.0
51,162,43.0,145.0,0.0,-0.0
51,163,43.0,147.0,0.0,-0.0
51,164,43.0,149.0,0.0,-0.0
51,165,43.0,151.0,0.0,-0.0
51,166,43.0,153.0,0.0,-0.0
51,167,43.0,155.0,0.0,-0.0
51,168,43.0,157.0,0.0,-0.0
51,169,43.0,159.0,0.0,-0.0
51,170,43.0,161.0,0.0,-0.0
51,171,43.0,163.0,0.0,-0.0
51,172,43.0,165.0,0.0,-0.0
51,173,43.0,167.0,0.0,-0.0
51,174,43.0,169.0,0.0,-0.0
51,175,43.0,171.0,0.0,-0.0
51,176,43.0,173.0,0.0,-0.0
51,177,43.0,175.0,0.0,-0.0
51,178,43.0,177.0,0.0,-0.0
51,179,43.0,179.0,0.0,-0.0
52,0,45.0,-179.0,0.0,-0.0
52,1,45.0,-177.0,0.0,-0.0
52,2,45.0,-175.0,0.0,-0.0
52,3,45.0,-173.0,0.0,-0.0
52,4,45.0,-171.0,0.0,-0.0
52,5,45.0,-169.0,0.0,-0.0
52,6,45.0,-167.0,0.0,-0.0
52,7,45.0,-165.0,0.0,-0.0
52,8,45.0,-163.0,0.0,-0.0
52,9,45.0,-161.0,0.0,-0.0
52,10,45.0,-159.0,0.0,-0.0
52,11,45.0,-157.0,0.0,-0.0
52,12,45.0,-155.0,0.0,-0.0
52,13,45.0,-153.0,0.0,-0.0
52,14,45.0,-151.0,0.0,-0.0
52,15,45.0,-149.0,0.0,-0.0
52,16,45.0,-147.0,0.0,-0.0
52,17,45.0,-145.0,0.0,-0.0
52,18,45.0,-143.0,0.0,-0.0
52,19,45.0,-141.0,0.0,-0.0
52,20,45.0,-139.0,0.0,-0.0
52,21,45.0,-137.0,0.0,-0.0
52,22,45.0,-135.0,0.0,-0.0
52,23,45.0,-133.0,0.0,-0.0
52,24,45.0,-131.0,0.0,-0.0
52,25,45.0,-129.0,0.0,-0.0
52,26,45.0,-127.0,0.0,-0.0
52,27,45.0,-125.0,0.0,-0.0
52,28,45.0,-123.0,0.0,-0.0
52,29,45.0,-121.0,0.0,-0.0
52,30,45.0,-119.0,0.0,-0.0
52,31,45.0,-117.0,0.0,-0.0
52,32,45.0,-115.0,0.0,-0.0
52,33,45.0,-113.0,0.0,-0.0
52,34,45.0,-111.0,0.0,-0.0
52,35,45.0,-109.0,0.0,-0.0
52,36,45.0,-107.0,0.0,-0.0
52,37,45.0,-105.0,0.0,-0.0
52,38,45.0,-103.0,0.0,-0.0
52,39,45.0,-101.0,0.0,-0.0
52,40,45.0,-99.0,0.0,-0.0
52,41,45.0,-97.0,0.0,-0.0
52,42,45.0,-95.0,0.0,-0.0
52,43,45.0,-93.0,0.0,-0.0
52,44,45.0,-91.0,0.0,-0.0
52,45,45.0,-89.0,0.0,-0.0
52,46,45.0,-87.0,0.0,-0.0
52,47,45.0,-85.0,0.0,-0.0
52,48,45.0,-83.0,0.0,-0.0
52,49,45.0,-81.0,0.0,-0.0
52,50,45.0,-79.0,0.0,-0.0
52,51,45.0,-77.0,0.0,-0.0
52,52,45.0,-75.0,0.0,-0.0
52,53,45.0,-73.0,0.0,-0.0
52,54,45.0,-71.0,0.0,-0.0
52,55,45.0,-69.0,0.0,-0.0
52,56,45.0,-67.0,0.0,-0.0
52,57,45.0,-65.0,0.0,-0.0
52,58,45.0,-63.0,0.0,-0.0
52,59,45.0,-61.0,0.0,-0.0
52,60,45.0,-59.0,0.0,-0.0
52,61,45.0,-57.0,0.0,-0.0
52,62,45.0,-55.0,0.0,-0.0
52,63,45.0,-53.0,0.0,-0.0
52,64,45.0,-51.0,0.0,-0.0
52,65,45.0,-49.0,0.0,-0.0
52,66,45.0,-47.0,0.0,-0.0
52,67,45.0,-45.0,0.0,-0.0
52,68,45.0,-43.0,0.0,-0.0
52,69,45.0,-41.0,0.0,-0.0
52,70,45.0,-39.0,0.0,-0.0
52,71,45.0,-37.0,0.0,-0.0
52,72,45.0,-35.0,0.0,-0.0
52,73,45.0,-33.0,0.0,-0.0
52,74,45.0,-31.0,0.0,-0.0
52,75,45.0,-29.0,0.0,-0.0
52,76,45.0,-27.0,0.0,-0.0
52,77,45.0,-25.0,0.0,-0.0
52,78,45.0,-23.0,0.0,-0.0
52,79,45.0,-21.0,0.0,-0.0
52,80,45.0,-19.0,0.0,-0.0
52,81,45.0,-17.0,0.0,-0.0
52,82,45.0,-15.0,0.0,-0.0
52,83,45.0,-13.0,0.0,-0.0
52,84,45.0,-11.0,0.0,-0.0
52,85,45.0,-9.0,0.0,-0.0
52,86,45.0,-7.0,0.0,-0.0
52,87,45.0,-5.0,0.0,-0.0
52,88,45.0,-3.0,0.0,-0.0
52,89,45.0,-1.0,0.0,-0.0
52,90,45.0,1.0,0.0,-0.0
52,91,45.0,3.0,0.0,-0.0
52,92,45.0,5.0,0.0,-0.0
52,93,45.0,7.0,0.0,-0.0
52,94,45.0,9.0,0.0,-0.0
52,95,45.0,11.0,0.0,-0.0
52,96,45.0,13.0,0.0,-0.0
52,97,45.0,15.0,0.0,-0.0
52,98,45.0,17.0,0.0,-0.0
52,99,45.0,19.0,0.0,-0.0
52,100,45.0,21.0,0.0,-0.0
52,101,45.0,23.0,0.0,-0.0
52,102,45.0,25.0,0.0,-0.0
52,103,45.0,27.0,0.0,-0.0
52,104,45.0,29.0,0.0,-0.0
52,105,45.0,31.0,0.0,-0.0
52,106,45.0,33.0,0.0,-0.0
52,107,45.0,35.0,0.0,-0.0
52,108,45.0,37.0,0.0,-0.0
52,109,45.0,39.0,0.0,-0.0
52,110,45.0,41.0,0.0,-0.0
52,111,45.0,43.0,0.0,-0.0
52,112,45.0,45.0,0.0,-0.0
52,113,45.0,47.0,0.0,-0.0
52,114,45.0,49.0,0.0,-0.0
52,115,45.0,51.0,0.0,-0.0
52,116,45.0,53.0,0.0,-0.0
52,117,45.0,55.0,0.0,-0.0
52,118,45.0,57.0,0.0,-0.0
52,119,45.0,59.0,0.0,-0.0
52,120,45.0,61.0,0.0,-0.0
52,121,45.0,63.0,0.0,-0.0
52,122,45.0,65.0,0.0,-0.0
52,123,45.0,67.0,0.0,-0.0
52,124,45.0,69.0,0.0,-0.0
52,125,45.0,71.0,0.0,-0.0
52,126,45.0,73.0,0.0,-0.0
52,127,45.0,75.0,0.0,-0.0
52,128,45.0,77.0,0.0,-0.0
52,129,45.0,79.0,0.0,-0.0
52,130,45.0,81.0,0.0,-0.0
52,131,45.0,83.0,0.0,-0.0
52,132,45.0,85.0,0.0,-0.0
52,133,45.0,87.0,0.0,-0.0
52,134,45.0,89.0,0.0,-0.0
52,135,45.0,91.0,0.0,-0.0
52,136,45.0,93.0,0.0,-0.0
52,137,45.0,95.0,0.0,-0.0
52,138,45.0,97.0,0.0,-0.0
52,139,45.0,99.0,0.0,-0.0
52,140,45.0,101.0,0.0,-0.0
52,141,45.0,103.0,0.0,-0.0
52,142,45.0,105.0,0.0,-0.0
52,143,45.0,107.0,0.0,-0.0
52,144,45.0,109.0,0.0,-0.0
52,145,45.0,111.0,0.0,-0.0
52,146,45.0,113.0,0.0,-0.0
52,147,45.0,115.0,0.0,-0.0
52,148,45.0,117.0,0.0,-0.0
52,149,45.0,119.0,0.0,-0.0
52,150,45.0,121.0,0.0,-0.0
52,151,45.0,123.0,0.0,-0.0
52,152,45.0,125.0,0.0,-0.0
52,153,45.0,127.0,0.0,-0.0
52,154,45.0,129.0,0.0,-0.0
52,155,45.0,131.0,0.0,-0.0
52,156,45.0,133.0,0.0,-0.0
52,157,45.0,135.0,0.0,-0.0
52,158,45.0,137.0,0.0,-0.0
52,159,45.0,139.0,0.0,-0.0
52,160,45.0,141.0,0.0,-0.0
52,161,45.0,143.0,0.0,-0.0
52,162,45.0,145.0,0.0,-0.0
52,163,45.0,147.0,0.0,-0.0
52,164,45.0,149.0,0.0,-0.0
52,165,45.0,151.0,0.0,-0.0
52,166,45.0,153.0,0.0,-0.0
52,167,45.0,155.0,0.0,-0.0
52,168,45.0,157.0,0.0,-0.0
52,169,45.0,159.0,0.0,-0.0
52,170,45.0,161.0,0.0,-0.0
52,171,45.0,163.0,0.0,-0.0
52,172,45.0,165.0,0.0,-0.0
52,173,45.0,167.0,0.0,-0.0
52,174,45.0,169.0,0.0,-0.0
52,175,45.0,171.0,0.0,-0.0
52,176,45.0,173.0,0.0,-0.0
52,177,45.0,175.0,0.0,-0.0
52,178,45.0,177.0,0.0,-0.0
52,179,45.0,179.0,0.0,-0.0
53,0,47.0,-179.0,0.0,-0.0
53,1,47.0,-177.0,0.0,-0.0
53,2,47.0,-175.0,0.0,-0.0
53,3,47.0,-173.0,0.0,-0.0
53,4,47.0,-171.0,0.0,-0.0
53,5,47.0,-169.0,0.0,-0.0
53,6,47.0,-167.0,0.0,-0.0
53,7,47.0,-165.0,0.0,-0.0
53,8,47.0,-163.0,0.0,-0.0
53,9,47.0,-161.0,0.0,-0.0
53,10,47.0,-159.0,0.0,-0.0
53,11,47.0,-157.0,0.0,-0.0
53,12,47.0,-155.0,0.0,-0.0
53,13,47.0,-153.0,0.0,-0.0
53,14,47.0,-151.0,0.0,-0.0
53,15,47.0,-149.0,0.0,-0.0
53,16,47.0,-147.0,0.0,-0.0
53,17,47.0,-145.0,0.0,-0.0
53,18,47.0,-143.0,0.0,-0.0
53,19,47.0,-141.0,0.0,-0.0
53,20,47.0,-139.0,0.0,-0.0
53,21,47.0,-137.0,0.0,-0.0
53,22,47.0,-135.0,0.0,-0.0
53,23,47.0,-133.0,0.0,-0.0
53,24,47.0,-131.0,0.0,-0.0
53,25,47.0,-129.0,0.0,-0.0
53,26,47.0,-127.0,0.0,-0.0
53,27,47.0,-125.0,0.0,-0.0
53,28,47.0,-123.0,0.0,-0.0
53,29,47.0,-121.0,0.0,-0.0
53,30,47.0,-119.0,0.0,-0.0
53,31,47.0,-117.0,0.0,-0.0
53,32,47.0,-115.0,0.0,-0.0
53,33,47.0,-113.0,0.0,-0.0
53,34,47.0,-111.0,0.0,-0.0
53,35,47.0,-109.0,0.0,-0.0
53,36,47.0,-107.0,0.0,-0.0
53,37,47.0,-105.0,0.0,-0.0
53,38,47.0,-103.0,0.0,-0.0
53,39,47.0,-101.0,0.0,-0.0
53,40,47.0,-99.0,0.0,-0.0
53,41,47.0,-97.0,0.0,-0.0
53,42,47.0,-95.0,0.0,-0.0
53,43,47.0,-93.0,0.0,-0.0
53,44,47.0,-91.0,0.0,-0.0
53,45,47.0,-89.0,0.0,-0.0
53,46,47.0,-87.0,0.0,-0.0
53,47,47.0,-85.0,0.0,-0.0
53,48,47.0,-83.0,0.0,-0.0
53,49,47.0,-81.0,0.0,-0.0
53,50,47.0,-79.0,0.0,-0.0
53,51,47.0,-77.0,0.0,-0.0
53,52,47.0,-75.0,0.0,-0.0
53,53,47.0,-73.0,0.0,-0.0
53,54,47.0,-71.0,0.0,-0.0
53,55,47.0,-69.0,0.0,-0.0
53,56,47.0,-67.0,0.0,-0.0
53,57,47.0,-65.0,0.0,-0.0
53,58,47.0,-63.0,0.0,-0.0
53,59,47.0,-61.0,0.0,-0.0
53,60,47.0,-59.0,0.0,-0.0
53,61,47.0,-57.0,0.0,-0.0
53,62,47.0,-55.0,0.0,-0.0
53,63,47.0,-53.0,0.0,-0.0
53,64,47.0,-51.0,0.0,-0.0
53,65,47.0,-49.0,0.0,-0.0
53,66,47.0,-47.0,0.0,-0.0
53,67,47.0,-45.0,0.0,-0.0
53,68,47.0,-43.0,0.0,-0.0
53,69,47.0,-41.0,0.0,-0.0
53,70,47.0,-39.0,0.0,-0.0
53,71,47.0,-37.0,0.0,-0.0
53,72,47.0,-35.0,0.0,-0.0
53,73,47.0,-33.0,0.0,-0.0
53,74,47.0,-31.0,0.0,-0.0
53,75,47.0,-29.0,0.0,-0.0
53,76,47.0,-27.0,0.0,-0.0
53,77,47.0,-25.0,0.0,-0.0
53,78,47.0,-23.0,0.0,-0.0
53,79,47.0,-21.0,0.0,-0.0
53,80,47.0,-19.0,0.0,-0.0
53,81,47.0,-17.0,0.0,-0.0
53,82,47.0,-15.0,0.0,-0.0
53,83,47.0,-13.0,0.0,-0.0
53,84,47.0,-11.0,0.0,-0.0
53,85,47.0,-9.0,0.0,-0.0
53,86,47.0,-7.0,0.0,-0.0
53,87,47.0,-5.0,0.0,-0.0
53,88,47.0,-3.0,0.0,-0.0
53,89,47.0,-1.0,0.0,-0.0
53,90,47.0,1.0,0.0,-0.0
53,91,47.0,3.0,0.0,-0.0
53,92,47.0,5.0,0.0,-0.0
53,93,47.0,7.0,0.0,-0.0
53,94,47.0,9.0,0.0,-0.0
53,95,47.0,11.0,0.0,-0.0
53,96,47.0,13.0,0.0,-0.0
53,97,47.0,15.0,0.0,-0.0
53,98,47.0,17.0,0.0,-0.0
53,99,47.0,19.0,0.0,-0.0
53,100,47.0,21.0,0.0,-0.0
53,101,47.0,23.0,0.0,-0.0
53,102,47.0,25.0,0.0,-0.0
53,103,47.0,27.0,0.0,-0.0
53,104,47.0,29.0,0.0,-0.0
53,105,47.0,31.0,0.0,-0.0
53,106,47.0,33.0,0.0,-0.0
53,107,47.0,35.0,0.0,-0.0
53,108,47.0,37.0,0.0,-0.0
53,109,47.0,39.0,0.0,-0.0
53,110,47.0,41.0,0.0,-0.0
53,111,47.0,43.0,0.0,-0.0
53,112,47.0,45.0,0.0,-0.0
53,113,47.0,47.0,0.0,-0.0
53,114,47.0,49.0,0.0,-0.0
53,115,47.0,51.0,0.0,-0.0
53,116,47.0,53.0,0.0,-0.0
53,117,47.0,55.0,0.0,-0.0
53,118,47.0,57.0,0.0,-0.0
53,119,47.0,59.0,0.0,-0.0
53,120,47.0,61.0,0.0,-0.0
53,121,47.0,63.0,0.0,-0.0
53,122,47.0,65.0,0.0,-0.0
53,123,47.0,67.0,0.0,-0.0
53,124,47.0,69.0,0.0,-0.0
53,125,47.0,71.0,0.0,-0.0
53,126,47.0,73.0,0.0,-0.0
53,127,47.0,75.0,0.0,-0.0
53,128,47.0,77.0,0.0,-0.0
53,129,47.0,79.0,0.0,-0.0
53,130,47.0,81.0,0.0,-0.0
53,131,47.0,83.0,0.0,-0.0
53,132,47.0,85.0,0.0,-0.0
53,133,47.0,87.0,0.0,-0.0
53,134,47.0,89.0,0.0,-0.0
53,135,47.0,91.0,0.0,-0.0
53,136,47.0,93.0,0.0,-0.0
53,137,47.0,95.0,0.0,-0.0
53,138,47.0,97.0,0.0,-0.0
53,139,47.0,99.0,0.0,-0.0
53,140,47.0,101.0,0.0,-0.0
53,141,47.0,103.0,0.0,-0.0
53,142,47.0,105.0,0.0,-0.0
53,143,47.0,107.0,0.0,-0.0
53,144,47.0,109.0,0.0,-0.0
53,145,47.0,111.0,0.0,-0.0
53,146,47.0,113.0,0.0,-0.0
53,147,47.0,115.0,0.0,-0.0
53,148,47.0,117.0,0.0,-0.0
53,149,47.0,119.0,0.0,-0.0
53,150,47.0,121.0,0.0,-0.0
53,151,47.0,123.0,0.0,-0.0
53,152,47.0,125.0,0.0,-0.0
53,153,47.0,127.0,0.0,-0.0
53,154,47.0,129.0,0.0,-0.0
53,155,47.0,131.0,0.0,-0.0
53,156,47.0,133.0,0.0,-0.0
53,157,47.0,135.0,0.0,-0.0
53,158,47.0,137.0,0.0,-0.0
53,159,47.0,139.0,0.0,-0.0
53,160,47.0,141.0,0.0,-0.0
53,161,47.0,143.0,0.0,-0.0
53,162,47.0,145.0,0.0,-0.0
53,163,47.0,147.0,0.0,-0.0
53,164,47.0,149.0,0.0,-0.0
53,165,47.0,151.0,0.0,-0.0
53,166,47.0,153.0,0.0,-0.0
53,167,47.0,155.0,0.0,-0.0
53,168,47.0,157.0,0.0,-0.0
53,169,47.0,159.0,0.0,-0.0
53,170,47.0,161.0,0.0,-0.0
53,171,47.0,163.0,0.0,-0.0
53,172,47.0,165.0,0.0,-0.0
53,173,47.0,167.0,0.0,-0.0
53,174,47.0,169.0,0.0,-0.0
53,175,47.0,171.0,0.0,-0.0
53,176,47.0,173.0,0.0,-0.0
53,177,47.0,175.0,0.0,-0.0
53,178,47.0,177.0,0.0,-0.0
53,179,47.0,179.0,0.0,-0.0
54,0,49.0,-179.0,0.0,-0.0
54,1,49.0,-177.0,0.0,-0.0
54,2,49.0,-175.0,0.0,-0.0
54,3,49.0,-173.0,0.0,-0.0
54,4,49.0,-171.0,0.0,-0.0
54,5,49.0,-169.0,0.0,-0.0
54,6,49.0,-167.0,0.0,-0.0
54,7,49.0,-165.0,0.0,-0.0
54,8,49.0,-163.0,0.0,-0.0
54,9,49.0,-161.0,0.0,-0.0
54,10,49.0,-159.0,0.0,-0.0
54,11,49.0,-157.0,0.0,-0.0
54,12,49.0,-155.0,0.0,-0.0
54,13,49.0,-153.0,0.0,-0.0
54,14,49.0,-151.0,0.0,-0.0
54,15,49.0,-149.0,0.0,-0.0
54,16,49.0,-147.0,0.0,-0.0
54,17,49.0,-145.0,0.0,-0.0
54,18,49.0,-143.0,0.0,-0.0
54,19,49.0,-141.0,0.0,-0.0
54,20,49.0,-139.0,0.0,-0.0
54,21,49.0,-137.0,0.0,-0.0
54,22,49.0,-135.0,0.0,-0.0
54,23,49.0,-133.0,0.0,-0.0
54,24,49.0,-131.0,0.0,-0.0
54,25,49.0,-129.0,0.0,-0.0
54,26,49.0,-127.0,0.0,-0.0
54,27,49.0,-125.0,0.0,-0.0
54,28,49.0,-123.0,0.0,-0.0
54,29,49.0,-121.0,0.0,-0.0
54,30,49.0,-119.0,0.0,-0.0
54,31,49.0,-117.0,0.0,-0.0
54,32,49.0,-115.0,0.0,-0.0
54,33,49.0,-113.0,0.0,-0.0
54,34,49.0,-111.0,0.0,-0.0
54,35,49.0,-109.0,0.0,-0.0
54,36,49.0,-107.0,0.0,-0.0
54,37,49.0,-105.0,0.0,-0.0
54,38,49.0,-103.0,0.0,-0.0
54,39,49.0,-101.0,0.0,-0.0
54,40,49.0,-99.0,0.0,-0.0
54,41,49.0,-97.0,0.0,-0.0
54,42,49.0,-95.0,0.0,-0.0
54,43,49.0,-93.0,0.0,-0.0
54,44,49.0,-91.0,0.0,-0.0
54,45,49.0,-89.0,0.0,-0.0
54,46,49.0,-87.0,0.0,-0.0
54,47,49.0,-85.0,0.0,-0.0
54,48,49.0,-83.0,0.0,-0.0
54,49,49.0,-81.0,0.0,-0.0
54,50,49.0,-79.0,0.0,-0.0
54,51,49.0,-77.0,0.0,-0.0
54,52,49.0,-75.0,0.0,-0.0
54,53,49.0,-73.0,0.0,-0.0
54,54,49.0,-71.0,0.0,-0.0
54,55,49.0,-69.0,0.0,-0.0
54,56,49.0,-67.0,0.0,-0.0
54,57,49.0,-65.0,0.0,-0.0
54,58,49.0,-63.0,0.0,-0.0
54,59,49.0,-61.0,0.0,-0.0
54,60,49.0,-59.0,0.0,-0.0
54,61,49.0,-57.0,0.0,-0.0
54,62,49.0,-55.0,0.0,-0.0
54,63,49.0,-53.0,0.0,-0.0
54,64,49.0,-51.0,0.0,-0.0
54,65,49.0,-49.0,0.0,-0.0
54,66,49.0,-47.0,0.0,-0.0
54,67,49.0,-45.0,0.0,-0.0
54,68,49.0,-43.0,0.0,-0.0
54,69,49.0,-41.0,0.0,-0.0
54,70,49.0,-39.0,0.0,-0.0
54,71,49.0,-37.0,0.0,-0.0
54,72,49.0,-35.0,0.0,-0.0
54,73,49.0,-33.0,0.0,-0.0
54,74,49.0,-31.0,0.0,-0.0
54,75,49.0,-29.0,0.0,-0.0
54,76,49.0,-27.0,0.0,-0.0
54,77,49.0,-25.0,0.0,-0.0
54,78,49.0,-23.0,0.0,-0.0
54,79,49.0,-21.0,0.0,-0.0
54,80,49.0,-19.0,0.0,-0.0
54,81,49.0,-17.0,0.0,-0.0
54,82,49.0,-15.0,0.0,-0.0
54,83,49.0,-13.0,0.0,-0.0
54,84,49.0,-11.0,0.0,-0.0
54,85,49.0,-9.0,0.0,-0.0
54,86,49.0,-7.0,0.0,-0.0
54,87,49.0,-5.0,0.0,-0.0
54,88,49.0,-3.0,0.0,-0.0
54,89,49.0,-1.0,0.0,-0.0
54,90,49.0,1.0,0.0,-0.0
54,91,49.0,3.0,0.0,-0.0
54,92,49.0,5.0,0.0,-0.0
54,93,49.0,7.0,0.0,-0.0
54,94,49.0,9.0,0.0,-0.0
54,95,49.0,11.0,0.0,-0.0
54,96,49.0,13.0,0.0,-0.0
54,97,49.0,15.0,0.0,-0.0
54,98,49.0,17.0,0.0,-0.0
54,99,49.0,19.0,0.0,-0.0
54,100,49.0,21.0,0.0,-0.0
54,101,49.0,23.0,0.0,-0.0
54,102,49.0,25.0,0.0,-0.0
54,103,49.0,27.0,0.0,-0.0
54,104,49.0,29.0,0.0,-0.0
54,105,49.0,31.0,0.0,-0.0
54,106,49.0,33.0,0.0,-0.0
54,107,49.0,35.0,0.0,-0.0
54,108,49.0,37.0,0.0,-0.0
54,109,49.0,39.0,0.0,-0.0
54,110,49.0,41.0,0.0,-0.0
54,111,49.0,43.0,0.0,-0.0
54,112,49.0,45.0,0.0,-0.0
54,113,49.0,47.0,0.0,-0.0
54,114,49.0,49.0,0.0,-0.0
54,115,49.0,51.0,0.0,-0.0
54,116,49.0,53.0,0.0,-0.0
54,117,49.0,55.0,0.0,-0.0
54,118,49.0,57.0,0.0,-0.0
54,119,49.0,59.0,0.0,-0.0
54,120,49.0,61.0,0.0,-0.0
54,121,49.0,63.0,0.0,-0.0
54,122,49.0,65.0,0.0,-0.0
54,123,49.0,67.0,0.0,-0.0
54,124,49.0,69.0,0.0,-0.0
54,125,49.0,71.0,0.0,-0.0
54,126,49.0,73.0,0.0,-0.0
54,127,49.0,75.0,0.0,-0.0
54,128,49.0,77.0,0.0,-0.0
54,129,49.0,79.0,0.0,-0.0
54,130,49.0,81.0,0.0,-0.0
54,131,49.0,83.0,0.0,-0.0
54,132,49.0,85.0,0.0,-0.0
54,133,49.0,87.0,0.0,-0.0
54,134,49.0,89.0,0.0,-0.0
54,135,49.0,91.0,0.0,-0.0
54,136,49.0,93.0,0.0,-0.0
54,137,49.0,95.0,0.0,-0.0
54,138,49.0,97.0,0.0,-0.0
54,139,49.0,99.0,0.0,-0.0
54,140,49.0,101.0,0.0,-0.0
54,141,49.0,103.0,0.0,-0.0
54,142,49.0,105.0,0.0,-0.0
54,143,49.0,107.0,0.0,-0.0
54,144,49.0,109.0,0.0,-0.0
54,145,49.0,111.0,0.0,-0.0
54,146,49.0,113.0,0.0,-0.0
54,147,49.0,115.0,0.0,-0.0
54,148,49.0,117.0,0.0,-0.0
54,149,49.0,119.0,0.0,-0.0
54,150,49.0,121.0,0.0,-0.0
54,151,49.0,123.0,0.0,-0.0
54,152,49.0,125.0,0.0,-0.0
54,153,49.0,127.0,0.0,-0.0
54,154,49.0,129.0,0.0,-0.0
54,155,49.0,131.0,0.0,-0.0
54,156,49.0,133.0,0.0,-0.0
54,157,49.0,135.0,0.0,-0.0
54,158,49.0,137.0,0.0,-0.0
54,159,49.0,139.0,0.0,-0.0
54,160,49.0,141.0,0.0,-0.0
54,161,49.0,143.0,0.0,-0.0
54,162,49.0,145.0,0.0,-0.0
54,163,49.0,147.0,0.0,-0.0
54,164,49.0,149.0,0.0,-0.0
54,165,49.0,151.0,0.0,-0.0
54,166,49.0,153.0,0.0,-0.0
54,167,49.0,155.0,0.5091,0.71151484
54,168,49.0,157.0,0.0,-0.0
54,169,49.0,159.0,0.0,-0.0
54,170,49.0,161.0,0.0,-0.0
54,171,49.0,163.0,0.0,-0.0
54,172,49.0,165.0,0.0,-0.0
54,173,49.0,167.0,0.0,-0.0
54,174,49.0,169.0,0.0,-0.0
54,175,49.0,171.0,0.0,-0.0
54,176,49.0,173.0,0.0,-0.0
54,177,49.0,175.0,0.0,-0.0
54,178,49.0,177.0,0.0,-0.0
54,179,49.0,179.0,0.0,-0.0
55,0,51.0,-179.0,0.0356,0.03624913
55,1,51.0,-177.0,0.0356,0.03624913
55,2,51.0,-175.0,0.0356,0.03624913
55,3,51.0,-173.0,0.0356,0.03624913
55,4,51.0,-171.0,0.0,-0.0
55,5,51.0,-169.0,0.0,-0.0
55,6,51.0,-167.0,0.0,-0.0
55,7,51.0,-165.0,0.0,-0.0
55,8,51.0,-163.0,0.0,-0.0
55,9,51.0,-161.0,0.0,-0.0
55,10,51.0,-159.0,0.0,-0.0
55,11,51.0,-157.0,0.0,-0.0
55,12,51.0,-155.0,0.0,-0.0
55,13,51.0,-153.0,0.0,-0.0
55,14,51.0,-151.0,0.0,-0.0
55,15,51.0,-149.0,0.0,-0.0
55,16,51.0,-147.0,0.0,-0.0
55,17,51.0,-145.0,0.0,-0.0
55,18,51.0,-143.0,0.0,-0.0
55,19,51.0,-141.0,0.0,-0.0
55,20,51.0,-139.0,0.0,-0.0
55,21,51.0,-137.0,0.0,-0.0
55,22,51.0,-135.0,0.0,-0.0
55,23,51.0,-133.0,0.0,-0.0
55,24,51.0,-131.0,0.0,-0.0
55,25,51.0,-129.0,0.0,-0.0
55,26,51.0,-127.0,0.0,-0.0
55,27,51.0,-125.0,0.0,-0.0
55,28,51.0,-123.0,0.0,-0.0
55,29,51.0,-121.0,0.0,-0.0
55,30,51.0,-119.0,0.0,-0.0
55,31,51.0,-117.0,0.0,-0.0
55,32,51.0,-115.0,0.0,-0.0
55,33,51.0,-113.0,0.0,-0.0
55,34,51.0,-111.0,0.0,-0.0
55,35,51.0,-109.0,0.0,-0.0
55,36,51.0,-107.0,0.0,-0.0
55,37,51.0,-105.0,0.0,-0.0
55,38,51.0,-103.0,0.0,-0.0
55,39,51.0,-101.0,0.0,-0.0
55,40,51.0,-99.0,0.0,-0.0
55,41,51.0,-97.0,0.0,-0.0
55,42,51.0,-95.0,0.0,-0.0
55,43,51.0,-93.0,0.0,-0.0
55,44,51.0,-91.0,0.0,-0.0
55,45,51.0,-89.0,0.0,-0.0
55,46,51.0,-87.0,0.0,-0.0
55,47,51.0,-85.0,0.0,-0.0
55,48,51.0,-83.0,0.0,-0.0
55,49,51.0,-81.0,0.0,-0.0
55,50,51.0,-79.0,0.0,-0.0
55,51,51.0,-77.0,0.0,-0.0
55,52,51.0,-75.0,0.0,-0.0
55,53,51.0,-73.0,0.0,-0.0
55,54,51.0,-71.0,0.0,-0.0
55,55,51.0,-69.0,0.0,-0.0
55,56,51.0,-67.0,0.0,-0.0
55,57,51.0,-65.0,0.0,-0.0
55,58,51.0,-63.0,0.0,-0.0
55,59,51.0,-61.0,0.0,-0.0
55,60,51.0,-59.0,0.0,-0.0
55,61,51.0,-57.0,0.0,-0.0
55,62,51.0,-55.0,0.0,-0.0
55,63,51.0,-53.0,0.0,-0.0
55,64,51.0,-51.0,0.0,-0.0
55,65,51.0,-49.0,0.0,-0.0
55,66,51.0,-47.0,0.0,-0.0
55,67,51.0,-45.0,0.0,-0.0
55,68,51.0,-43.0,0.0,-0.0
55,69,51.0,-41.0,0.0,-0.0
55,70,51.0,-39.0,0.0,-0.0
55,71,51.0,-37.0,0.0,-0.0
55,72,51.0,-35.0,0.0,-0.0
55,73,51.0,-33.0,0.0,-0.0
55,74,51.0,-31.0,0.0,-0.0
55,75,51.0,-29.0,0.0,-0.0
55,76,51.0,-27.0,0.0,-0.0
55,77,51.0,-25.0,0.0,-0.0
55,78,51.0,-23.0,0.0,-0.0
55,79,51.0,-21.0,0.0,-0.0
55,80,51.0,-19.0,0.0,-0.0
55,81,51.0,-17.0,0.0,-0.0
55,82,51.0,-15.0,0.0,-0.0
55,83,51.0,-13.0,0.0,-0.0
55,84,51.0,-11.0,0.0,-0.0
55,85,51.0,-9.0,0.0,-0.0
55,86,51.0,-7.0,0.0,-0.0
55,87,51.0,-5.0,0.0,-0.0
55,88,51.0,-3.0,0.0,-0.0
55,89,51.0,-1.0,0.0,-0.0
55,90,51.0,1.0,0.0,-0.0
55,91,51.0,3.0,0.0,-0.0
55,92,51.0,5.0,0.0,-0.0
55,93,51.0,7.0,0.0,-0.0
55,94,51.0,9.0,0.0,-0.0
55,95,51.0,11.0,0.0,-0.0
55,96,51.0,13.0,0.0,-0.0
55,97,51.0,15.0,0.0,-0.0
55,98,51.0,17.0,0.0,-0.0
55,99,51.0,19.0,0.0,-0.0
55,100,51.0,21.0,0.0,-0.0
55,101,51.0,23.0,0.0,-0.0
55,102,51.0,25.0,0.0,-0.0
55,103,51.0,27.0,0.0,-0.0
55,104,51.0,29.0,0.0,-0.0
55,105,51.0,31.0,0.0,-0.0
55,106,51.0,33.0,0.0,-0.0
55,107,51.0,35.0,0.0,-0.0
55,108,51.0,37.0,0.0,-0.0
55,109,51.0,39.0,0.0,-0.0
55,110,51.0,41.0,0.0,-0.0
55,111,51.0,43.0,0.0,-0.0
55,112,51.0,45.0,0.0,-0.0
55,113,51.0,47.0,0.0,-0.0
55,114,51.0,49.0,0.0,-0.0
55,115,51.0,51.0,0.0,-0.0
55,116,51.0,53.0,0.0,-0.0
55,117,51.0,55.0,0.0,-0.0
55,118,51.0,57.0,0.0,-0.0
55,119,51.0,59.0,0.0,-0.0
55,120,51.0,61.0,0.0,-0.0
55,121,51.0,63.0,0.0,-0.0
55,122,51.0,65.0,0.0,-0.0
55,123,51.0,67.0,0.0,-0.0
55,124,51.0,69.0,0.0,-0.0
55,125,51.0,71.0,0.0,-0.0
55,126,51.0,73.0,0.0,-0.0
55,127,51.0,75.0,0.0,-0.0
55,128,51.0,77.0,0.0,-0.0
55,129,51.0,79.0,0.0,-0.0
55,130,51.0,81.0,0.0,-0.0
55,131,51.0,83.0,0.0,-0.0
55,132,51.0,85.0,0.0,-0.0
55,133,51.0,87.0,0.0,-0.0
55,134,51.0,89.0,0.0,-0.0
55,135,51.0,91.0,0.0,-0.0
55,136,51.0,93.0,0.0,-0.0
55,137,51.0,95.0,0.0,-0.0
55,138,51.0,97.0,0.0,-0.0
55,139,51.0,99.0,0.0,-0.0
55,140,51.0,101.0,0.0,-0.0
55,141,51.0,103.0,0.0,-0.0
55,142,51.0,105.0,0.0,-0.0
55,143,51.0,107.0,0.0,-0.0
55,144,51.0,109.0,0.0,-0.0
55,145,51.0,111.0,0.0,-0.0
55,146,51.0,113.0,0.0,-0.0
55,147,51.0,115.0,0.0,-0.0
55,148,51.0,117.0,0.0,-0.0
55,149,51.0,119.0,0.0,-0.0
55,150,51.0,121.0,0.0,-0.0
55,151,51.0,123.0,0.0,-0.0
55,152,51.0,125.0,0.0,-0.0
55,153,51.0,127.0,0.0,-0.0
55,154,51.0,129.0,0.0,-0.0
55,155,51.0,131.0,0.0,-0.0
55,156,51.0,133.0,0.0,-0.0
55,157,51.0,135.0,0.0,-0.0
55,158,51.0,137.0,0.0,-0.0
55,159,51.0,139.0,0.0,-0.0
55,160,51.0,141.0,0.0,-0.0
55,161,51.0,143.0,0.0,-0.0
55,162,51.0,145.0,0.0,-0.0
55,163,51.0,147.0,0.0,-0.0
55,164,51.0,149.0,0.0,-0.0
55,165,51.0,151.0,0.0,-0.0
55,166,51.0,153.0,0.0,-0.0
55,167,51.0,155.0,0.0,-0.0
55,168,51.0,157.0,0.5091,0.71151484
55,169,51.0,159.0,0.0356,0.03624913
55,170,51.0,161.0,0.0,-0.0
55,171,51.0,163.0,0.0,-0.0
55,172,51.0,165.0,0.0,-0.0
55,173,51.0,167.0,0.0,-0.0
55,174,51.0,169.0,0.0,-0.0
55,175,51.0,171.0,0.0,-0.0
55,176,51.0,173.0,0.0,-0.0
55,177,51.0,175.0,0.0,-0.0
55,178,51.0,177.0,0.0356,0.03624913
55,179,51.0,179.0,0.0356,0.03624913
56,0,53.0,-179.0,0.0,-0.0
56,1,53.0,-177.0,0.0,-0.0
56,2,53.0,-175.0,0.0356,0.03624913
56,3,53.0,-173.0,0.0356,0.03624913
56,4,53.0,-171.0,0.0356,0.03624913
56,5,53.0,-169.0,0.0356,0.03624913
56,6,53.0,-167.0,0.0356,0.03624913
56,7,53.0,-165.0,0.0356,0.03624913
56,8,53.0,-163.0,0.0356,0.03624913
56,9,53.0,-161.0,0.0,-0.0
56,10,53.0,-159.0,0.0,-0.0
56,11,53.0,-157.0,0.0,-0.0
56,12,53.0,-155.0,0.0,-0.0
56,13,53.0,-153.0,0.0,-0.0
56,14,53.0,-151.0,0.0,-0.0
56,15,53.0,-149.0,0.0,-0.0
56,16,53.0,-147.0,0.0,-0.0
56,17,53.0,-145.0,0.0,-0.0
56,18,53.0,-143.0,0.0,-0.0
56,19,53.0,-141.0,0.0,-0.0
56,20,53.0,-139.0,0.0,-0.0
56,21,53.0,-137.0,0.0,-0.0
56,22,53.0,-135.0,0.0,-0.0
56,23,53.0,-133.0,0.0,-0.0
56,24,53.0,-131.0,0.0,-0.0
56,25,53.0,-129.0,0.0,-0.0
56,26,53.0,-127.0,0.0,-0.0
56,27,53.0,-125.0,0.0,-0.0
56,28,53.0,-123.0,0.0,-0.0
56,29,53.0,-121.0,0.0,-0.0
56,30,53.0,-119.0,0.0,-0.0
56,31,53.0,-117.0,0.0,-0.0
56,32,53.0,-115.0,0.0,-0.0
56,33,53.0,-113.0,0.0,-0.0
56,34,53.0,-111.0,0.0,-0.0
56,35,53.0,-109.0,0.0,-0.0
56,36,53.0,-107.0,0.0,-0.0
56,37,53.0,-105.0,0.0,-0.0
56,38,53.0,-103.0,0.0,-0.0
56,39,53.0,-101.0,0.0,-0.0
56,40,53.0,-99.0,0.0,-0.0
56,41,53.0,-97.0,0.0,-0.0
56,42,53.0,-95.0,0.0,-0.0
56,43,53.0,-93.0,0.0,-0.0
56,44,53.0,-91.0,0.0,-0.0
56,45,53.0,-89.0,0.0,-0.0
56,46,53.0,-87.0,0.0,-0.0
56,47,53.0,-85.0,0.0,-0.0
56,48,53.0,-83.0,0.0,-0.0
56,49,53.0,-81.0,0.0,-0.0
56,50,53.0,-79.0,0.0,-0.0
56,51,53.0,-77.0,0.0,-0.0
56,52,53.0,-75.0,0.0,-0.0
56,53,53.0,-73.0,0.0,-0.0
56,54,53.0,-71.0,0.0,-0.0
56,55,53.0,-69.0,0.0,-0.0
56,56,53.0,-67.0,0.0,-0.0
56,57,53.0,-65.0,0.0,-0.0
56,58,53.0,-63.0,0.0,-0.0
56,59,53.0,-61.0,0.0,-0.0
56,60,53.0,-59.0,0.0,-0.0
56,61,53.0,-57.0,0.0,-0.0
56,62,53.0,-55.0,0.0,-0.0
56,63,53.0,-53.0,0.0,-0.0
56,64,53.0,-51.0,0.0,-0.0
56,65,53.0,-49.0,0.0,-0.0
56,66,53.0,-47.0,0.0,-0.0
56,67,53.0,-45.0,0.0,-0.0
56,68,53.0,-43.0,0.0,-0.0
56,69,53.0,-41.0,0.0,-0.0
56,70,53.0,-39.0,0.0,-0.0
56,71,53.0,-37.0,0.0,-0.0
56,72,53.0,-35.0,0.0,-0.0
56,73,53.0,-33.0,0.0,-0.0
56,74,53.0,-31.0,0.0,-0.0
56,75,53.0,-29.0,0.0,-0.0
56,76,53.0,-27.0,0.0,-0.0
56,77,53.0,-25.0,0.0,-0.0
56,78,53.0,-23.0,0.0,-0.0
56,79,53.0,-21.0,0.0,-0.0
56,80,53.0,-19.0,0.0,-0.0
56,81,53.0,-17.0,0.0,-0.0
56,82,53.0,-15.0,0.0,-0.0
56,83,53.0,-13.0,0.0,-0.0
56,84,53.0,-11.0,0.0,-0.0
56,85,53.0,-9.0,0.0,-0.0
56,86,53.0,-7.0,0.0,-0.0
56,87,53.0,-5.0,0.0,-0.0
56,88,53.0,-3.0,0.0,-0.0
56,89,53.0,-1.0,0.0,-0.0
56,90,53.0,1.0,0.0,-0.0
56,91,53.0,3.0,0.0,-0.0
56,92,53.0,5.0,0.0,-0.0
56,93,53.0,7.0,0.0,-0.0
56,94,53.0,9.0,0.0,-0.0
56,95,53.0,11.0,0.0,-0.0
56,96,53.0,13.0,0.0,-0.0
56,97,53.0,15.0,0.0,-0.0
56,98,53.0,17.0,0.0,-0.0
56,99,53.0,19.0,0.0,-0.0
56,100,53.0,21.0,0.0,-0.0
56,101,53.0,23.0,0.0,-0.0
56,102,53.0,25.0,0.0,-0.0
56,103,53.0,27.0,0.0,-0.0
56,104,53.0,29.0,0.0,-0.0
56,105,53.0,31.0,0.0,-0.0
56,106,53.0,33.0,0.0,-0.0
56,107,53.0,35.0,0.0,-0.0
56,108,53.0,37.0,0.0,-0.0
56,109,53.0,39.0,0.0,-0.0
56,110,53.0,41.0,0.0,-0.0
56,111,53.0,43.0,0.0,-0.0
56,112,53.0,45.0,0.0,-0.0
56,113,53.0,47.0,0.0,-0.0
56,114,53.0,49.0,0.0,-0.0
56,115,53.0,51.0,0.0,-0.0
56,116,53.0,53.0,0.0,-0.0
56,117,53.0,55.0,0.0,-0.0
56,118,53.0,57.0,0.0,-0.0
56,119,53.0,59.0,0.0,-0.0
56,120,53.0,61.0,0.0,-0.0
56,121,53.0,63.0,0.0,-0.0
56,122,53.0,65.0,0.0,-0.0
56,123,53.0,67.0,0.0,-0.0
56,124,53.0,69.0,0.0,-0.0
56,125,53.0,71.0,0.0,-0.0
56,126,53.0,73.0,0.0,-0.0
56,127,53.0,75.0,0.0,-0.0
56,128,53.0,77.0,0.0,-0.0
56,129,53.0,79.0,0.0,-0.0
56,130,53.0,81.0,0.0,-0.0
56,131,53.0,83.0,0.0,-0.0
56,132,53.0,85.0,0.0,-0.0
56,133,53.0,87.0,0.0,-0.0
56,134,53.0,89.0,0.0,-0.0
56,135,53.0,91.0,0.0,-0.0
56,136,53.0,93.0,0.0,-0.0
56,137,53.0,95.0,0.0,-0.0
56,138,53.0,97.0,0.0,-0.0
56,139,53.0,99.0,0.0,-0.0
56,140,53.0,101.0,0.0,-0.0
56,141,53.0,103.0,0.0,-0.0
56,142,53.0,105.0,0.0,-0.0
56,143,53.0,107.0,0.0,-0.0
56,144,53.0,109.0,0.0,-0.0
56,145,53.0,111.0,0.0,-0.0
56,146,53.0,113.0,0.0,-0.0
56,147,53.0,115.0,0.0,-0.0
56,148,53.0,117.0,0.0,-0.0
56,149,53.0,119.0,0.0,-0.0
56,150,53.0,121.0,0.0,-0.0
56,151,53.0,123.0,0.0,-0.0
56,152,53.0,125.0,0.0,-0.0
56,153,53.0,127.0,0.0,-0.0
56,154,53.0,129.0,0.0,-0.0
56,155,53.0,131.0,0.0,-0.0
56,156,53.0,133.0,0.0,-0.0
56,157,53.0,135.0,0.0,-0.0
56,158,53.0,137.0,0.0,-0.0
56,159,53.0,139.0,0.0,-0.0
56,160,53.0,141.0,0.0,-0.0
56,161,53.0,143.0,0.0,-0.0
56,162,53.0,145.0,0.0,-0.0
56,163,53.0,147.0,0.0,-0.0
56,164,53.0,149.0,0.0,-0.0
56,165,53.0,151.0,0.0,-0.0
56,166,53.0,153.0,0.0,-0.0
56,167,53.0,155.0,0.0,-0.0
56,168,53.0,157.0,0.0,-0.0
56,169,53.0,159.0,0.5091,0.71151484
56,170,53.0,161.0,0.0356,0.03624913
56,171,53.0,163.0,0.0,-0.0
56,172,53.0,165.0,0.0,-0.0
56,173,53.0,167.0,0.0,-0.0
56,174,53.0,169.0,0.0,-0.0
56,175,53.0,171.0,0.0,-0.0
56,176,53.0,173.0,0.0,-0.0
56,177,53.0,175.0,0.0,-0.0
56,178,53.0,177.0,0.0356,0.03624913
56,179,53.0,179.0,0.0,-0.0
57,0,55.0,-179.0,0.0,-0.0
57,1,55.0,-177.0,0.0,-0.0
57,2,55.0,-175.0,0.0,-0.0
57,3,55.0,-173.0,0.0,-0.0
57,4,55.0,-171.0,0.0,-0.0
57,5,55.0,-169.0,0.0,-0.0
57,6,55.0,-167.0,0.0,-0.0
57,7,55.0,-165.0,0.0,-0.0
57,8,55.0,-163.0,0.0356,0.03624913
57,9,55.0,-161.0,0.0356,0.03624913
57,10,55.0,-159.0,0.0356,0.03624913
57,11,55.0,-157.0,0.0356,0.03624913
57,12,55.0,-155.0,0.0,-0.0
57,13,55.0,-153.0,0.0,-0.0
57,14,55.0,-151.0,0.0,-0.0
57,15,55.0,-149.0,0.0,-0.0
57,16,55.0,-147.0,0.0,-0.0
57,17,55.0,-145.0,0.0,-0.0
57,18,55.0,-143.0,0.0,-0.0
57,19,55.0,-141.0,0.0,-0.0
57,20,55.0,-139.0,0.0,-0.0
57,21,55.0,-137.0,0.0,-0.0
57,22,55.0,-135.0,0.0,-0.0
57,23,55.0,-133.0,0.0,-0.0
57,24,55.0,-131.0,0.0,-0.0
57,25,55.0,-129.0,0.0,-0.0
57,26,55.0,-127.0,0.0,-0.0
57,27,55.0,-125.0,0.0,-0.0
57,28,55.0,-123.0,0.0,-0.0
57,29,55.0,-121.0,0.0,-0.0
57,30,55.0,-119.0,0.0,-0.0
57,31,55.0,-117.0,0.0,-0.0
57,32,55.0,-115.0,0.0,-0.0
57,33,55.0,-113.0,0.0,-0.0
57,34,55.0,-111.0,0.0,-0.0
57,35,55.0,-109.0,0.0,-0.0
57,36,55.0,-107.0,0.0,-0.0
57,37,55.0,-105.0,0.0,-0.0
57,38,55.0,-103.0,0.0,-0.0
57,39,55.0,-101.0,0.0,-0.0
57,40,55.0,-99.0,0.0,-0.0
57,41,55.0,-97.0,0.0,-0.0
57,42,55.0,-95.0,0.0,-0.0
57,43,55.0,-93.0,0.0,-0.0
57,44,55.0,-91.0,0.0,-0.0
57,45,55.0,-89.0,0.0,-0.0
57,46,55.0,-87.0,0.0,-0.0
57,47,55.0,-85.0,0.0,-0.0
57,48,55.0,-83.0,0.0,-0.0
57,49,55.0,-81.0,0.0,-0.0
57,50,55.0,-79.0,0.0,-0.0
57,51,55.0,-77.0,0.0,-0.0
57,52,55.0,-75.0,0.0,-0.0
57,53,55.0,-73.0,0.0,-0.0
57,54,55.0,-71.0,0.0,-0.0
57,55,55.0,-69.0,0.0,-0.0
57,56,55.0,-67.0,0.0,-0.0
57,57,55.0,-65.0,0.0,-0.0
57,58,55.0,-63.0,0.0,-0.0
57,59,55.0,-61.0,0.0,-0.0
57,60,55.0,-59.0,0.0,-0.0
57,61,55.0,-57.0,0.0,-0.0
57,62,55.0,-55.0,0.0,-0.0
57,63,55.0,-53.0,0.0,-0.0
57,64,55.0,-51.0,0.0,-0.0
57,65,55.0,-49.0,0.0,-0.0
57,66,55.0,-47.0,0.0,-0.0
57,67,55.0,-45.0,0.0,-0.0
57,68,55.0,-43.0,0.0,-0.0
57,69,55.0,-41.0,0.0,-0.0
57,70,55.0,-39.0,0.0,-0.0
57,71,55.0,-37.0,0.0,-0.0
57,72,55.0,-35.0,0.0,-0.0
57,73,55.0,-33.0,0.0,-0.0
57,74,55.0,-31.0,0.0,-0.0
57,75,55.0,-29.0,0.0,-0.0
57,76,55.0,-27.0,0.0,-0.0
57,77,55.0,-25.0,0.0,-0.0
57,78,55.0,-23.0,0.0,-0.0
57,79,55.0,-21.0,0.0,-0.0
57,80,55.0,-19.0,0.0,-0.0
57,81,55.0,-17.0,0.0,-0.0
57,82,55.0,-15.0,0.0,-0.0
57,83,55.0,-13.0,0.0,-0.0
57,84,55.0,-11.0,0.0,-0.0
57,85,55.0,-9.0,0.0,-0.0
57,86,55.0,-7.0,0.0,-0.0
57,87,55.0,-5.0,0.0,-0.0
57,88,55.0,-3.0,0.0,-0.0
57,89,55.0,-1.0,0.0,-0.0
57,90,55.0,1.0,0.0,-0.0
57,91,55.0,3.0,0.0,-0.0
57,92,55.0,5.0,0.0,-0.0
57,93,55.0,7.0,0.0,-0.0
57,94,55.0,9.0,0.0,-0.0
57,95,55.0,11.0,0.0,-0.0
57,96,55.0,13.0,0.0,-0.0
57,97,55.0,15.0,0.0,-0.0
57,98,55.0,17.0,0.0,-0.0
57,99,55.0,19.0,0.0,-0.0
57,100,55.0,21.0,0.0,-0.0
57,101,55.0,23.0,0.0,-0.0
57,102,55.0,25.0,0.0,-0.0
57,103,55.0,27.0,0.0,-0.0
57,104,55.0,29.0,0.0,-0.0
57,105,55.0,31.0,0.0,-0.0
57,106,55.0,33.0,0.0,-0.0
57,107,55.0,35.0,0.0,-0.0
57,108,55.0,37.0,0.0,-0.0
57,109,55.0,39.0,0.0,-0.0
57,110,55.0,41.0,0.0,-0.0
57,111,55.0,43.0,0.0,-0.0
57,112,55.0,45.0,0.0,-0.0
57,113,55.0,47.0,0.0,-0.0
57,114,55.0,49.0,0.0,-0.0
57,115,55.0,51.0,0.0,-0.0
57,116,55.0,53.0,0.0,-0.0
57,117,55.0,55.0,0.0,-0.0
57,118,55.0,57.0,0.0,-0.0
57,119,55.0,59.0,0.0,-0.0
57,120,55.0,61.0,0.0,-0.0
57,121,55.0,63.0,0.0,-0.0
57,122,55.0,65.0,0.0,-0.0
57,123,55.0,67.0,0.0,-0.0
57,124,55.0,69.0,0.0,-0.0
57,125,55.0,71.0,0.0,-0.0
57,126,55.0,73.0,0.0,-0.0
57,127,55.0,75.0,0.0,-0.0
57,128,55.0,77.0,0.0,-0.0
57,129,55.0,79.0,0.0,-0.0
57,130,55.0,81.0,0.0,-0.0
57,131,55.0,83.0,0.0,-0.0
57,132,55.0,85.0,0.0,-0.0
57,133,55.0,87.0,0.0,-0.0
57,134,55.0,89.0,0.0,-0.0
57,135,55.0,91.0,0.0,-0.0
57,136,55.0,93.0,0.0,-0.0
57,137,55.0,95.0,0.0,-0.0
57,138,55.0,97.0,0.0,-0.0
57,139,55.0,99.0,0.0,-0.0
57,140,55.0,101.0,0.0,-0.0
57,141,55.0,103.0,0.0,-0.0
57,142,55.0,105.0,0.0,-0.0
57,143,55.0,107.0,0.0,-0.0
57,144,55.0,109.0,0.0,-0.0
57,145,55.0,111.0,0.0,-0.0
57,146,55.0,113.0,0.0,-0.0
57,147,55.0,115.0,0.0,-0.0
57,148,55.0,117.0,0.0,-0.0
57,149,55.0,119.0,0.0,-0.0
57,150,55.0,121.0,0.0,-0.0
57,151,55.0,123.0,0.0,-0.0
57,152,55.0,125.0,0.0,-0.0
57,153,55.0,127.0,0.0,-0.0
57,154,55.0,129.0,0.0,-0.0
57,155,55.0,131.0,0.0,-0.0
57,156,55.0,133.0,0.0,-0.0
57,157,55.0,135.0,0.0,-0.0
57,158,55.0,137.0,0.0,-0.0
57,159,55.0,139.0,0.0,-0.0
57,160,55.0,141.0,0.0,-0.0
57,161,55.0,143.0,0.0,-0.0
57,162,55.0,145.0,0.0,-0.0
57,163,55.0,147.0,0.0,-0.0
57,164,55.0,149.0,0.0,-0.0
57,165,55.0,151.0,0.0,-0.0
57,166,55.0,153.0,0.0,-0.0
57,167,55.0,155.0,0.0,-0.0
57,168,55.0,157.0,0.0,-0.0
57,169,55.0,159.0,0.0,-0.0
57,170,55.0,161.0,0.0,-0.0
57,171,55.0,163.0,0.0,-0.0
57,172,55.0,165.0,0.0,-0.0
57,173,55.0,167.0,0.0,-0.0
57,174,55.0,169.0,0.0,-0.0
57,175,55.0,171.0,0.0,-0.0
57,176,55.0,173.0,0.0,-0.0
57,177,55.0,175.0,0.0,-0.0
57,178,55.0,177.0,0.0,-0.0
57,179,55.0,179.0,0.0,-0.0
58,0,57.0,-179.0,0.0,-0.0
58,1,57.0,-177.0,0.0,-0.0
58,2,57.0,-175.0,0.0,-0.0
58,3,57.0,-173.0,0.0,-0.0
58,4,57.0,-171.0,0.0,-0.0
58,5,57.0,-169.0,0.0,-0.0
58,6,57.0,-167.0,0.0,-0.0
58,7,57.0,-165.0,0.0,-0.0
58,8,57.0,-163.0,0.0,-0.0
58,9,57.0,-161.0,0.0,-0.0
58,10,57.0,-159.0,0.0,-0.0
58,11,57.0,-157.0,0.0356,0.03624913
58,12,57.0,-155.0,0.0356,0.03624913
58,13,57.0,-153.0,0.0356,0.03624913
58,14,57.0,-151.0,0.0,-0.0
58,15,57.0,-149.0,0.0356,0.03624913
58,16,57.0,-147.0,0.0,-0.0
58,17,57.0,-145.0,0.0,-0.0
58,18,57.0,-143.0,0.0,-0.0
58,19,57.0,-141.0,0.0,-0.0
58,20,57.0,-139.0,0.0,-0.0
58,21,57.0,-137.0,0.0,-0.0
58,22,57.0,-135.0,0.0,-0.0
58,23,57.0,-133.0,0.0,-0.0
58,24,57.0,-131.0,0.0,-0.0
58,25,57.0,-129.0,0.0,-0.0
58,26,57.0,-127.0,0.0,-0.0
58,27,57.0,-125.0,0.0,-0.0
58,28,57.0,-123.0,0.0,-0.0
58,29,57.0,-121.0,0.0,-0.0
58,30,57.0,-119.0,0.0,-0.0
58,31,57.0,-117.0,0.0,-0.0
58,32,57.0,-115.0,0.0,-0.0
58,33,57.0,-113.0,0.0,-0.0
58,34,57.0,-111.0,0.0,-0.0
58,35,57.0,-109.0,0.0,-0.0
58,36,57.0,-107.0,0.0,-0.0
58,37,57.0,-105.0,0.0,-0.0
58,38,57.0,-103.0,0.0,-0.0
58,39,57.0,-101.0,0.0,-0.0
58,40,57.0,-99.0,0.0,-0.0
58,41,57.0,-97.0,0.0,-0.0
58,42,57.0,-95.0,0.0,-0.0
58,43,57.0,-93.0,0.0,-0.0
58,44,57.0,-91.0,0.0,-0.0
58,45,57.0,-89.0,0.0,-0.0
58,46,57.0,-87.0,0.0,-0.0
58,47,57.0,-85.0,0.0,-0.0
58,48,57.0,-83.0,0.0,-0.0
58,49,57.0,-81.0,0.0,-0.0
58,50,57.0,-79.0,0.0,-0.0
58,51,57.0,-77.0,0.0,-0.0
58,52,57.0,-75.0,0.0,-0.0
58,53,57.0,-73.0,0.0,-0.0
58,54,57.0,-71.0,0.0,-0.0
58,55,57.0,-69.0,0.0,-0.0
58,56,57.0,-67.0,0.0,-0.0
58,57,57.0,-65.0,0.0,-0.0
58,58,57.0,-63.0,0.0,-0.0
58,59,57.0,-61.0,0.0,-0.0
58,60,57.0,-59.0,0.0,-0.0
58,61,57.0,-57.0,0.0,-0.0
58,62,57.0,-55.0,0.0,-0.0
58,63,57.0,-53.0,0.0,-0.0
58,64,57.0,-51.0,0.0,-0.0
58,65,57.0,-49.0,0.0,-0.0
58,66,57.0,-47.0,0.0,-0.0
58,67,57.0,-45.0,0.0,-0.0
58,68,57.0,-43.0,0.0,-0.0
58,69,57.0,-41.0,0.0,-0.0
58,70,57.0,-39.0,0.0,-0.0
58,71,57.0,-37.0,0.0,-0.0
58,72,57.0,-35.0,0.0,-0.0
58,73,57.0,-33.0,0.0,-0.0
58,74,57.0,-31.0,0.0,-0.0
58,75,57.0,-29.0,0.0,-0.0
58,76,57.0,-27.0,0.0,-0.0
58,77,57.0,-25.0,0.0,-0.0
58,78,57.0,-23.0,0.0,-0.0
58,79,57.0,-21.0,0.0,-0.0
58,80,57.0,-19.0,0.0,-0.0
58,81,57.0,-17.0,0.0,-0.0
58,82,57.0,-15.0,0.0,-0.0
58,83,57.0,-13.0,0.0,-0.0
58,84,57.0,-11.0,0.0,-0.0
58,85,57.0,-9.0,0.0,-0.0
58,86,57.0,-7.0,0.0,-0.0
58,87,57.0,-5.0,0.0,-0.0
58,88,57.0,-3.0,0.0,-0.0
58,89,57.0,-1.0,0.0,-0.0
58,90,57.0,1.0,0.0,-0.0
58,91,57.0,3.0,0.0,-0.0
58,92,57.0,5.0,0.0,-0.0
58,93,57.0,7.0,0.0,-0.0
58,94,57.0,9.0,0.0,-0.0
58,95,57.0,11.0,0.0,-0.0
58,96,57.0,13.0,0.0,-0.0
58,97,57.0,15.0,0.0,-0.0
58,98,57.0,17.0,0.0,-0.0
58,99,57.0,19.0,0.0,-0.0
58,100,57.0,21.0,0.0,-0.0
58,101,57.0,23.0,0.0,-0.0
58,102,57.0,25.0,0.0,-0.0
58,103,57.0,27.0,0.0,-0.0
58,104,57.0,29.0,0.0,-0.0
58,105,57.0,31.0,0.0,-0.0
58,106,57.0,33.0,0.0,-0.0
58,107,57.0,35.0,0.0,-0.0
58,108,57.0,37.0,0.0,-0.0
58,109,57.0,39.0,0.0,-0.0
58,110,57.0,41.0,0.0,-0.0
58,111,57.0,43.0,0.0,-0.0
58,112,57.0,45.0,0.0,-0.0
58,113,57.0,47.0,0.0,-0.0
58,114,57.0,49.0,0.0,-0.0
58,115,57.0,51.0,0.0,-0.0
58,116,57.0,53.0,0.0,-0.0
58,117,57.0,55.0,0.0,-0.0
58,118,57.0,57.0,0.0,-0.0
58,119,57.0,59.0,0.0,-0.0
58,120,57.0,61.0,0.0,-0.0
58,121,57.0,63.0,0.0,-0.0
58,122,57.0,65.0,0.0,-0.0
58,123,57.0,67.0,0.0,-0.0
58,124,57.0,69.0,0.0,-0.0
58,125,57.0,71.0,0.0,-0.0
58,126,57.0,73.0,0.0,-0.0
58,127,57.0,75.0,0.0,-0.0
58,128,57.0,77.0,0.0,-0.0
58,129,57.0,79.0,0.0,-0.0
58,130,57.0,81.0,0.0,-0.0
58,131,57.0,83.0,0.0,-0.0
58,132,57.0,85.0,0.0,-0.0
58,133,57.0,87.0,0.0,-0.0
58,134,57.0,89.0,0.0,-0.0
58,135,57.0,91.0,0.0,-0.0
58,136,57.0,93.0,0.0,-0.0
58,137,57.0,95.0,0.0,-0.0
58,138,57.0,97.0,0.0,-0.0
58,139,57.0,99.0,0.0,-0.0
58,140,57.0,101.0,0.0,-0.0
58,141,57.0,103.0,0.0,-0.0
58,142,57.0,105.0,0.0,-0.0
58,143,57.0,107.0,0.0,-0.0
58,144,57.0,109.0,0.0,-0.0
58,145,57.0,111.0,0.0,-0.0
58,146,57.0,113.0,0.0,-0.0
58,147,57.0,115.0,0.0,-0.0
58,148,57.0,117.0,0.0,-0.0
58,149,57.0,119.0,0.0,-0.0
58,150,57.0,121.0,0.0,-0.0
58,151,57.0,123.0,0.0,-0.0
58,152,57.0,125.0,0.0,-0.0
58,153,57.0,127.0,0.0,-0.0
58,154,57.0,129.0,0.0,-0.0
58,155,57.0,131.0,0.0,-0.0
58,156,57.0,133.0,0.0,-0.0
58,157,57.0,135.0,0.0,-0.0
58,158,57.0,137.0,0.0,-0.0
58,159,57.0,139.0,0.0,-0.0
58,160,57.0,141.0,0.0,-0.0
58,161,57.0,143.0,0.0,-0.0
58,162,57.0,145.0,0.0,-0.0
58,163,57.0,147.0,0.0,-0.0
58,164,57.0,149.0,0.0,-0.0
58,165,57.0,151.0,0.0,-0.0
58,166,57.0,153.0,0.0,-0.0
58,167,57.0,155.0,0.0,-0.0
58,168,57.0,157.0,0.0,-0.0
58,169,57.0,159.0,0.0,-0.0
58,170,57.0,161.0,0.0,-0.0
58,171,57.0,163.0,0.0,-0.0
58,172,57.0,165.0,0.0,-0.0
58,173,57.0,167.0,0.0,-0.0
58,174,57.0,169.0,0.0,-0.0
58,175,57.0,171.0,0.0,-0.0
58,176,57.0,173.0,0.0,-0.0
58,177,57.0,175.0,0.0,-0.0
58,178,57.0,177.0,0.0,-0.0
58,179,57.0,179.0,0.0,-0.0
59,0,59.0,-179.0,0.0,-0.0
59,1,59.0,-177.0,0.0,-0.0
59,2,59.0,-175.0,0.0,-0.0
59,3,59.0,-173.0,0.0,-0.0
59,4,59.0,-171.0,0.0,-0.0
59,5,59.0,-169.0,0.0,-0.0
59,6,59.0,-167.0,0.0,-0.0
59,7,59.0,-165.0,0.0,-0.0
59,8,59.0,-163.0,0.0,-0.0
59,9,59.0,-161.0,0.0,-0.0
59,10,59.0,-159.0,0.0,-0.0
59,11,59.0,-157.0,0.0,-0.0
59,12,59.0,-155.0,0.0,-0.0
59,13,59.0,-153.0,0.0356,0.03624913
59,14,59.0,-151.0,0.0,-0.0
59,15,59.0,-149.0,0.0,-0.0
59,16,59.0,-147.0,0.0,-0.0
59,17,59.0,-145.0,0.0,-0.0
59,18,59.0,-143.0,0.0,-0.0
59,19,59.0,-141.0,0.0,-0.0
59,20,59.0,-139.0,0.0,-0.0
59,21,59.0,-137.0,0.0,-0.0
59,22,59.0,-135.0,0.0,-0.0
59,23,59.0,-133.0,0.0,-0.0
59,24,59.0,-131.0,0.0,-0.0
59,25,59.0,-129.0,0.0,-0.0
59,26,59.0,-127.0,0.0,-0.0
59,27,59.0,-125.0,0.0,-0.0
59,28,59.0,-123.0,0.0,-0.0
59,29,59.0,-121.0,0.0,-0.0
59,30,59.0,-119.0,0.0,-0.0
59,31,59.0,-117.0,0.0,-0.0
59,32,59.0,-115.0,0.0,-0.0
59,33,59.0,-113.0,0.0,-0.0
59,34,59.0,-111.0,0.0,-0.0
59,35,59.0,-109.0,0.0,-0.0
59,36,59.0,-107.0,0.0,-0.0
59,37,59.0,-105.0,0.0,-0.0
59,38,59.0,-103.0,0.0,-0.0
59,39,59.0,-101.0,0.0,-0.0
59,40,59.0,-99.0,0.0,-0.0
59,41,59.0,-97.0,0.0,-0.0
59,42,59.0,-95.0,0.0,-0.0
59,43,59.0,-93.0,0.0,-0.0
59,44,59.0,-91.0,0.0,-0.0
59,45,59.0,-89.0,0.0,-0.0
59,46,59.0,-87.0,0.0,-0.0
59,47,59.0,-85.0,0.0,-0.0
59,48,59.0,-83.0,0.0,-0.0
59,49,59.0,-81.0,0.0,-0.0
59,50,59.0,-79.0,0.0,-0.0
59,51,59.0,-77.0,0.0,-0.0
59,52,59.0,-75.0,0.0,-0.0
59,53,59.0,-73.0,0.0,-0.0
59,54,59.0,-71.0,0.0,-0.0
59,55,59.0,-69.0,0.0,-0.0
59,56,59.0,-67.0,0.0,-0.0
59,57,59.0,-65.0,0.0,-0.0
59,58,59.0,-63.0,0.0,-0.0
59,59,59.0,-61.0,0.0,-0.0
59,60,59.0,-59.0,0.0,-0.0
59,61,59.0,-57.0,0.0,-0.0
59,62,59.0,-55.0,0.0,-0.0
59,63,59.0,-53.0,0.0,-0.0
59,64,59.0,-51.0,0.0,-0.0
59,65,59.0,-49.0,0.0,-0.0
59,66,59.0,-47.0,0.0,-0.0
59,67,59.0,-45.0,0.0,-0.0
59,68,59.0,-43.0,0.0,-0.0
59,69,59.0,-41.0,0.0,-0.0
59,70,59.0,-39.0,0.0,-0.0
59,71,59.0,-37.0,0.0,-0.0
59,72,59.0,-35.0,0.0,-0.0
59,73,59.0,-33.0,0.0,-0.0
59,74,59.0,-31.0,0.0,-0.0
59,75,59.0,-29.0,0.0,-0.0
59,76,59.0,-27.0,0.0,-0.0
59,77,59.0,-25.0,0.0,-0.0
59,78,59.0,-23.0,0.0,-0.0
59,79,59.0,-21.0,0.0,-0.0
59,80,59.0,-19.0,0.0,-0.0
59,81,59.0,-17.0,0.0,-0.0
59,82,59.0,-15.0,0.0,-0.0
59,83,59.0,-13.0,0.0,-0.0
59,84,59.0,-11.0,0.0,-0.0
59,85,59.0,-9.0,0.0,-0.0
59,86,59.0,-7.0,0.0,-0.0
59,87,59.0,-5.0,0.0,-0.0
59,88,59.0,-3.0,0.0,-0.0
59,89,59.0,-1.0,0.0,-0.0
59,90,59.0,1.0,0.0,-0.0
59,91,59.0,3.0,0.0,-0.0
59,92,59.0,5.0,0.0,-0.0
59,93,59.0,7.0,0.0,-0.0
59,94,59.0,9.0,0.0,-0.0
59,95,59.0,11.0,0.0,-0.0
59,96,59.0,13.0,0.0,-0.0
59,97,59.0,15.0,0.0,-0.0
59,98,59.0,17.0,0.0,-0.0
59,99,59.0,19.0,0.0,-0.0
59,100,59.0,21.0,0.0,-0.0
59,101,59.0,23.0,0.0,-0.0
59,102,59.0,25.0,0.0,-0.0
59,103,59.0,27.0,0.0,-0.0
59,104,59.0,29.0,0.0,-0.0
59,105,59.0,31.0,0.0,-0.0
59,106,59.0,33.0,0.0,-0.0
59,107,59.0,35.0,0.0,-0.0
59,108,59.0,37.0,0.0,-0.0
59,109,59.0,39.0,0.0,-0.0
59,110,59.0,41.0,0.0,-0.0
59,111,59.0,43.0,0.0,-0.0
59,112,59.0,45.0,0.0,-0.0
59,113,59.0,47.0,0.0,-0.0
59,114,59.0,49.0,0.0,-0.0
59,115,59.0,51.0,0.0,-0.0
59,116,59.0,53.0,0.0,-0.0
59,117,59.0,55.0,0.0,-0.0
59,118,59.0,57.0,0.0,-0.0
59,119,59.0,59.0,0.0,-0.0
59,120,59.0,61.0,0.0,-0.0
59,121,59.0,63.0,0.0,-0.0
59,122,59.0,65.0,0.0,-0.0
59,123,59.0,67.0,0.0,-0.0
59,124,59.0,69.0,0.0,-0.0
59,125,59.0,71.0,0.0,-0.0
59,126,59.0,73.0,0.0,-0.0
59,127,59.0,75.0,0.0,-0.0
59,128,59.0,77.0,0.0,-0.0
59,129,59.0,79.0,0.0,-0.0
59,130,59.0,81.0,0.0,-0.0
59,131,59.0,83.0,0.0,-0.0
59,132,59.0,85.0,0.0,-0.0
59,133,59.0,87.0,0.0,-0.0
59,134,59.0,89.0,0.0,-0.0
59,135,59.0,91.0,0.0,-0.0
59,136,59.0,93.0,0.0,-0.0
59,137,59.0,95.0,0.0,-0.0
59,138,59.0,97.0,0.0,-0.0
59,139,59.0,99.0,0.0,-0.0
59,140,59.0,101.0,0.0,-0.0
59,141,59.0,103.0,0.0,-0.0
59,142,59.0,105.0,0.0,-0.0
59,143,59.0,107.0,0.0,-0.0
59,144,59.0,109.0,0.0,-0.0
59,145,59.0,111.0,0.0,-0.0
59,146,59.0,113.0,0.0,-0.0
59,147,59.0,115.0,0.0,-0.0
59,148,59.0,117.0,0.0,-0.0
59,149,59.0,119.0,0.0,-0.0
59,150,59.0,121.0,0.0,-0.0
59,151,59.0,123.0,0.0,-0.0
59,152,59.0,125.0,0.0,-0.0
59,153,59.0,127.0,0.0,-0.0
59,154,59.0,129.0,0.0,-0.0
59,155,59.0,131.0,0.0,-0.0
59,156,59.0,133.0,0.0,-0.0
59,157,59.0,135.0,0.0,-0.0
59,158,59.0,137.0,0.0,-0.0
59,159,59.0,139.0,0.0,-0.0
59,160,59.0,141.0,0.0,-0.0
59,161,59.0,143.0,0.0,-0.0
59,162,59.0,145.0,0.0,-0.0
59,163,59.0,147.0,0.0,-0.0
59,164,59.0,149.0,0.0,-0.0
59,165,59.0,151.0,0.0,-0.0
59,166,59.0,153.0,0.0,-0.0
59,167,59.0,155.0,0.0,-0.0
59,168,59.0,157.0,0.0,-0.0
59,169,59.0,159.0,0.0,-0.0
59,170,59.0,161.0,0.0,-0.0
59,171,59.0,163.0,0.0,-0.0
59,172,59.0,165.0,0.0,-0.0
59,173,59.0,167.0,0.0,-0.0
59,174,59.0,169.0,0.0,-0.0
59,175,59.0,171.0,0.0,-0.0
59,176,59.0,173.0,0.0,-0.0
59,177,59.0,175.0,0.0,-0.0
59,178,59.0,177.0,0.0,-0.0
59,179,59.0,179.0,0.0,-0.0
60,0,61.0,-179.0,0.0,-0.0
60,1,61.0,-177.0,0.0,-0.0
60,2,61.0,-175.0,0.0,-0.0
60,3,61.0,-173.0,0.0,-0.0
60,4,61.0,-171.0,0.0,-0.0
60,5,61.0,-169.0,0.0,-0.0
60,6,61.0,-167.0,0.0,-0.0
60,7,61.0,-165.0,0.0,-0.0
60,8,61.0,-163.0,0.0,-0.0
60,9,61.0,-161.0,0.0,-0.0
60,10,61.0,-159.0,0.0,-0.0
60,11,61.0,-157.0,0.0,-0.0
60,12,61.0,-155.0,0.0,-0.0
60,13,61.0,-153.0,0.0,-0.0
60,14,61.0,-151.0,0.0356,0.03624913
60,15,61.0,-149.0,0.0356,0.03624913
60,16,61.0,-147.0,0.0356,0.03624913
60,17,61.0,-145.0,0.0,-0.0
60,18,61.0,-143.0,0.0,-0.0
60,19,61.0,-141.0,0.0,-0.0
60,20,61.0,-139.0,0.0,-0.0
60,21,61.0,-137.0,0.0,-0.0
60,22,61.0,-135.0,0.0,-0.0
60,23,61.0,-133.0,0.0,-0.0
60,24,61.0,-131.0,0.0,-0.0
60,25,61.0,-129.0,0.0,-0.0
60,26,61.0,-127.0,0.0,-0.0
60,27,61.0,-125.0,0.0,-0.0
60,28,61.0,-123.0,0.0,-0.0
60,29,61.0,-121.0,0.0,-0.0
60,30,61.0,-119.0,0.0,-0.0
60,31,61.0,-117.0,0.0,-0.0
60,32,61.0,-115.0,0.0,-0.0
60,33,61.0,-113.0,0.0,-0.0
60,34,61.0,-111.0,0.0,-0.0
60,35,61.0,-109.0,0.0,-0.0
60,36,61.0,-107.0,0.0,-0.0
60,37,61.0,-105.0,0.0,-0.0
60,38,61.0,-103.0,0.0,-0.0
60,39,61.0,-101.0,0.0,-0.0
60,40,61.0,-99.0,0.0,-0.0
60,41,61.0,-97.0,0.0,-0.0
60,42,61.0,-95.0,0.0,-0.0
60,43,61.0,-93.0,0.0,-0.0
60,44,61.0,-91.0,0.0,-0.0
60,45,61.0,-89.0,0.0,-0.0
60,46,61.0,-87.0,0.0,-0.0
60,47,61.0,-85.0,0.0,-0.0
60,48,61.0,-83.0,0.0,-0.0
60,49,61.0,-81.0,0.0,-0.0
60,50,61.0,-79.0,0.0,-0.0
60,51,61.0,-77.0,0.0,-0.0
60,52,61.0,-75.0,0.0,-0.0
60,53,61.0,-73.0,0.0,-0.0
60,54,61.0,-71.0,0.0,-0.0
60,55,61.0,-69.0,0.0,-0.0
60,56,61.0,-67.0,0.0,-0.0
60,57,61.0,-65.0,0.0,-0.0
60,58,61.0,-63.0,0.0,-0.0
60,59,61.0,-61.0,0.0,-0.0
60,60,61.0,-59.0,0.0,-0.0
60,61,61.0,-57.0,0.0,-0.0
60,62,61.0,-55.0,0.0,-0.0
60,63,61.0,-53.0,0.0,-0.0
60,64,61.0,-51.0,0.0,-0.0
60,65,61.0,-49.0,0.0,-0.0
60,66,61.0,-47.0,0.0,-0.0
60,67,61.0,-45.0,0.0,-0.0
60,68,61.0,-43.0,0.0,-0.0
60,69,61.0,-41.0,0.0,-0.0
60,70,61.0,-39.0,0.0,-0.0
60,71,61.0,-37.0,0.0,-0.0
60,72,61.0,-35.0,0.0,-0.0
60,73,61.0,-33.0,0.0,-0.0
60,74,61.0,-31.0,0.0,-0.0
60,75,61.0,-29.0,0.0,-0.0
60,76,61.0,-27.0,0.0,-0.0
60,77,61.0,-25.0,0.0,-0.0
60,78,61.0,-23.0,0.0,-0.0
60,79,61.0,-21.0,0.0,-0.0
60,80,61.0,-19.0,0.0,-0.0
60,81,61.0,-17.0,0.0,-0.0
60,82,61.0,-15.0,0.0,-0.0
60,83,61.0,-13.0,0.0,-0.0
60,84,61.0,-11.0,0.0,-0.0
60,85,61.0,-9.0,0.0,-0.0
60,86,61.0,-7.0,0.0,-0.0
60,87,61.0,-5.0,0.0,-0.0
60,88,61.0,-3.0,0.0,-0.0
60,89,61.0,-1.0,0.0,-0.0
60,90,61.0,1.0,0.0,-0.0
60,91,61.0,3.0,0.0,-0.0
60,92,61.0,5.0,0.0,-0.0
60,93,61.0,7.0,0.0,-0.0
60,94,61.0,9.0,0.0,-0.0
60,95,61.0,11.0,0.0,-0.0
60,96,61.0,13.0,0.0,-0.0
60,97,61.0,15.0,0.0,-0.0
60,98,61.0,17.0,0.0,-0.0
60,99,61.0,19.0,0.0,-0.0
60,100,61.0,21.0,0.0,-0.0
60,101,61.0,23.0,0.0,-0.0
60,102,61.0,25.0,0.0,-0.0
60,103,61.0,27.0,0.0,-0.0
60,104,61.0,29.0,0.0,-0.0
60,105,61.0,31.0,0.0,-0.0
60,106,61.0,33.0,0.0,-0.0
60,107,61.0,35.0,0.0,-0.0
60,108,61.0,37.0,0.0,-0.0
60,109,61.0,39.0,0.0,-0.0
60,110,61.0,41.0,0.0,-0.0
60,111,61.0,43.0,0.0,-0.0
60,112,61.0,45.0,0.0,-0.0
60,113,61.0,47.0,0.0,-0.0
60,114,61.0,49.0,0.0,-0.0
60,115,61.0,51.0,0.0,-0.0
60,116,61.0,53.0,0.0,-0.0
60,117,61.0,55.0,0.0,-0.0
60,118,61.0,57.0,0.0,-0.0
60,119,61.0,59.0,0.0,-0.0
60,120,61.0,61.0,0.0,-0.0
60,121,61.0,63.0,0.0,-0.0
60,122,61.0,65.0,0.0,-0.0
60,123,61.0,67.0,0.0,-0.0
60,124,61.0,69.0,0.0,-0.0
60,125,61.0,71.0,0.0,-0.0
60,126,61.0,73.0,0.0,-0.0
60,127,61.0,75.0,0.0,-0.0
60,128,61.0,77.0,0.0,-0.0
60,129,61.0,79.0,0.0,-0.0
60,130,61.0,81.0,0.0,-0.0
60,131,61.0,83.0,0.0,-0.0
60,132,61.0,85.0,0.0,-0.0
60,133,61.0,87.0,0.0,-0.0
60,134,61.0,89.0,0.0,-0.0
60,135,61.0,91.0,0.0,-0.0
60,136,61.0,93.0,0.0,-0.0
60,137,61.0,95.0,0.0,-0.0
60,138,61.0,97.0,0.0,-0.0
60,139,61.0,99.0,0.0,-0.0
60,140,61.0,101.0,0.0,-0.0
60,141,61.0,103.0,0.0,-0.0
60,142,61.0,105.0,0.0,-0.0
60,143,61.0,107.0,0.0,-0.0
60,144,61.0,109.0,0.0,-0.0
60,145,61.0,111.0,0.0,-0.0
60,146,61.0,113.0,0.0,-0.0
60,147,61.0,115.0,0.0,-0.0
60,148,61.0,117.0,0.0,-0.0
60,149,61.0,119.0,0.0,-0.0
60,150,61.0,121.0,0.0,-0.0
60,151,61.0,123.0,0.0,-0.0
60,152,61.0,125.0,0.0,-0.0
60,153,61.0,127.0,0.0,-0.0
60,154,61.0,129.0,0.0,-0.0
60,155,61.0,131.0,0.0,-0.0
60,156,61.0,133.0,0.0,-0.0
60,157,61.0,135.0,0.0,-0.0
60,158,61.0,137.0,0.0,-0.0
60,159,61.0,139.0,0.0,-0.0
60,160,61.0,141.0,0.0,-0.0
60,161,61.0,143.0,0.0,-0.0
60,162,61.0,145.0,0.0,-0.0
60,163,61.0,147.0,0.0,-0.0
60,164,61.0,149.0,0.0,-0.0
60,165,61.0,151.0,0.0,-0.0
60,166,61.0,153.0,0.0,-0.0
60,167,61.0,155.0,0.0,-0.0
60,168,61.0,157.0,0.0,-0.0
60,169,61.0,159.0,0.0,-0.0
60,170,61.0,161.0,0.0,-0.0
60,171,61.0,163.0,0.0,-0.0
60,172,61.0,165.0,0.0,-0.0
60,173,61.0,167.0,0.0,-0.0
60,174,61.0,169.0,0.0,-0.0
60,175,61.0,171.0,0.0,-0.0
60,176,61.0,173.0,0.0,-0.0
60,177,61.0,175.0,0.0,-0.0
60,178,61.0,177.0,0.0,-0.0
60,179,61.0,179.0,0.0,-0.0
61,0,63.0,-179.0,0.0,-0.0
61,1,63.0,-177.0,0.0,-0.0
61,2,63.0,-175.0,0.0,-0.0
61,3,63.0,-173.0,0.0,-0.0
61,4,63.0,-171.0,0.0,-0.0
61,5,63.0,-169.0,0.0,-0.0
61,6,63.0,-167.0,0.0,-0.0
61,7,63.0,-165.0,0.0,-0.0
61,8,63.0,-163.0,0.0,-0.0
61,9,63.0,-161.0,0.0,-0.0
61,10,63.0,-159.0,0.0,-0.0
61,11,63.0,-157.0,0.0,-0.0
61,12,63.0,-155.0,0.0,-0.0
61,13,63.0,-153.0,0.0356,0.03624913
61,14,63.0,-151.0,0.0356,0.03624913
61,15,63.0,-149.0,0.0356,0.03624913
61,16,63.0,-147.0,0.0,-0.0
61,17,63.0,-145.0,0.0,-0.0
61,18,63.0,-143.0,0.0,-0.0
61,19,63.0,-141.0,0.0,-0.0
61,20,63.0,-139.0,0.0,-0.0
61,21,63.0,-137.0,0.0,-0.0
61,22,63.0,-135.0,0.0,-0.0
61,23,63.0,-133.0,0.0,-0.0
61,24,63.0,-131.0,0.0,-0.0
61,25,63.0,-129.0,0.0,-0.0
61,26,63.0,-127.0,0.0,-0.0
61,27,63.0,-125.0,0.0,-0.0
61,28,63.0,-123.0,0.0,-0.0
61,29,63.0,-121.0,0.0,-0.0
61,30,63.0,-119.0,0.0,-0.0
61,31,63.0,-117.0,0.0,-0.0
61,32,63.0,-115.0,0.0,-0.0
61,33,63.0,-113.0,0.0,-0.0
61,34,63.0,-111.0,0.0,-0.0
61,35,63.0,-109.0,0.0,-0.0
61,36,63.0,-107.0,0.0,-0.0
61,37,63.0,-105.0,0.0,-0.0
61,38,63.0,-103.0,0.0,-0.0
61,39,63.0,-101.0,0.0,-0.0
61,40,63.0,-99.0,0.0,-0.0
61,41,63.0,-97.0,0.0,-0.0
61,42,63.0,-95.0,0.0,-0.0
61,43,63.0,-93.0,0.0,-0.0
61,44,63.0,-91.0,0.0,-0.0
61,45,63.0,-89.0,0.0,-0.0
61,46,63.0,-87.0,0.0,-0.0
61,47,63.0,-85.0,0.0,-0.0
61,48,63.0,-83.0,0.0,-0.0
61,49,63.0,-81.0,0.0,-0.0
61,50,63.0,-79.0,0.0,-0.0
61,51,63.0,-77.0,0.0,-0.0
61,52,63.0,-75.0,0.0,-0.0
61,53,63.0,-73.0,0.0,-0.0
61,54,63.0,-71.0,0.0,-0.0
61,55,63.0,-69.0,0.0,-0.0
61,56,63.0,-67.0,0.0,-0.0
61,57,63.0,-65.0,0.0,-0.0
61,58,63.0,-63.0,0.0,-0.0
61,59,63.0,-61.0,0.0,-0.0
61,60,63.0,-59.0,0.0,-0.0
61,61,63.0,-57.0,0.0,-0.0
61,62,63.0,-55.0,0.0,-0.0
61,63,63.0,-53.0,0.0,-0.0
61,64,63.0,-51.0,0.0,-0.0
61,65,63.0,-49.0,0.0,-0.0
61,66,63.0,-47.0,0.0,-0.0
61,67,63.0,-45.0,0.0,-0.0
61,68,63.0,-43.0,0.0,-0.0
61,69,63.0,-41.0,0.0,-0.0
61,70,63.0,-39.0,0.0,-0.0
61,71,63.0,-37.0,0.0,-0.0
61,72,63.0,-35.0,0.0,-0.0
61,73,63.0,-33.0,0.0,-0.0
61,74,63.0,-31.0,0.0,-0.0
61,75,63.0,-29.0,0.0,-0.0
61,76,63.0,-27.0,0.0,-0.0
61,77,63.0,-25.0,0.0,-0.0
61,78,63.0,-23.0,0.0,-0.0
61,79,63.0,-21.0,0.0,-0.0
61,80,63.0,-19.0,0.0,-0.0
61,81,63.0,-17.0,0.0,-0.0
61,82,63.0,-15.0,0.0,-0.0
61,83,63.0,-13.0,0.0,-0.0
61,84,63.0,-11.0,0.0,-0.0
61,85,63.0,-9.0,0.0,-0.0
61,86,63.0,-7.0,0.0,-0.0
61,87,63.0,-5.0,0.0,-0.0
61,88,63.0,-3.0,0.0,-0.0
61,89,63.0,-1.0,0.0,-0.0
61,90,63.0,1.0,0.0,-0.0
61,91,63.0,3.0,0.0,-0.0
61,92,63.0,5.0,0.0,-0.0
61,93,63.0,7.0,0.0,-0.0
61,94,63.0,9.0,0.0,-0.0
61,95,63.0,11.0,0.0,-0.0
61,96,63.0,13.0,0.0,-0.0
61,97,63.0,15.0,0.0,-0.0
61,98,63.0,17.0,0.0,-0.0
61,99,63.0,19.0,0.0,-0.0
61,100,63.0,21.0,0.0,-0.0
61,101,63.0,23.0,0.0,-0.0
61,102,63.0,25.0,0.0,-0.0
61,103,63.0,27.0,0.0,-0.0
61,104,63.0,29.0,0.0,-0.0
61,105,63.0,31.0,0.0,-0.0
61,106,63.0,33.0,0.0,-0.0
61,107,63.0,35.0,0.0,-0.0
61,108,63.0,37.0,0.0,-0.0
61,109,63.0,39.0,0.0,-0.0
61,110,63.0,41.0,0.0,-0.0
61,111,63.0,43.0,0.0,-0.0
61,112,63.0,45.0,0.0,-0.0
61,113,63.0,47.0,0.0,-0.0
61,114,63.0,49.0,0.0,-0.0
61,115,63.0,51.0,0.0,-0.0
61,116,63.0,53.0,0.0,-0.0
61,117,63.0,55.0,0.0,-0.0
61,118,63.0,57.0,0.0,-0.0
61,119,63.0,59.0,0.0,-0.0
61,120,63.0,61.0,0.0,-0.0
61,121,63.0,63.0,0.0,-0.0
61,122,63.0,65.0,0.0,-0.0
61,123,63.0,67.0,0.0,-0.0
61,124,63.0,69.0,0.0,-0.0
61,125,63.0,71.0,0.0,-0.0
61,126,63.0,73.0,0.0,-0.0
61,127,63.0,75.0,0.0,-0.0
61,128,63.0,77.0,0.0,-0.0
61,129,63.0,79.0,0.0,-0.0
61,130,63.0,81.0,0.0,-0.0
61,131,63.0,83.0,0.0,-0.0
61,132,63.0,85.0,0.0,-0.0
61,133,63.0,87.0,0.0,-0.0
61,134,63.0,89.0,0.0,-0.0
61,135,63.0,91.0,0.0,-0.0
61,136,63.0,93.0,0.0,-0.0
61,137,63.0,95.0,0.0,-0.0
61,138,63.0,97.0,0.0,-0.0
61,139,63.0,99.0,0.0,-0.0
61,140,63.0,101.0,0.0,-0.0
61,141,63.0,103.0,0.0,-0.0
61,142,63.0,105.0,0.0,-0.0
61,143,63.0,107.0,0.0,-0.0
61,144,63.0,109.0,0.0,-0.0
61,145,63.0,111.0,0.0,-0.0
61,146,63.0,113.0,0.0,-0.0
61,147,63.0,115.0,0.0,-0.0
61,148,63.0,117.0,0.0,-0.0
61,149,63.0,119.0,0.0,-0.0
61,150,63.0,121.0,0.0,-0.0
61,151,63.0,123.0,0.0,-0.0
61,152,63.0,125.0,0.0,-0.0
61,153,63.0,127.0,0.0,-0.0
61,154,63.0,129.0,0.0,-0.0
61,155,63.0,131.0,0.0,-0.0
61,156,63.0,133.0,0.0,-0.0
61,157,63.0,135.0,0.0,-0.0
61,158,63.0,137.0,0.0,-0.0
61,159,63.0,139.0,0.0,-0.0
61,160,63.0,141.0,0.0,-0.0
61,161,63.0,143.0,0.0,-0.0
61,162,63.0,145.0,0.0,-0.0
61,163,63.0,147.0,0.0,-0.0
61,164,63.0,149.0,0.0,-0.0
61,165,63.0,151.0,0.0,-0.0
61,166,63.0,153.0,0.0,-0.0
61,167,63.0,155.0,0.0,-0.0
61,168,63.0,157.0,0.0,-0.0
61,169,63.0,159.0,0.0,-0.0
61,170,63.0,161.0,0.0,-0.0
61,171,63.0,163.0,0.0,-0.0
61,172,63.0,165.0,0.0,-0.0
61,173,63.0,167.0,0.0,-0.0
61,174,63.0,169.0,0.0,-0.0
61,175,63.0,171.0,0.0,-0.0
61,176,63.0,173.0,0.0,-0.0
61,177,63.0,175.0,0.0,-0.0
61,178,63.0,177.0,0.0,-0.0
61,179,63.0,179.0,0.0,-0.0
62,0,65.0,-179.0,0.0,-0.0
62,1,65.0,-177.0,0.0,-0.0
62,2,65.0,-175.0,0.0,-0.0
62,3,65.0,-173.0,0.0,-0.0
62,4,65.0,-171.0,0.0,-0.0
62,5,65.0,-169.0,0.0,-0.0
62,6,65.0,-167.0,0.0,-0.0
62,7,65.0,-165.0,0.0,-0.0
62,8,65.0,-163.0,0.0,-0.0
62,9,65.0,-161.0,0.0,-0.0
62,10,65.0,-159.0,0.0,-0.0
62,11,65.0,-157.0,0.0,-0.0
62,12,65.0,-155.0,0.0,-0.0
62,13,65.0,-153.0,0.0,-0.0
62,14,65.0,-151.0,0.0,-0.0
62,15,65.0,-149.0,0.0,-0.0
62,16,65.0,-147.0,0.0,-0.0
62,17,65.0,-145.0,0.0,-0.0
62,18,65.0,-143.0,0.0,-0.0
62,19,65.0,-141.0,0.0,-0.0
62,20,65.0,-139.0,0.0,-0.0
62,21,65.0,-137.0,0.0,-0.0
62,22,65.0,-135.0,0.0,-0.0
62,23,65.0,-133.0,0.0,-0.0
62,24,65.0,-131.0,0.0,-0.0
62,25,65.0,-129.0,0.0,-0.0
62,26,65.0,-127.0,0.0,-0.0
62,27,65.0,-125.0,0.0,-0.0
62,28,65.0,-123.0,0.0,-0.0
62,29,65.0,-121.0,0.0,-0.0
62,30,65.0,-119.0,0.0,-0.0
62,31,65.0,-117.0,0.0,-0.0
62,32,65.0,-115.0,0.0,-0.0
62,33,65.0,-113.0,0.0,-0.0
62,34,65.0,-111.0,0.0,-0.0
62,35,65.0,-109.0,0.0,-0.0
62,36,65.0,-107.0,0.0,-0.0
62,37,65.0,-105.0,0.0,-0.0
62,38,65.0,-103.0,0.0,-0.0
62,39,65.0,-101.0,0.0,-0.0
62,40,65.0,-99.0,0.0,-0.0
62,41,65.0,-97.0,0.0,-0.0
62,42,65.0,-95.0,0.0,-0.0
62,43,65.0,-93.0,0.0,-0.0
62,44,65.0,-91.0,0.0,-0.0
62,45,65.0,-89.0,0.0,-0.0
62,46,65.0,-87.0,0.0,-0.0
62,47,65.0,-85.0,0.0,-0.0
62,48,65.0,-83.0,0.0,-0.0
62,49,65.0,-81.0,0.0,-0.0
62,50,65.0,-79.0,0.0,-0.0
62,51,65.0,-77.0,0.0,-0.0
62,52,65.0,-75.0,0.0,-0.0
62,53,65.0,-73.0,0.0,-0.0
62,54,65.0,-71.0,0.0,-0.0
62,55,65.0,-69.0,0.0,-0.0
62,56,65.0,-67.0,0.0,-0.0
62,57,65.0,-65.0,0.0,-0.0
62,58,65.0,-63.0,0.0,-0.0
62,59,65.0,-61.0,0.0,-0.0
62,60,65.0,-59.0,0.0,-0.0
62,61,65.0,-57.0,0.0,-0.0
62,62,65.0,-55.0,0.0,-0.0
62,63,65.0,-53.0,0.0,-0.0
62,64,65.0,-51.0,0.0,-0.0
62,65,65.0,-49.0,0.0,-0.0
62,66,65.0,-47.0,0.0,-0.0
62,67,65.0,-45.0,0.0,-0.0
62,68,65.0,-43.0,0.0,-0.0
62,69,65.0,-41.0,0.0,-0.0
62,70,65.0,-39.0,0.0,-0.0
62,71,65.0,-37.0,0.0,-0.0
62,72,65.0,-35.0,0.0,-0.0
62,73,65.0,-33.0,0.0,-0.0
62,74,65.0,-31.0,0.0,-0.0
62,75,65.0,-29.0,0.0,-0.0
62,76,65.0,-27.0,0.0,-0.0
62,77,65.0,-25.0,0.0,-0.0
62,78,65.0,-23.0,0.0,-0.0
62,79,65.0,-21.0,0.0,-0.0
62,80,65.0,-19.0,0.0,-0.0
62,81,65.0,-17.0,0.0,-0.0
62,82,65.0,-15.0,0.0,-0.0
62,83,65.0,-13.0,0.0,-0.0
62,84,65.0,-11.0,0.0,-0.0
62,85,65.0,-9.0,0.0,-0.0
62,86,65.0,-7.0,0.0,-0.0
62,87,65.0,-5.0,0.0,-0.0
62,88,65.0,-3.0,0.0,-0.0
62,89,65.0,-1.0,0.0,-0.0
62,90,65.0,1.0,0.0,-0.0
62,91,65.0,3.0,0.0,-0.0
62,92,65.0,5.0,0.0,-0.0
62,93,65.0,7.0,0.0,-0.0
62,94,65.0,9.0,0.0,-0.0
62,95,65.0,11.0,0.0,-0.0
62,96,65.0,13.0,0.0,-0.0
62,97,65.0,15.0,0.0,-0.0
62,98,65.0,17.0,0.0,-0.0
62,99,65.0,19.0,0.0,-0.0
62,100,65.0,21.0,0.0,-0.0
62,101,65.0,23.0,0.0,-0.0
62,102,65.0,25.0,0.0,-0.0
62,103,65.0,27.0,0.0,-0.0
62,104,65.0,29.0,0.0,-0.0
62,105,65.0,31.0,0.0,-0.0
62,106,65.0,33.0,0.0,-0.0
62,107,65.0,35.0,0.0,-0.0
62,108,65.0,37.0,0.0,-0.0
62,109,65.0,39.0,0.0,-0.0
62,110,65.0,41.0,0.0,-0.0
62,111,65.0,43.0,0.0,-0.0
62,112,65.0,45.0,0.0,-0.0
62,113,65.0,47.0,0.0,-0.0
62,114,65.0,49.0,0.0,-0.0
62,115,65.0,51.0,0.0,-0.0
62,116,65.0,53.0,0.0,-0.0
62,117,65.0,55.0,0.0,-0.0
62,118,65.0,57.0,0.0,-0.0
62,119,65.0,59.0,0.0,-0.0
62,120,65.0,61.0,0.0,-0.0
62,121,65.0,63.0,0.0,-0.0
62,122,65.0,65.0,0.0,-0.0
62,123,65.0,67.0,0.0,-0.0
62,124,65.0,69.0,0.0,-0.0
62,125,65.0,71.0,0.0,-0.0
62,126,65.0,73.0,0.0,-0.0
62,127,65.0,75.0,0.0,-0.0
62,128,65.0,77.0,0.0,-0.0
62,129,65.0,79.0,0.0,-0.0
62,130,65.0,81.0,0.0,-0.0
62,131,65.0,83.0,0.0,-0.0
62,132,65.0,85.0,0.0,-0.0
62,133,65.0,87.0,0.0,-0.0
62,134,65.0,89.0,0.0,-0.0
62,135,65.0,91.0,0.0,-0.0
62,136,65.0,93.0,0.0,-0.0
62,137,65.0,95.0,0.0,-0.0
62,138,65.0,97.0,0.0,-0.0
62,139,65.0,99.0,0.0,-0.0
62,140,65.0,101.0,0.0,-0.0
62,141,65.0,103.0,0.0,-0.0
62,142,65.0,105.0,0.0,-0.0
62,143,65.0,107.0,0.0,-0.0
62,144,65.0,109.0,0.0,-0.0
62,145,65.0,111.0,0.0,-0.0
62,146,65.0,113.0,0.0,-0.0
62,147,65.0,115.0,0.0,-0.0
62,148,65.0,117.0,0.0,-0.0
62,149,65.0,119.0,0.0,-0.0
62,150,65.0,121.0,0.0,-0.0
62,151,65.0,123.0,0.0,-0.0
62,152,65.0,125.0,0.0,-0.0
62,153,65.0,127.0,0.0,-0.0
62,154,65.0,129.0,0.0,-0.0
62,155,65.0,131.0,0.0,-0.0
62,156,65.0,133.0,0.0,-0.0
62,157,65.0,135.0,0.0,-0.0
62,158,65.0,137.0,0.0,-0.0
62,159,65.0,139.0,0.0,-0.0
62,160,65.0,141.0,0.0,-0.0
62,161,65.0,143.0,0.0,-0.0
62,162,65.0,145.0,0.0,-0.0
62,163,65.0,147.0,0.0,-0.0
62,164,65.0,149.0,0.0,-0.0
62,165,65.0,151.0,0.0,-0.0
62,166,65.0,153.0,0.0,-0.0
62,167,65.0,155.0,0.0,-0.0
62,168,65.0,157.0,0.0,-0.0
62,169,65.0,159.0,0.0,-0.0
62,170,65.0,161.0,0.0,-0.0
62,171,65.0,163.0,0.0,-0.0
62,172,65.0,165.0,0.0,-0.0
62,173,65.0,167.0,0.0,-0.0
62,174,65.0,169.0,0.0,-0.0
62,175,65.0,171.0,0.0,-0.0
62,176,65.0,173.0,0.0,-0.0
62,177,65.0,175.0,0.0,-0.0
62,178,65.0,177.0,0.0,-0.0
62,179,65.0,179.0,0.0,-0.0
63,0,67.0,-179.0,0.0,-0.0
63,1,67.0,-177.0,0.0,-0.0
63,2,67.0,-175.0,0.0,-0.0
63,3,67.0,-173.0,0.0,-0.0
63,4,67.0,-171.0,0.0,-0.0
63,5,67.0,-169.0,0.0,-0.0
63,6,67.0,-167.0,0.0,-0.0
63,7,67.0,-165.0,0.0,-0.0
63,8,67.0,-163.0,0.0,-0.0
63,9,67.0,-161.0,0.0,-0.0
63,10,67.0,-159.0,0.0,-0.0
63,11,67.0,-157.0,0.0,-0.0
63,12,67.0,-155.0,0.0,-0.0
63,13,67.0,-153.0,0.0,-0.0
63,14,67.0,-151.0,0.0,-0.0
63,15,67.0,-149.0,0.0,-0.0
63,16,67.0,-147.0,0.0,-0.0
63,17,67.0,-145.0,0.0,-0.0
63,18,67.0,-143.0,0.0,-0.0
63,19,67.0,-141.0,0.0,-0.0
63,20,67.0,-139.0,0.0,-0.0
63,21,67.0,-137.0,0.0,-0.0
63,22,67.0,-135.0,0.0,-0.0
63,23,67.0,-133.0,0.0,-0.0
63,24,67.0,-131.0,0.0,-0.0
63,25,67.0,-129.0,0.0,-0.0
63,26,67.0,-127.0,0.0,-0.0
63,27,67.0,-125.0,0.0,-0.0
63,28,67.0,-123.0,0.0,-0.0
63,29,67.0,-121.0,0.0,-0.0
63,30,67.0,-119.0,0.0,-0.0
63,31,67.0,-117.0,0.0,-0.0
63,32,67.0,-115.0,0.0,-0.0
63,33,67.0,-113.0,0.0,-0.0
63,34,67.0,-111.0,0.0,-0.0
63,35,67.0,-109.0,0.0,-0.0
63,36,67.0,-107.0,0.0,-0.0
63,37,67.0,-105.0,0.0,-0.0
63,38,67.0,-103.0,0.0,-0.0
63,39,67.0,-101.0,0.0,-0.0
63,40,67.0,-99.0,0.0,-0.0
63,41,67.0,-97.0,0.0,-0.0
63,42,67.0,-95.0,0.0,-0.0
63,43,67.0,-93.0,0.0,-0.0
63,44,67.0,-91.0,0.0,-0.0
63,45,67.0,-89.0,0.0,-0.0
63,46,67.0,-87.0,0.0,-0.0
63,47,67.0,-85.0,0.0,-0.0
63,48,67.0,-83.0,0.0,-0.0
63,49,67.0,-81.0,0.0,-0.0
63,50,67.0,-79.0,0.0,-0.0
63,51,67.0,-77.0,0.0,-0.0
63,52,67.0,-75.0,0.0,-0.0
63,53,67.0,-73.0,0.0,-0.0
63,54,67.0,-71.0,0.0,-0.0
63,55,67.0,-69.0,0.0,-0.0
63,56,67.0,-67.0,0.0,-0.0
63,57,67.0,-65.0,0.0,-0.0
63,58,67.0,-63.0,0.0,-0.0
63,59,67.0,-61.0,0.0,-0.0
63,60,67.0,-59.0,0.0,-0.0
63,61,67.0,-57.0,0.0,-0.0
63,62,67.0,-55.0,0.0,-0.0
63,63,67.0,-53.0,0.0,-0.0
63,64,67.0,-51.0,0.0,-0.0
63,65,67.0,-49.0,0.0,-0.0
63,66,67.0,-47.0,0.0,-0.0
63,67,67.0,-45.0,0.0,-0.0
63,68,67.0,-43.0,0.0,-0.0
63,69,67.0,-41.0,0.0,-0.0
63,70,67.0,-39.0,0.0,-0.0
63,71,67.0,-37.0,0.0,-0.0
63,72,67.0,-35.0,0.0,-0.0
63,73,67.0,-33.0,0.0,-0.0
63,74,67.0,-31.0,0.0,-0.0
63,75,67.0,-29.0,0.0,-0.0
63,76,67.0,-27.0,0.0,-0.0
63,77,67.0,-25.0,0.0,-0.0
63,78,67.0,-23.0,0.0,-0.0
63,79,67.0,-21.0,0.0,-0.0
63,80,67.0,-19.0,0.0,-0.0
63,81,67.0,-17.0,0.0,-0.0
63,82,67.0,-15.0,0.0,-0.0
63,83,67.0,-13.0,0.0,-0.0
63,84,67.0,-11.0,0.0,-0.0
63,85,67.0,-9.0,0.0,-0.0
63,86,67.0,-7.0,0.0,-0.0
63,87,67.0,-5.0,0.0,-0.0
63,88,67.0,-3.0,0.0,-0.0
63,89,67.0,-1.0,0.0,-0.0
63,90,67.0,1.0,0.0,-0.0
63,91,67.0,3.0,0.0,-0.0
63,92,67.0,5.0,0.0,-0.0
63,93,67.0,7.0,0.0,-0.0
63,94,67.0,9.0,0.0,-0.0
63,95,67.0,11.0,0.0,-0.0
63,96,67.0,13.0,0.0,-0.0
63,97,67.0,15.0,0.0,-0.0
63,98,67.0,17.0,0.0,-0.0
63,99,67.0,19.0,0.0,-0.0
63,100,67.0,21.0,0.0,-0.0
63,101,67.0,23.0,0.0,-0.0
63,102,67.0,25.0,0.0,-0.0
63,103,67.0,27.0,0.0,-0.0
63,104,67.0,29.0,0.0,-0.0
63,105,67.0,31.0,0.0,-0.0
63,106,67.0,33.0,0.0,-0.0
63,107,67.0,35.0,0.0,-0.0
63,108,67.0,37.0,0.0,-0.0
63,109,67.0,39.0,0.0,-0.0
63,110,67.0,41.0,0.0,-0.0
63,111,67.0,43.0,0.0,-0.0
63,112,67.0,45.0,0.0,-0.0
63,113,67.0,47.0,0.0,-0.0
63,114,67.0,49.0,0.0,-0.0
63,115,67.0,51.0,0.0,-0.0
63,116,67.0,53.0,0.0,-0.0
63,117,67.0,55.0,0.0,-0.0
63,118,67.0,57.0,0.0,-0.0
63,119,67.0,59.0,0.0,-0.0
63,120,67.0,61.0,0.0,-0.0
63,121,67.0,63.0,0.0,-0.0
63,122,67.0,65.0,0.0,-0.0
63,123,67.0,67.0,0.0,-0.0
63,124,67.0,69.0,0.0,-0.0
63,125,67.0,71.0,0.0,-0.0
63,126,67.0,73.0,0.0,-0.0
63,127,67.0,75.0,0.0,-0.0
63,128,67.0,77.0,0.0,-0.0
63,129,67.0,79.0,0.0,-0.0
63,130,67.0,81.0,0.0,-0.0
63,131,67.0,83.0,0.0,-0.0
63,132,67.0,85.0,0.0,-0.0
63,133,67.0,87.0,0.0,-0.0
63,134,67.0,89.0,0.0,-0.0
63,135,67.0,91.0,0.0,-0.0
63,136,67.0,93.0,0.0,-0.0
63,137,67.0,95.0,0.0,-0.0
63,138,67.0,97.0,0.0,-0.0
63,139,67.0,99.0,0.0,-0.0
63,140,67.0,101.0,0.0,-0.0
63,141,67.0,103.0,0.0,-0.0
63,142,67.0,105.0,0.0,-0.0
63,143,67.0,107.0,0.0,-0.0
63,144,67.0,109.0,0.0,-0.0
63,145,67.0,111.0,0.0,-0.0
63,146,67.0,113.0,0.0,-0.0
63,147,67.0,115.0,0.0,-0.0
63,148,67.0,117.0,0.0,-0.0
63,149,67.0,119.0,0.0,-0.0
63,150,67.0,121.0,0.0,-0.0
63,151,67.0,123.0,0.0,-0.0
63,152,67.0,125.0,0.0,-0.0
63,153,67.0,127.0,0.0,-0.0
63,154,67.0,129.0,0.0,-0.0
63,155,67.0,131.0,0.0,-0.0
63,156,67.0,133.0,0.0,-0.0
63,157,67.0,135.0,0.0,-0.0
63,158,67.0,137.0,0.0,-0.0
63,159,67.0,139.0,0.0,-0.0
63,160,67.0,141.0,0.0,-0.0
63,161,67.0,143.0,0.0,-0.0
63,162,67.0,145.0,0.0,-0.0
63,163,67.0,147.0,0.0,-0.0
63,164,67.0,149.0,0.0,-0.0
63,165,67.0,151.0,0.0,-0.0
63,166,67.0,153.0,0.0,-0.0
63,167,67.0,155.0,0.0,-0.0
63,168,67.0,157.0,0.0,-0.0
63,169,67.0,159.0,0.0,-0.0
63,170,67.0,161.0,0.0,-0.0
63,171,67.0,163.0,0.0,-0.0
63,172,67.0,165.0,0.0,-0.0
63,173,67.0,167.0,0.0,-0.0
63,174,67.0,169.0,0.0,-0.0
63,175,67.0,171.0,0.0,-0.0
63,176,67.0,173.0,0.0,-0.0
63,177,67.0,175.0,0.0,-0.0
63,178,67.0,177.0,0.0,-0.0
63,179,67.0,179.0,0.0,-0.0
64,0,69.0,-179.0,0.0,-0.0
64,1,69.0,-177.0,0.0,-0.0
64,2,69.0,-175.0,0.0,-0.0
64,3,69.0,-173.0,0.0,-0.0
64,4,69.0,-171.0,0.0,-0.0
64,5,69.0,-169.0,0.0,-0.0
64,6,69.0,-167.0,0.0,-0.0
64,7,69.0,-165.0,0.0,-0.0
64,8,69.0,-163.0,0.0,-0.0
64,9,69.0,-161.0,0.0,-0.0
64,10,69.0,-159.0,0.0,-0.0
64,11,69.0,-157.0,0.0,-0.0
64,12,69.0,-155.0,0.0,-0.0
64,13,69.0,-153.0,0.0,-0.0
64,14,69.0,-151.0,0.0,-0.0
64,15,69.0,-149.0,0.0,-0.0
64,16,69.0,-147.0,0.0,-0.0
64,17,69.0,-145.0,0.0,-0.0
64,18,69.0,-143.0,0.0,-0.0
64,19,69.0,-141.0,0.0,-0.0
64,20,69.0,-139.0,0.0,-0.0
64,21,69.0,-137.0,0.0,-0.0
64,22,69.0,-135.0,0.0,-0.0
64,23,69.0,-133.0,0.0,-0.0
64,24,69.0,-131.0,0.0,-0.0
64,25,69.0,-129.0,0.0,-0.0
64,26,69.0,-127.0,0.0,-0.0
64,27,69.0,-125.0,0.0,-0.0
64,28,69.0,-123.0,0.0,-0.0
64,29,69.0,-121.0,0.0,-0.0
64,30,69.0,-119.0,0.0,-0.0
64,31,69.0,-117.0,0.0,-0.0
64,32,69.0,-115.0,0.0,-0.0
64,33,69.0,-113.0,0.0,-0.0
64,34,69.0,-111.0,0.0,-0.0
64,35,69.0,-109.0,0.0,-0.0
64,36,69.0,-107.0,0.0,-0.0
64,37,69.0,-105.0,0.0,-0.0
64,38,69.0,-103.0,0.0,-0.0
64,39,69.0,-101.0,0.0,-0.0
64,40,69.0,-99.0,0.0,-0.0
64,41,69.0,-97.0,0.0,-0.0
64,42,69.0,-95.0,0.0,-0.0
64,43,69.0,-93.0,0.0,-0.0
64,44,69.0,-91.0,0.0,-0.0
64,45,69.0,-89.0,0.0,-0.0
64,46,69.0,-87.0,0.0,-0.0
64,47,69.0,-85.0,0.0,-0.0
64,48,69.0,-83.0,0.0,-0.0
64,49,69.0,-81.0,0.0,-0.0
64,50,69.0,-79.0,0.0,-0.0
64,51,69.0,-77.0,0.0,-0.0
64,52,69.0,-75.0,0.0,-0.0
64,53,69.0,-73.0,0.0,-0.0
64,54,69.0,-71.0,0.0,-0.0
64,55,69.0,-69.0,0.0,-0.0
64,56,69.0,-67.0,0.0,-0.0
64,57,69.0,-65.0,0.0,-0.0
64,58,69.0,-63.0,0.0,-0.0
64,59,69.0,-61.0,0.0,-0.0
64,60,69.0,-59.0,0.0,-0.0
64,61,69.0,-57.0,0.0,-0.0
64,62,69.0,-55.0,0.0,-0.0
64,63,69.0,-53.0,0.0,-0.0
64,64,69.0,-51.0,0.0,-0.0
64,65,69.0,-49.0,0.0,-0.0
64,66,69.0,-47.0,0.0,-0.0
64,67,69.0,-45.0,0.0,-0.0
64,68,69.0,-43.0,0.0,-0.0
64,69,69.0,-41.0,0.0,-0.0
64,70,69.0,-39.0,0.0,-0.0
64,71,69.0,-37.0,0.0,-0.0
64,72,69.0,-35.0,0.0,-0.0
64,73,69.0,-33.0,0.0,-0.0
64,74,69.0,-31.0,0.0,-0.0
64,75,69.0,-29.0,0.0,-0.0
64,76,69.0,-27.0,0.0,-0.0
64,77,69.0,-25.0,0.0,-0.0
64,78,69.0,-23.0,0.0,-0.0
64,79,69.0,-21.0,0.0,-0.0
64,80,69.0,-19.0,0.0,-0.0
64,81,69.0,-17.0,0.0,-0.0
64,82,69.0,-15.0,0.0,-0.0
64,83,69.0,-13.0,0.0,-0.0
64,84,69.0,-11.0,0.0,-0.0
64,85,69.0,-9.0,0.0,-0.0
64,86,69.0,-7.0,0.0,-0.0
64,87,69.0,-5.0,0.0,-0.0
64,88,69.0,-3.0,0.0,-0.0
64,89,69.0,-1.0,0.0,-0.0
64,90,69.0,1.0,0.0,-0.0
64,91,69.0,3.0,0.0,-0.0
64,92,69.0,5.0,0.0,-0.0
64,93,69.0,7.0,0.0,-0.0
64,94,69.0,9.0,0.0,-0.0
64,95,69.0,11.0,0.0,-0.0
64,96,69.0,13.0,0.0,-0.0
64,97,69.0,15.0,0.0,-0.0
64,98,69.0,17.0,0.0,-0.0
64,99,69.0,19.0,0.0,-0.0
64,100,69.0,21.0,0.0,-0.0
64,101,69.0,23.0,0.0,-0.0
64,102,69.0,25.0,0.0,-0.0
64,103,69.0,27.0,0.0,-0.0
64,104,69.0,29.0,0.0,-0.0
64,105,69.0,31.0,0.0,-0.0
64,106,69.0,33.0,0.0,-0.0
64,107,69.0,35.0,0.0,-0.0
64,108,69.0,37.0,0.0,-0.0
64,109,69.0,39.0,0.0,-0.0
64,110,69.0,41.0,0.0,-0.0
64,111,69.0,43.0,0.0,-0.0
64,112,69.0,45.0,0.0,-0.0
64,113,69.0,47.0,0.0,-0.0
64,114,69.0,49.0,0.0,-0.0
64,115,69.0,51.0,0.0,-0.0
64,116,69.0,53.0,0.0,-0.0
64,117,69.0,55.0,0.0,-0.0
64,118,69.0,57.0,0.0,-0.0
64,119,69.0,59.0,0.0,-0.0
64,120,69.0,61.0,0.0,-0.0
64,121,69.0,63.0,0.0,-0.0
64,122,69.0,65.0,0.0,-0.0
64,123,69.0,67.0,0.0,-0.0
64,124,69.0,69.0,0.0,-0.0
64,125,69.0,71.0,0.0,-0.0
64,126,69.0,73.0,0.0,-0.0
64,127,69.0,75.0,0.0,-0.0
64,128,69.0,77.0,0.0,-0.0
64,129,69.0,79.0,0.0,-0.0
64,130,69.0,81.0,0.0,-0.0
64,131,69.0,83.0,0.0,-0.0
64,132,69.0,85.0,0.0,-0.0
64,133,69.0,87.0,0.0,-0.0
64,134,69.0,89.0,0.0,-0.0
64,135,69.0,91.0,0.0,-0.0
64,136,69.0,93.0,0.0,-0.0
64,137,69.0,95.0,0.0,-0.0
64,138,69.0,97.0,0.0,-0.0
64,139,69.0,99.0,0.0,-0.0
64,140,69.0,101.0,0.0,-0.0
64,141,69.0,103.0,0.0,-0.0
64,142,69.0,105.0,0.0,-0.0
64,143,69.0,107.0,0.0,-0.0
64,144,69.0,109.0,0.0,-0.0
64,145,69.0,111.0,0.0,-0.0
64,146,69.0,113.0,0.0,-0.0
64,147,69.0,115.0,0.0,-0.0
64,148,69.0,117.0,0.0,-0.0
64,149,69.0,119.0,0.0,-0.0
64,150,69.0,121.0,0.0,-0.0
64,151,69.0,123.0,0.0,-0.0
64,152,69.0,125.0,0.0,-0.0
64,153,69.0,127.0,0.0,-0.0
64,154,69.0,129.0,0.0,-0.0
64,155,69.0,131.0,0.0,-0.0
64,156,69.0,133.0,0.0,-0.0
64,157,69.0,135.0,0.0,-0.0
64,158,69.0,137.0,0.0,-0.0
64,159,69.0,139.0,0.0,-0.0
64,160,69.0,141.0,0.0,-0.0
64,161,69.0,143.0,0.0,-0.0
64,162,69.0,145.0,0.0,-0.0
64,163,69.0,147.0,0.0,-0.0
64,164,69.0,149.0,0.0,-0.0
64,165,69.0,151.0,0.0,-0.0
64,166,69.0,153.0,0.0,-0.0
64,167,69.0,155.0,0.0,-0.0
64,168,69.0,157.0,0.0,-0.0
64,169,69.0,159.0,0.0,-0.0
64,170,69.0,161.0,0.0,-0.0
64,171,69.0,163.0,0.0,-0.0
64,172,69.0,165.0,0.0,-0.0
64,173,69.0,167.0,0.0,-0.0
64,174,69.0,169.0,0.0,-0.0
64,175,69.0,171.0,0.0,-0.0
64,176,69.0,173.0,0.0,-0.0
64,177,69.0,175.0,0.0,-0.0
64,178,69.0,177.0,0.0,-0.0
64,179,69.0,179.0,0.0,-0.0
