name,region,country,lat,lon,population
Tokyo,Tokyo,Japan,35.687,139.7495,35676000
Mexico City,Distrito Federal,Mexico,19.4444,-99.1329,19028000
Mumbai,Maharashtra,India,19.0189,72.855,18978000
São Paulo,São Paulo,Brazil,-23.5567,-46.627,18845000
Delhi,Delhi,India,28.6719,77.2281,15926000
Shanghai,Shanghai,China,31.2184,121.4346,14987000
Kolkata,West Bengal,India,22.4969,88.3227,14787000
Dhaka,Dhaka,Bangladesh,23.725,90.4066,12797394
Buenos Aires,Ciudad de Buenos Aires,Argentina,-34.6006,-58.3995,12795000
Karachi,Sind,Pakistan,24.8719,66.9881,12130000
Cairo,Al Qahirah,Egypt,30.0519,31.248,11893000
Rio de Janeiro,Rio de Janeiro,Brazil,-22.9231,-43.227,11748000
Ōsaka,Osaka,Japan,34.752,135.4582,11294000
Beijing,Beijing,China,39.9308,116.3863,11106000
Manila,Metropolitan Manila,Philippines,14.6061,120.9803,11100000
Moscow,Moskva,Russia,55.7541,37.6136,10452000
Istanbul,Istanbul,Turkey,41.1069,29.0081,10061000
Paris,Île-de-France,France,48.8686,2.3314,9904000
Seoul,Seoul,South Korea,37.5683,126.9978,9796000
Lagos,Lagos,Nigeria,6.4452,3.3896,9466000
Jakarta,Jakarta Raya,Indonesia,-6.1725,106.8275,9125000
Guangzhou,Guangdong,China,23.1469,113.3231,8829000
London,Westminster,United Kingdom,51.5019,-0.1187,8567000
New York,NY,United States,40.6627,-73.9387,8258035
Lima,Lima,Peru,-12.0461,-77.052,8012000
Tehran,Tehran,Iran,35.6739,51.4224,7873000
Kinshasa,Kinshasa City,Congo (Kinshasa),-4.3278,15.313,7843000
Bogota,Bogota,Colombia,4.5984,-74.0853,7772000
Shenzhen,Guangdong,China,22.5543,114.1202,7581000
Wuhan,Hubei,China,30.582,114.2681,7243000
Hong Kong,,Hong Kong S.A.R.,22.3069,114.1831,7206000
Tianjin,Tianjin,China,39.132,117.1981,7180000
Chennai,Tamil Nadu,India,13.0919,80.2781,7163000
Taipei,Taipei City,Taiwan,25.0358,121.5683,6900273
Bengaluru,Karnataka,India,12.9719,77.5581,6787000
Bangkok,Bangkok Metropolis,Thailand,13.7519,100.5147,6704000
Lahore,Punjab,Pakistan,31.5619,74.3481,6577000
Chongqing,Chongqing,China,29.5669,106.593,6461000
Hyderabad,Telangana,India,17.4019,78.478,6376000
Amaravati,Andhra Pradesh,India,16.5337,80.5243,5800000
Santiago,Región Metropolitana de Santiago,Chile,-33.4481,-70.669,5720000
Belo Horizonte,Minas Gerais,Brazil,-19.9131,-43.9169,5575000
Madrid,Comunidad de Madrid,Spain,40.402,-3.6853,5567000
Ahmedabad,Dadra and Nagar Haveli,India,23.032,72.5781,5375000
Ho Chi Minh City,H? Chí Minh city,Vietnam,10.782,106.6931,5314000
Toronto,Ontario,Canada,43.7019,-79.422,5213000
Singapore,,Singapore,1.295,103.8539,5183700
Luanda,Luanda,Angola,-8.8363,13.2325,5172900
Baghdad,Baghdad,Iraq,33.3406,44.3919,5054000
Barcelona,Cataluña,Spain,41.3852,2.1814,4920000
Haora,West Bengal,India,22.5804,88.3299,4841638
Shenyeng,Liaoning,China,41.8069,123.448,4787000
Khartoum,Khartoum,Sudan,15.59,32.5322,4754000
Pune,Maharashtra,India,18.532,73.8481,4672000
Sydney,New South Wales,Australia,-33.9181,151.1832,4630000
St.  Petersburg,City of St. Petersburg,Russia,59.941,30.3141,4553000
Chattogram,Chittagong,Bangladesh,22.3319,91.798,4529000
Dongguan,Guangdong,China,23.0508,113.7428,4528000
Riyadh,Ar Riyad,Saudi Arabia,24.6428,46.7708,4465000
Hanoi,Thái Nguyên,Vietnam,21.0353,105.8481,4378000
Guadalajara,Jalisco,Mexico,20.672,-103.332,4198000
Melbourne,Victoria,Australia,-37.8181,144.9731,4170000
Alexandria,Al Iskandariyah,Egypt,31.202,29.948,4165000
Chengdu,Sichuan,China,30.6719,104.0681,4123000
Yangon,Yangon,Myanmar,16.7853,96.1647,4088000
Xian,Shaanxi,China,34.277,108.8931,4009000
Porto Alegre,Rio Grande do Sul,Brazil,-30.0481,-51.202,3917000
New Taipei,New Taipei City,Taiwan,25.0128,121.465,3893740
Surat,Dadra and Nagar Haveli,India,21.2019,72.8381,3842000
Hechi,Guangxi,China,24.6953,108.083,3830000
Los Angeles,CA,United States,34.0194,-118.4108,3820914
Abidjan,Lagunes,Ivory Coast,5.3219,-4.042,3802000
Brasília,Distrito Federal,Brazil,-15.7814,-47.918,3716996
Ankara,Ankara,Turkey,39.9292,32.8624,3716000
Monterrey,Nuevo León,Mexico,25.6719,-100.3319,3712000
Yokohama,Kanagawa,Japan,35.4307,139.602,3697894
Nanjing,Jiangsu,China,32.052,118.778,3679000
Montréal,Québec,Canada,45.5019,-73.5852,3678000
Guiyang,Guizhou,China,26.582,106.7181,3662000
Recife,Pernambuco,Brazil,-8.0737,-34.9176,3651000
Harbin,Heilongjiang,China,45.7519,126.648,3621000
Fortaleza,Ceará,Brazil,-3.7481,-38.5819,3602319
Ürümqi,Xinjiang Uygur,China,43.807,87.5731,3575000
Zhangzhou,Fujian,China,24.5204,117.67,3531147
Salvador,Bahia,Brazil,-12.968,-38.4819,3484000
Busan,Busan,South Korea,35.097,129.0081,3480000
Johannesburg,Gauteng,South Africa,-26.1681,28.0281,3435000
Berlin,Berlin,Germany,52.5238,13.3996,3406000
Algiers,Alger,Algeria,36.765,3.0486,3354000
Rome,Lazio,Italy,41.8979,12.4813,3339000
Pyongyang,P'yongyang,North Korea,39.0214,125.7527,3300000
Medellín,Antioquia,Colombia,6.2769,-75.577,3297000
Kabul,Kabul,Afghanistan,34.5186,69.1813,3277000
Athens,Attiki,Greece,37.9853,23.7314,3242000
Nagoya,Aichi,Japan,35.1569,136.913,3230000
Cape Town,Western Cape,South Africa,-33.9181,18.433,3215000
Changchun,Jilin,China,43.867,125.338,3183000
Casablanca,Grand Casablanca,Morocco,33.6019,-7.6183,3181000
Dalian,Liaoning,China,38.9248,121.6279,3167000
Kanpur,Uttar Pradesh,India,26.4619,80.318,3162000
Kano,Kano,Nigeria,12.0019,8.5181,3140000
Tel Aviv,Tel Aviv,Israel,32.0819,34.7681,3112000
Addis Ababa,Addis Ababa,Ethiopia,9.0353,38.6981,3100000
Curitiba,Paraná,Brazil,-25.4181,-49.3219,3084000
Zibo,Shandong,China,36.8019,118.048,3061000
Jeddah,Makkah,Saudi Arabia,21.5188,39.2173,3012000
Nairobi,Nairobi,Kenya,-1.2814,36.8147,3010000
Hangzhou,Zhejiang,China,30.2519,120.1681,3007000
Benoni,Gauteng,South Africa,-26.1476,28.328,2986000
Caracas,Distrito Capital,Venezuela,10.5029,-66.919,2985000
Milan,Lombardia,Italy,45.4719,9.2031,2945000
Stuttgart,Baden-Württemberg,Germany,48.78,9.2,2944700
Kunming,Yunnan,China,25.0719,102.678,2931000
Dar es Salaam,Dar-Es-Salaam,Tanzania,-6.7981,39.2664,2930000
Jaipur,Rajasthan,India,26.9231,75.808,2917000
Taiyuan,Shanxi,China,37.877,112.5431,2913000
Frankfurt,Hessen,Germany,50.1,8.675,2895000
Qingdao,Shandong,China,36.0919,120.3281,2866000
Surabaya,Jawa Timur,Indonesia,-7.2473,112.7489,2845000
Lisbon,Lisboa,Portugal,38.7247,-9.1468,2812000
Jinan,Shandong,China,36.6769,116.9931,2798000
Fukuoka,Fukuoka,Japan,33.597,130.4081,2792000
Campinas,São Paulo,Brazil,-22.8981,-47.102,2791000
Kaohsiung,Kaohsiung City,Taiwan,22.6333,120.2666,2769072
Quezon City,Metropolitan Manila,Philippines,14.6504,121.03,2761720
Katowice,Silesian,Poland,50.2604,19.02,2746000
Aleppo,Aleppo (Halab),Syria,36.2319,37.1681,2738000
Durban,KwaZulu-Natal,South Africa,-29.8631,30.9781,2729000
Kyiv,Kiev,Ukraine,50.4353,30.5147,2709000
Lucknow,Uttar Pradesh,India,26.857,80.9131,2695000
Giza,Al Jizah,Egypt,30.01,31.19,2681863
Chicago,IL,United States,41.837,-87.6849,2664452
Zhengzhou,Henan,China,34.7569,113.6631,2636000
Taichung,Taichung City,Taiwan,24.1521,120.6817,2629323
Ibadan,Oyo,Nigeria,7.382,3.928,2628000
Faisalabad,Punjab,Pakistan,31.4119,73.1081,2617000
Fuzhou,Fujian,China,26.0819,119.2981,2606000
Changsha,Hunan,China,28.2019,112.968,2604000
Dakar,Dakar,Senegal,14.7178,-17.4751,2604000
İzmir,Izmir,Turkey,38.4381,27.1498,2587000
Xiangtan,Hunan,China,27.8504,112.9,2586948
Lanzhou,Gansu,China,36.058,103.7901,2561000
Incheon,Inch'on-gwangyoksi,South Korea,37.4781,126.6403,2550000
Sapporo,Hokkaido,Japan,43.0769,141.3381,2544000
Xiamen,Fujian,China,24.4519,118.0781,2519000
Guayaquil,Guayas,Ecuador,-2.2181,-79.922,2514000
George Town,Pulau Pinang,Malaysia,5.4136,100.3294,2500000
San Juan,,Puerto Rico,18.44,-66.13,2478905
Mashhad,Razavi Khorasan,Iran,36.272,59.5681,2469000
Damascus,Damascus,Syria,33.502,36.2981,2466000
Daegu,Taegu-gwangyoksi,South Korea,35.8687,128.605,2460000
Nagpur,Maharashtra,India,21.1719,79.088,2454000
Jinxi,Liaoning,China,40.7523,120.828,2426000
Shijiazhuang,Hebei,China,38.052,114.478,2417000
Tunis,Tunis,Tunisia,36.8028,10.1797,2412500
Vienna,Wien,Austria,48.202,16.3647,2400000
Jilin,Jilin,China,43.8519,126.5481,2396000
Omdurman,Khartoum,Sudan,15.6167,32.48,2395159
Bandung,Jawa Barat,Indonesia,-6.9481,107.5681,2394000
Bekasi,Jakarta Raya,Indonesia,-6.2173,106.9723,2378211
Mannheim,Baden-Württemberg,Germany,49.5004,8.47,2362000
Nanchang,Jiangxi,China,28.6819,115.8781,2350000
Wenzhou,Zhejiang,China,28.0219,120.6481,2350000
Houston,TX,United States,29.7857,-95.3888,2314157
Vancouver,British Columbia,Canada,49.2754,-123.1236,2313328
Birmingham,West Midlands,United Kingdom,52.4769,-1.9219,2285000
Cali,Valle del Cauca,Colombia,3.4019,-76.5019,2254000
Naples,Campania,Italy,40.842,14.2431,2250000
Sendai,Miyagi,Japan,38.2891,141.0198,2250000
Manchester,Manchester,United Kingdom,53.5024,-2.2499,2230000
Puebla,Puebla,Mexico,19.0519,-98.202,2195000
Tripoli,Tajura' wa an Nawahi al Arba,Libya,32.8925,13.18,2189000
Tashkent,Tashkent,Uzbekistan,41.3136,69.293,2184000
Nanchong,Sichuan,China,30.7824,106.1281,2174000
Havana,Ciudad de la Habana,Cuba,23.1339,-82.3661,2174000
Belém,Pará,Brazil,-1.4481,-48.482,2167000
Nanning,Guangxi,China,22.8219,108.3181,2167000
Patna,Bihar,India,25.6269,85.1281,2158000
Santo Domingo,Distrito Nacional,Dominican Republic,18.472,-69.902,2154000
Zaozhuang,Shandong,China,34.8819,117.5681,2145000
Baku,Baki,Azerbaijan,40.3972,49.8603,2122300
Accra,Greater Accra,Ghana,5.552,-0.2187,2121000
Yantai,Shandong,China,37.5324,121.3981,2116000
Medan,Sumatera Utara,Indonesia,3.5819,98.6481,2115000
Santa Cruz,Santa Cruz,Bolivia,-17.752,-63.2279,2102998
Xuzhou,Jiangsu,China,34.282,117.1781,2091000
Linyi,Shandong,China,35.0819,118.328,2082000
Maracaibo,Zulia,Venezuela,10.7319,-71.6619,2072000
Kuwait City,Al Kuwayt,Kuwait,29.3717,47.9764,2063000
Dammam,Ash Sharqiyah,Saudi Arabia,26.4301,50.0977,2054710
Haikou,Hainan,China,20.05,110.32,2046189
Hiroshima,Hiroshima,Japan,34.3898,132.441,2045000
Baotou,Nei Mongol,China,40.6542,109.8201,2036000
Hefei,Anhui,China,31.852,117.2781,2035000
Indore,Madhya Pradesh,India,22.717,75.8631,2026000
Goiânia,Goiás,Brazil,-16.7181,-49.302,2022000
Sanaa,Amanat Al Asimah,Yemen,15.3567,44.2046,2008000
Port-au-Prince,Ouest,Haiti,18.543,-72.338,1998000
Haiphong,Qu?ng Ninh,Vietnam,20.832,106.6781,1969000
Suzhou,Anhui,China,33.6381,116.9769,1964000
Nanyang,Henan,China,33.0023,112.5281,1944000
Bucharest,Bucharest,Romania,44.4353,26.098,1942000
Ningbo,Zhejiang,China,29.8819,121.5481,1923000
Douala,Littoral,Cameroon,4.0624,9.708,1906000
Tangshan,Hebei,China,39.6263,118.1924,1879000
Tainan,Tainan City,Taiwan,23.0,120.2,1876312
Datong,Shanxi,China,40.082,113.2981,1873000
Asunción,Asunción,Paraguay,-25.2945,-57.6435,1870000
Saidu,N.W.F.P.,Pakistan,34.75,72.35,1860310
Brisbane,Queensland,Australia,-27.4531,153.0331,1860000
Rawalpindi,Punjab,Pakistan,33.6019,73.0381,1858000
Beirut,Beirut,Lebanon,33.8739,35.5078,1846000
Minsk,Minsk,Belarus,53.9019,27.5647,1805000
Kyoto,Kyoto,Japan,35.0319,135.7481,1805000
Barranquilla,Atlántico,Colombia,10.9619,-74.8019,1798000
Shuyang,Jiangsu,China,34.1299,118.7734,1770000
Valencia,Carabobo,Venezuela,10.2319,-67.982,1770000
Hamburg,Hamburg,Germany,53.552,9.9981,1757000
Vadodara,Dadra and Nagar Haveli,India,22.312,73.1781,1756000
Manaus,Amazonas,Brazil,-3.0981,-60.002,1753000
Shangqiu,Henan,China,34.4524,115.6481,1753000
Wuxi,Jiangsu,China,31.5819,120.298,1749000
Palembang,Sumatera Selatan,Indonesia,-2.9781,104.7481,1749000
Brussels,Brussels,Belgium,50.8353,4.3314,1743000
Essen,Nordrhein-Westfalen,Germany,51.45,7.0166,1742135
Bhopal,Madhya Pradesh,India,23.2519,77.408,1727000
Hohhot,Nei Mongol,China,40.8219,111.6581,1726000
Luoyang,Henan,China,34.6819,112.4681,1715000
Santos,São Paulo,Brazil,-23.9518,-46.3349,1709000
Jianmen,Hubei,China,30.652,113.1581,1708000
Warsaw,Masovian,Poland,52.2519,20.9981,1707000
Rabat,Rabat - Salé - Zemmour - Zaer,Morocco,34.0253,-6.8364,1705000
Vitória,Espírito Santo,Brazil,-20.322,-40.3679,1704000
Quito,Pichincha,Ecuador,-0.213,-78.502,1701000
Antananarivo,Antananarivo,Madagascar,-18.9147,47.5147,1697000
Coimbatore,Tamil Nadu,India,11.0019,76.9481,1696000
Daqing,Heilongjiang,China,46.5819,124.9981,1693000
Luan,Anhui,China,31.7523,116.4781,1690000
Wanzhou,Chongqing,China,30.82,108.4,1680000
Budapest,Budapest,Hungary,47.502,19.0814,1679000
Turin,Piemonte,Italy,45.0723,7.668,1652000
Phoenix,AZ,United States,33.5722,-112.0901,1650070
Suzhou,Jiangsu,China,31.3024,120.6181,1650000
Ludhiana,Punjab,India,30.9297,75.8703,1649000
Kumasi,Ashanti,Ghana,6.6919,-1.632,1646000
Qiqihar,Heilongjiang,China,47.3469,123.988,1641000
Anshan,Liaoning,China,41.117,122.9381,1639000
Zhongli,Taoyuan,Taiwan,24.965,121.2168,1632616
Handan,Hebei,China,36.5819,114.478,1631000
Taian,Shandong,China,36.2019,117.1181,1629000
Isfahan,Esfahan,Iran,32.702,51.6981,1628000
Yaoundé,Centre,Cameroon,3.8686,11.5147,1611000
Shantou,Guangdong,China,23.372,116.6681,1601000
Agra,Uttar Pradesh,India,27.1724,78.0131,1592000
La Paz,La Paz,Bolivia,-16.496,-68.1519,1590000
Zhanjiang,Guangdong,China,21.2019,110.3781,1590000
Kalyan,Maharashtra,India,19.2502,73.1602,1576614
Abuja,Federal Capital Territory,Nigeria,9.0853,7.5314,1576000
Harare,Harare,Zimbabwe,-17.8158,31.0428,1572000
Xiantao,Hubei,China,30.3724,113.4381,1556000
Khulna,Khulna,Bangladesh,22.8419,89.5581,1553000
Weifang,Shandong,China,36.7224,119.0982,1553000
Tijuana,Baja California,Mexico,32.502,-117.0819,1553000
Santiago,Santiago,Dominican Republic,19.5,-70.67,1550753
Philadelphia,PA,United States,40.0094,-75.1333,1550542
Xinyang,Henan,China,32.1323,114.068,1541000
Luzhou,Sichuan,China,28.8819,105.3781,1537000
Perth,Western Australia,Australia,-31.9531,115.8381,1532000
Toluca,México,Mexico,19.3323,-99.6719,1531000
Vishakhapatnam,Andhra Pradesh,India,17.732,83.303,1529000
Leeds,West Yorkshire,United Kingdom,53.832,-1.582,1529000
Kōbe,Hyogo,Japan,34.68,135.17,1528478
Multan,Punjab,Pakistan,30.2019,71.4531,1522000
Kochi,Kerala,India,10.017,76.222,1519000
Gujranwala,Punjab,Pakistan,32.1624,74.1831,1513000
Montevideo,Montevideo,Uruguay,-34.8561,-56.173,1513000
Niterói,Rio de Janeiro,Brazil,-22.9,-43.1,1500513
Ganzhou,Jiangxi,China,25.92,114.95,1500000
Florence,Toscana,Italy,43.78,11.25,1500000
Liuzhou,Guangxi,China,24.2819,109.2481,1497000
San Antonio,TX,United States,29.4628,-98.5246,1495295
Conakry,Conakry,Guinea,9.5335,-13.6822,1494000
Bamako,Bamako,Mali,12.652,-8.002,1494000
Bursa,Bursa,Turkey,40.2019,29.0681,1492000
León,Guanajuato,Mexico,21.1519,-101.702,1488000
Nasik,Maharashtra,India,20.0024,73.778,1473000
Fushun,Liaoning,China,41.8673,123.8681,1470000
Changde,Hunan,China,29.0319,111.6781,1469000
Daejeon,Daejeon,South Korea,36.3375,127.4231,1468000
Phnom Penh,Phnom Penh,Cambodia,11.552,104.9147,1466000
Neijiang,Sichuan,China,29.5823,105.0481,1466000
Quanzhou,Fujian,China,24.902,118.578,1463000
Kharkiv,Kharkiv,Ukraine,50.0019,36.2481,1461000
Hyderabad,Sind,Pakistan,25.3819,68.373,1459000
Córdoba,Córdoba,Argentina,-31.398,-64.1842,1452000
Lomé,Maritime,Togo,6.1339,1.2208,1452000
Huainan,Anhui,China,32.6319,116.978,1451000
Doha,Ad Dawhah,Qatar,25.2866,51.533,1450000
Kuala Lumpur,Selangor,Malaysia,3.1686,101.698,1448000
Maputo,Maputo,Mozambique,-25.9533,32.5872,1446000
Kaduna,Kaduna,Nigeria,10.522,7.4381,1442000
Gwangju,Kwangju-gwangyoksi,South Korea,35.1729,126.9085,1440000
Kawasaki,Kanagawa,Japan,35.53,139.705,1437266
San Salvador,San Salvador,El Salvador,13.7119,-89.205,1433000
Suining,Sichuan,China,30.5353,105.5314,1425000
Lyon,Rhône-Alpes,France,45.772,4.8281,1423000
Karaj,Tehran,Iran,35.8023,50.9681,1423000
Kampala,Kampala,Uganda,0.3186,32.5814,1420000
Tabriz,East Azarbaijan,Iran,38.0882,46.2993,1413000
The Hague,Zuid-Holland,Netherlands,52.08,4.27,1406000
Davao,Davao Del Sur,Philippines,7.112,125.6281,1402000
Marseille,Provence-Alpes-Côte-d'Azur,France,43.2919,5.3731,1400000
Meerut,Uttar Pradesh,India,29.0024,77.6981,1398000
Mianyang,Sichuan,China,31.4719,104.768,1396000
Semarang,Jawa Tengah,Indonesia,-6.9647,110.4181,1396000
Faridabad,Haryana,India,28.4353,77.3147,1394000
Novosibirsk,Novosibirsk,Russia,55.0319,82.9581,1389000
San Diego,CA,United States,32.815,-117.1356,1388320
Makkah,Makkah,Saudi Arabia,21.432,39.8181,1385000
Dubai,Dubay,United Arab Emirates,25.2319,55.278,1379000
Auckland,Auckland,New Zealand,-36.8481,174.763,1377200
Maanshan,Anhui,China,31.7304,118.48,1366302
Brazzaville,Pool,Congo (Brazzaville),-4.2572,15.2827,1355000
Yiyang,Hunan,China,28.6024,112.3281,1352000
Lubumbashi,Katanga,Congo (Kinshasa),-11.6781,27.4781,1352000
Varanasi,Uttar Pradesh,India,25.3319,82.9981,1352000
Ciudad Juárez,Chihuahua,Mexico,31.6923,-106.492,1343000
Ghaziabad,Uttar Pradesh,India,28.6623,77.4064,1341000
Heze,Shandong,China,35.2319,115.4481,1338000
Pretoria,Gauteng,South Africa,-25.705,28.2275,1338000
Porto,Porto,Portugal,41.152,-8.6219,1337000
Asansol,West Bengal,India,23.6853,86.9814,1328000
Lusaka,Lusaka,Zambia,-15.4147,28.2814,1328000
Changzhou,Jiangsu,China,31.7819,119.968,1327000
Mosul,Ninawa,Iraq,36.3469,43.1431,1316000
Yekaterinburg,Sverdlovsk,Russia,56.852,60.598,1313000
Peshawar,N.W.F.P.,Pakistan,34.007,71.5331,1303000
Dallas,TX,United States,32.7933,-96.7665,1302868
Jamshedpur,Jharkhand,India,22.7895,86.1956,1300000
Mandalay,Mandalay,Myanmar,21.9719,96.0831,1300000
Mbuji-Mayi,Kasaï-Oriental,Congo (Kinshasa),-6.1481,23.5981,1295000
Madurai,Tamil Nadu,India,9.922,78.1181,1294000
Adana,Adana,Turkey,36.9969,35.3181,1293000
Sheffield,South Yorkshire,United Kingdom,53.3667,-1.5,1292900
Jabalpur,Madhya Pradesh,India,23.177,79.9531,1285000
San José,San José,Costa Rica,9.937,-84.086,1284000
Panama City,Panama,Panama,8.97,-79.535,1281000
Nizhny Novgorod,Nizhegorod,Russia,56.335,43.9981,1278000
Chifeng,Nei Mongol,China,42.272,118.948,1277000
Duisburg,Nordrhein-Westfalen,Germany,51.43,6.75,1276757
Munich,Bayern,Germany,48.1319,11.573,1275000
Huaiyin,Jiangsu,China,33.5819,119.028,1264000
Stockholm,Stockholm,Sweden,59.3527,18.0954,1264000
Makassar,Sulawesi Selatan,Indonesia,-5.138,119.4301,1262000
Rajkot,Dadra and Nagar Haveli,India,22.312,70.7981,1260000
Dhanbad,Jharkhand,India,23.8023,86.418,1246000
Mudangiang,Heilongjiang,China,44.577,129.5881,1244000
Shiraz,Fars,Iran,29.6319,52.5681,1240000
Geneva,Genève,Switzerland,46.21,6.14,1240000
Huzhou,Zhejiang,China,30.8723,120.0981,1231000
Tianshui,Gansu,China,34.602,105.918,1225000
Liupanshui,Guizhou,China,26.5964,104.8314,1221000
Düsseldorf,Nordrhein-Westfalen,Germany,51.2204,6.78,1220000
Maoming,Guangdong,China,21.9204,110.87,1217715
Seville,Andalucía,Spain,37.405,-5.98,1212045
Amritsar,Punjab,India,31.6419,74.868,1212000
Vila Velha,Amapi,Brazil,3.2167,-51.2167,1209091
Vila Velha,Espírito Santo,Brazil,-20.3676,-40.318,1209091
Almaty,Almaty,Kazakhstan,43.3269,76.9131,1209000
Warangal,Telangana,India,18.01,79.58,1203853
Rosario,Santa Fe,Argentina,-32.9492,-60.6683,1203000
Allahabad,Uttar Pradesh,India,25.4569,81.8381,1201000
Benin City,Edo,Nigeria,6.3424,5.6181,1190000
Maceió,Alagoas,Brazil,-9.6181,-35.7319,1186000
Jining,Shandong,China,35.4024,116.5481,1186000
Sofia,Grad Sofiya,Bulgaria,42.6853,23.3147,1185000
Abbottabad,N.W.F.P.,Pakistan,34.1495,73.1995,1183647
Banghazi,Benghazi,Libya,32.1187,20.0648,1180000
Cilacap,Jawa Tengah,Indonesia,-7.7188,109.0154,1174964
Prague,Prague,Czechia,50.0853,14.464,1162000
Glasgow,Glasgow,United Kingdom,55.8764,-4.2527,1160000
Leshan,Sichuan,China,29.569,103.7314,1157000
Ouagadougou,Kadiogo,Burkina Faso,12.3723,-1.5267,1149000
Adelaide,South Australia,Australia,-34.933,138.5981,1145000
Ottawa,Ontario,Canada,45.4186,-75.702,1145000
Shangrao,Jiangxi,China,28.4704,117.97,1144577
Torreón,Coahuila,Mexico,25.572,-103.4219,1144000
Srinagar,Jammu and Kashmir,India,34.1019,74.8131,1140000
Vijayawada,Andhra Pradesh,India,16.5219,80.6281,1137000
Samara,Samara,Russia,53.197,50.1493,1137000
Omsk,Omsk,Russia,54.9919,73.398,1135000
Yulin,Guangxi,China,22.6319,110.1481,1127000
Nampo,Namp'o-si,North Korea,38.7689,125.4505,1127000
Xianyang,Shaanxi,China,34.3475,108.7128,1126000
Cagayan de Oro,Misamis Oriental,Philippines,8.4508,124.6853,1121561
Can Tho,d?ng b?ng sông C?u Long,Vietnam,10.05,105.77,1121000
Barquisimeto,Lara,Venezuela,10.0519,-69.3019,1116000
Helsinki,Southern Finland,Finland,60.1775,24.9322,1115000
Kazan,Tatarstan,Russia,55.7519,49.1244,1115000
Aurangabad,Maharashtra,India,19.8976,75.3184,1113000
Calgary,Alberta,Canada,51.0849,-114.0819,1110000
Nezahualcoyotl,México,Mexico,19.41,-99.03,1109363
Zürich,Zürich,Switzerland,47.3819,8.5481,1108000
Baoding,Hebei,China,38.8724,115.4781,1107000
Zigong,Sichuan,China,29.4019,104.7781,1105000
Sharjah,Sharjah,United Arab Emirates,25.3714,55.4065,1103027
Yerevan,Erevan,Armenia,40.1831,44.5116,1102000
Huambo,Huambo,Angola,-12.748,15.7581,1100000
Ankang,Shaanxi,China,32.68,109.02,1100000
Tbilisi,Tbilisi,Georgia,41.727,44.7888,1100000
Mogadishu,Banaadir,Somalia,2.0686,45.3647,1100000
Ikare,Ondo,Nigeria,7.5304,5.76,1099931
Belgrade,Grad Beograd,Serbia,44.8206,20.466,1099000
Bhilai,Chhattisgarh,India,21.2186,81.4314,1097000
Jinhua,Zhejiang,China,29.12,119.65,1092852
Chelyabinsk,Chelyabinsk,Russia,55.1569,61.4367,1091000
Natal,Rio Grande do Norte,Brazil,-5.7781,-35.242,1088000
Dushanbe,Tadzhikistan Territories,Tajikistan,38.56,68.7739,1086244
København,Hovedstaden,Denmark,55.6805,12.5615,1085000
Changwon,Gyeongsangnam-do,South Korea,35.2191,128.5836,1081499
Zhuzhou,Hunan,China,27.8319,113.1481,1080000
Suwon,Gyeonggi-do,South Korea,37.2597,127.0089,1078000
Vereeniging,Gauteng,South Africa,-26.6477,27.958,1074000
Xiangyang,Hubei,China,32.0219,112.1281,1069000
Ulsan,Ulsan,South Korea,35.5487,129.315,1061000
Zhucheng,Shandong,China,35.99,119.3801,1060000
Amman,Amman,Jordan,31.952,35.9314,1060000
Dublin,Dublin,Ireland,53.335,-6.2509,1059000
Edmonton,Alberta,Canada,53.552,-113.5019,1058000
Sholapur,Maharashtra,India,17.6724,75.8981,1057000
Rostov,Rostov,Russia,47.2366,39.7107,1052000
Dnipro,Dnipropetrovs'k,Ukraine,48.4819,34.9981,1050000
Xining,Gansu,China,36.6219,101.7681,1048000
Zhangjiakou,Hebei,China,40.8319,114.928,1046000
Lille,Nord-Pas-de-Calais,France,50.6519,3.0781,1044000
Ranchi,Jharkhand,India,23.372,85.3281,1044000
Gaziantep,Gaziantep,Turkey,37.0769,37.383,1044000
Monrovia,Montserrado,Liberia,6.3146,-10.7997,1041000
São Luís,Maranhão,Brazil,-2.514,-44.2679,1038000
Amsterdam,Noord-Holland,Netherlands,52.3519,4.9147,1031000
Jerusalem,Jerusalem,Israel,31.7784,35.2066,1029300
Guatemala City,Guatemala,Guatemala,14.6231,-90.5289,1024000
Florianópolis,Santa Catarina,Brazil,-27.578,-48.522,1023000
Zhuhai,Guangdong,China,22.2789,113.5658,1023000
Port Elizabeth,Eastern Cape,South Africa,-33.9681,25.5981,1021000
Jiamusi,Heilongjiang,China,46.832,130.3481,1020000
Port Harcourt,Rivers,Nigeria,4.8119,7.0081,1020000
Ufa,Bashkortostan,Russia,54.7919,56.0381,1018000
Hengyang,Hunan,China,26.882,112.5881,1016000
Benxi,Liaoning,China,41.3323,123.7481,1012000
Haifa,Haifa,Israel,32.8224,34.9781,1011000
Medina,Al Madinah,Saudi Arabia,24.5019,39.5781,1010000
Bucaramanga,Santander,Colombia,7.132,-73.1278,1009000
Maracay,Aragua,Venezuela,10.2488,-67.5978,1007000
Rotterdam,Zuid-Holland,Netherlands,51.9219,4.478,1005000
Homs,Homs (Hims),Syria,34.7319,36.7181,1005000
Cologne,Nordrhein-Westfalen,Germany,50.932,6.9481,1004000
Qinhuangdao,Hebei,China,39.9323,119.6181,1003000
Fez,Fès - Boulemane,Morocco,34.0565,-5.0023,1002000
Cochabamba,Cochabamba,Bolivia,-17.41,-66.17,1000000
Yongzhou,Hunan,China,26.2323,111.6181,1000000
Baoshan,Yunnan,China,25.12,99.15,1000000
Da Nang,Ðà N?ng,Vietnam,16.06,108.25,1000000
Aden,`Adan,Yemen,12.7797,45.0095,1000000
Kitakyūshū,Fukuoka,Japan,33.8704,130.82,997536
Perm,Perm',Russia,58.0019,56.248,997000
Ahvaz,Khuzestan,Iran,31.2819,48.7181,996000
Jodhpur,Rajasthan,India,26.2937,73.0148,995000
San Luis Potosí,San Luis Potosí,Mexico,22.1719,-101.0019,992000
Yinchuan,Ningxia Hui,China,38.4699,106.2711,991000
Odessa,Odessa,Ukraine,46.492,30.7081,991000
N'Djamena,Hadjer-Lamis,Chad,12.115,15.0472,989000
Joinville,Santa Catarina,Brazil,-26.318,-48.8419,988000
Jiaxing,Zhejiang,China,30.7724,120.748,988000
Donetsk,Donets'k,Ukraine,48.0019,37.828,988000
Guilin,Guangxi,China,25.2819,110.2781,987000
Duhok,Dihok,Iraq,36.8667,43.0,986000
Jacksonville,FL,United States,30.3369,-81.6616,985843
Volgograd,Volgograd,Russia,48.712,44.498,984000
Guwahati,Assam,India,26.162,91.768,983000
Yichun,Jiangxi,China,27.8353,114.3981,982000
Yangquan,Shanxi,China,37.87,113.57,981448
Natal,Amazonas,Brazil,-6.9838,-60.2699,980588
Austin,TX,United States,30.2986,-97.7541,979882
Chandigarh,Chandigarh,India,30.7219,76.7781,979000
Fort Worth,TX,United States,32.782,-97.3486,978468
Gwalior,Madhya Pradesh,India,26.2319,78.1781,978000
Hamamatsu,Shizuoka,Japan,34.7181,137.7327,977023
Qom,Qom,Iran,34.652,50.9481,973000
San Jose,CA,United States,37.296,-121.8146,969655
Jixi,Heilongjiang,China,45.3019,130.9681,965000
Mérida,Yucatán,Mexico,20.9686,-89.6186,965000
Xinyi,Jiangsu,China,34.38,118.35,962656
Pingxiang,Jiangxi,China,27.622,113.8481,961000
Querétaro,Querétaro,Mexico,20.632,-100.3819,961000
João Pessoa,Paraíba,Brazil,-7.0992,-34.878,956000
Jinzhou,Liaoning,China,41.1223,121.0981,956000
Kelang,Selangor,Malaysia,3.0223,101.5481,956000
Salerno,Campania,Italy,40.6804,14.7699,954265
Thiruvananthapuram,Kerala,India,8.5019,76.9481,954000
Kozhikode,Kerala,India,11.2524,75.768,953000
Tiruchirappalli,Tamil Nadu,India,10.8119,78.688,951000
Ogbomosho,Oyo,Nigeria,8.132,4.238,951000
General Santos,South Cotabato,Philippines,6.1108,125.1747,950530
Hue,Th?a Thiên - Hu?,Vietnam,16.47,107.58,950000
Bacolod,Negros Occidental,Philippines,10.6317,122.9817,949354
Nantong,Jiangsu,China,32.0323,120.8231,947000
Tegucigalpa,Francisco Morazán,Honduras,14.104,-87.2195,946000
Foshan,Guangdong,China,23.032,113.1181,943000
Songnam,Gyeonggi-do,South Korea,37.4406,127.1358,942000
Kingston,Kingston,Jamaica,17.9771,-76.7674,937700
Naypyidaw,Mandalay,Myanmar,19.7685,96.1167,930000
Nice,Provence-Alpes-Côte-d'Azur,France,43.717,7.2631,927000
Irbil,Arbil,Iraq,36.181,44.0067,926000
Krasnoyarsk,Krasnoyarsk,Russia,56.0159,92.8641,925000
Djibouti,Djibouti,Djibouti,11.595,43.148,923000
Olinda,Pernambuco,Brazil,-8.0,-34.85,921840
Antwerpen,Antwerp,Belgium,51.2223,4.4131,920000
Managua,Managua,Nicaragua,12.155,-86.2704,920000
Konya,Konya,Turkey,37.877,32.4731,919000
Bogor,Jawa Barat,Indonesia,-6.5681,106.7481,918000
Niamey,Niamey,Niger,13.5187,2.1147,915000
Columbus,OH,United States,39.9839,-82.9849,913175
Huaibei,Anhui,China,33.9523,116.7481,913000
Xinyu,Jiangxi,China,27.802,114.928,913000
Charlotte,NC,United States,35.209,-80.831,911311
Teresina,Piauí,Brazil,-5.0931,-42.782,907000
Naha,Okinawa,Japan,26.2072,127.673,905238
Xinxiang,Henan,China,35.3224,113.868,903000
Goyang,Gyeonggi-do,South Korea,37.6547,126.8353,903000
Yibin,Sichuan,China,28.7719,104.5681,902000
Aba,Abia,Nigeria,5.1004,7.35,897560
Maiduguri,Borno,Nigeria,11.8519,13.1581,896000
Tirana,Durrës,Albania,41.3275,19.8189,895350
Kathmandu,Bhaktapur,Nepal,27.7186,85.3147,895000
Az Zarqa,Zarqa,Jordan,32.07,36.1,894691
Tarsus,Mersin,Turkey,36.9204,34.88,894318
Bengbu,Anhui,China,32.9519,117.3281,894000
Mendoza,Mendoza,Argentina,-32.8814,-68.8186,893000
Hubballi,Karnataka,India,15.3619,75.1231,890000
Concepción,Bío-Bío,Chile,-36.83,-73.05,889725
Zaria,Kaduna,Nigeria,11.0819,7.7081,889000
Anyang,Henan,China,36.0819,114.3481,887000
Cartagena,Bolívar,Colombia,10.4017,-75.5163,887000
Mysuru,Karnataka,India,12.3119,76.6581,887000
Mexicali,Baja California,Mexico,32.6519,-115.482,885000
Ulaanbaatar,Ulaanbaatar,Mongolia,47.9186,106.9147,885000
Tongliao,Nei Mongol,China,43.6219,122.268,884000
Mombasa,Coast,Kenya,-4.0381,39.688,882000
Newcastle,Tyne and Wear,United Kingdom,55.0023,-1.6019,882000
Bandar Lampung,Lampung,Indonesia,-5.4496,105.3,881801
Indianapolis city,IN,United States,39.7767,-86.1459,879293
Novo Hamburgo,Rio Grande do Sul,Brazil,-29.7096,-51.14,876990
Callao,Lima,Peru,-12.07,-77.135,876877
Bilbao,País Vasco,Spain,43.25,-2.93,875552
Yichang,Hubei,China,30.7019,111.2781,875000
Raipur,Chhattisgarh,India,21.2369,81.6331,875000
Johor Bahru,Johor,Malaysia,1.482,103.7281,875000
Salem,Tamil Nadu,India,11.6719,78.1781,873000
Yangjiang,Guangdong,China,21.8504,111.97,872363
Kaifeng,Henan,China,34.8519,114.3481,872000
Marrakesh,Marrakech - Tensift - Al Haouz,Morocco,31.6319,-8.0019,872000
Dandong,Liaoning,China,40.1456,124.3916,870000
Basra,Al-Basrah,Iraq,30.5155,47.8116,870000
Aguascalientes,Aguascalientes,Mexico,21.8814,-102.2924,869000
Okayama,Okayama,Japan,34.672,133.9171,866092
Xuanzhou,Anhui,China,30.9544,118.7533,866000
Bucheon,Gyeonggi-do,South Korea,37.5008,126.7811,866000
Rizhao,Shandong,China,35.4304,119.45,865000
Bandar Lampung,Lampung,Indonesia,-5.4281,105.2681,865000
Palermo,Sicily,Italy,38.127,13.3481,863000
Cardiff,Cardiff,United Kingdom,51.5,-3.225,861400
Kigali,Kigali City,Rwanda,-1.9516,30.0586,860000
Tampico,Tamaulipas,Mexico,22.3,-97.87,859419
Jiaozuo,Henan,China,35.252,113.2181,857000
Jullundur,Punjab,India,31.3369,75.5671,855000
Padang,Sumatera Barat,Indonesia,-0.9581,100.3581,855000
Valparaíso,Valparaíso,Chile,-33.0458,-71.623,854000
Zhenjiang,Jiangsu,China,32.2219,119.4281,854000
Shache,Xinjiang Uygur,China,38.4261,77.25,851374
Anshun,Guizhou,China,26.2523,105.9281,849000
Zunyi,Guizhou,China,27.702,106.9181,849000
Pingdingshan,Henan,China,33.7324,113.2981,849000
Toulouse,Midi-Pyrénées,France,43.6219,1.448,847000
Nova Iguaçu,Rio de Janeiro,Brazil,-22.74,-43.47,844583
Bhubaneswar,Orissa,India,20.2724,85.8254,844000
Voronezh,Voronezh,Russia,51.7319,39.2681,844000
Saratov,Saratov,Russia,51.5819,46.0281,843000
Duque de Caxias,Rio de Janeiro,Brazil,-22.77,-43.31,842890
Yuci,Shanxi,China,37.6823,112.7281,840000
Yancheng,Jiangsu,China,33.3875,120.1233,839000
Bishkek,Bishkek,Kyrgyzstan,42.875,74.5833,837000
Oslo,Oslo,Norway,59.9186,10.748,835000
Cuernavaca,Morelos,Mexico,18.9211,-99.24,834001
Linfen,Shanxi,China,36.0823,111.5181,834000
Bangui,Bangui,Central African Republic,4.3666,18.5583,831925
Warri,Delta,Nigeria,5.52,5.76,830106
Tucumán,Tucumán,Argentina,-26.8141,-65.2186,830000
Basel,Basel-Stadt,Switzerland,47.5804,7.59,830000
Kermanshah,Kermanshah,Iran,34.382,47.0581,828313
Thessaloniki,Kentriki Makedonia,Greece,40.6981,22.8831,828000
Kota,Rajasthan,India,25.1819,75.8331,827000
Freetown,Western,Sierra Leone,8.472,-13.2362,827000
Braga,Braga,Portugal,41.555,-8.4213,826833
Jhansi,Uttar Pradesh,India,25.453,78.5575,826494
Yueyang,Hunan,China,29.382,113.0981,826000
Nottingham,Nottingham,United Kingdom,52.9703,-1.17,825600
Agadir,Souss - Massa - Draâ,Morocco,30.44,-9.62,825467
Butterworth,Pulau Pinang,Malaysia,5.4171,100.4,821652
Bareilly,Uttar Pradesh,India,28.3473,79.4181,817000
Jos,Plateau,Nigeria,9.93,8.89,816824
Xingyi,Guizhou,China,25.0924,104.8881,816000
Arequipa,Arequipa,Peru,-16.418,-71.532,815000
Cebu,Cebu,Philippines,10.3219,123.8981,815000
Liverpool,Merseyside,United Kingdom,53.4179,-2.9199,811000
Rajshahi,Rajshahi,Bangladesh,24.3769,88.6031,810000
Wuhu,Anhui,China,31.3524,118.368,810000
Langfang,Hebei,China,39.5223,116.6781,810000
Zhaotang,Yunnan,China,27.3223,103.7181,809000
Culiacán,Sinaloa,Mexico,24.8319,-107.3819,809000
San Francisco,CA,United States,37.7272,-123.0322,808988
Valencia,Comunidad Valenciana,Spain,39.487,-0.402,808000
Cuiabá,Mato Grosso,Brazil,-15.5677,-56.0869,806000
Lingyuan,Liaoning,China,41.2419,119.3992,806000
Qui Nhon,Bình Ð?nh,Vietnam,13.78,109.18,805290
Aligarh,Uttar Pradesh,India,27.8942,78.0598,805000
Malang,Jawa Timur,Indonesia,-7.978,112.6081,805000
Lviv,L'viv,Ukraine,49.835,24.03,803880
Bordeaux,Aquitaine,France,44.852,-0.597,803000
Baoji,Shaanxi,China,34.38,107.15,800000
Pekanbaru,Riau,Indonesia,0.5669,101.4231,799000
Oran,Oran,Algeria,35.7119,-0.6219,798000
Yingkow,Liaoning,China,40.6723,122.2781,795000
Bhiwandi,Maharashtra,India,19.352,73.1281,795000
Liaoyang,Liaoning,China,41.2819,123.1781,794000
Chihuahua,Chihuahua,Mexico,28.6469,-106.0869,793000
Jammu,Jammu and Kashmir,India,32.7137,74.8448,791000
Malacca,Melaka,Malaysia,2.2064,102.2465,788706
Zaporizhzhya,Zaporizhzhya,Ukraine,47.8592,35.1749,788000
Moradabad,Uttar Pradesh,India,28.8437,78.7548,787000
Antalya,Antalya,Turkey,36.8919,30.698,783000
Islamabad,F.C.T.,Pakistan,33.7019,73.1647,780000
Al Hudaydah,Al Hudaydah,Yemen,14.7999,42.951,780000
Campo Grande,Mato Grosso do Sul,Brazil,-20.4481,-54.6186,778000
Yichun,Heilongjiang,China,47.7019,128.898,777000
Shaoxing,Zhejiang,China,30.0023,120.5681,777000
Mangaluru,Karnataka,India,12.9,74.85,776632
Wuppertal,Nordrhein-Westfalen,Germany,51.25,7.17,776525
Cheongju,Chungcheongbuk-do,South Korea,36.6439,127.5012,775096
Hamhung,Hamgyong-namdo,North Korea,39.912,127.5435,773000
Zamboanga,Zamboanga del Sur,Philippines,6.9219,122.0781,773000
Fuyang,Zhejiang,China,30.0553,119.95,771000
Ilorin,Kwara,Nigeria,8.492,4.548,771000
Saarbrücken,Saarland,Germany,49.2504,6.97,770001
Shiyan,Hubei,China,32.57,110.78,770000
Fuxin,Liaoning,China,42.0124,121.6581,770000
Quetta,Baluchistan,Pakistan,30.2219,67.023,768000
Trujillo,La Libertad,Peru,-8.12,-79.02,765171
Kananga,Kasaï-Occidental,Congo (Kinshasa),-5.8881,22.3981,765000
Trabzon,Trabzon,Turkey,40.98,39.72,764714
Cotonou,Ouémé,Benin,6.402,2.518,762000
Jincheng,Shanxi,China,35.5004,112.83,760000
Łódź,Lódz,Poland,51.7769,19.4494,758000
Kraków,Lesser Poland,Poland,50.0619,19.9581,756000
Seattle,WA,United States,47.6193,-122.3515,755078
Vientiane,Vientiane [prefecture],Laos,17.9667,102.6,754000
Saltillo,Coahuila,Mexico,25.4219,-101.0069,754000
São José dos Campos,São Paulo,Brazil,-23.2,-45.8799,753769
Taizz,Ta`izz,Yemen,13.6064,44.0375,751000
Pietermaritzburg,KwaZulu-Natal,South Africa,-29.61,30.39,750845
Tangier,Tanger - Tétouan,Morocco,35.7473,-5.8327,750060
Kolhapur,Maharashtra,India,16.7,74.22,750000
Changhua,Changhua,Taiwan,24.0734,120.5134,750000
Hsinchu,Hsinchu City,Taiwan,24.8168,120.9767,750000
Fargona,Ferghana,Uzbekistan,40.39,71.78,750000
Namangan,Namangan,Uzbekistan,41.0,71.67,750000
Liège,Liege,Belgium,50.63,5.58,749110
Ciudad Guayana,Bolívar,Venezuela,8.37,-62.62,746535
Hegang,Heilongjiang,China,47.4,130.37,743307
Riga,Riga,Latvia,56.95,24.1,742572
Nouakchott,Nouakchott,Mauritania,18.0864,-15.9753,742144
Naga,Camarines Sur,Philippines,13.6192,123.1814,741635
Gdańsk,Pomeranian,Poland,54.36,18.64,740000
Ansan,Gyeonggi-do,South Korea,37.3481,126.8595,739493
Nürnberg,Bayern,Germany,49.45,11.08,737304
Oyo,Oyo,Nigeria,7.8504,3.93,736072
Muscat,Muscat,Oman,23.6133,58.5933,734697
Amravati,Maharashtra,India,20.95,77.77,734451
Denpasar,Bali,Indonesia,-8.65,115.22,732344
Sokoto,Sokoto,Nigeria,13.06,5.24,732178
Beihai,Guangxi,China,21.4804,109.1,728978
Ashgabat,Ahal,Turkmenistan,37.95,58.3833,727700
Bremen,Bremen,Germany,53.08,8.8,724909
As Sulaymaniyah,As-Sulaymaniyah,Iraq,35.5613,45.4309,723170
Zagreb,Grad Zagreb,Croatia,45.8,16.0,722526
Hanover,Niedersachsen,Germany,52.367,9.7167,722490
Cúcuta,Norte de Santander,Colombia,7.92,-72.52,722146
Hamilton,Ontario,Canada,43.25,-79.83,721053
Moshi,Kilimanjaro,Tanzania,-3.3396,37.34,721018
Shaoguan,Guangdong,China,24.8,113.58,720266
Kumamoto,Kumamoto,Japan,32.8009,130.7006,718232
Denver,CO,United States,39.7619,-104.8811,716577
Lianyungang,Jiangsu,China,34.6004,119.17,715600
Acapulco,Guerrero,Mexico,16.85,-99.916,715584
Kandahar,Kandahar,Afghanistan,31.61,65.6949,715542
Dehra Dun,Uttaranchal,India,30.3204,78.05,714223
Jeonju,Jeollabuk-do,South Korea,35.8314,127.1404,711424
Samarkand,Samarkand,Uzbekistan,39.67,66.945,708000
Qingyuan,Guangdong,China,23.7004,113.0301,706717
Changzhi,Shanxi,China,36.1839,113.1053,706000
Tolyatti,Samara,Russia,53.4804,49.53,702879
Oklahoma City,OK,United States,35.4671,-97.5137,702767
Jaboatao,Pernambuco,Brazil,-8.11,-35.02,702621
Shizuoka,Shizuoka,Japan,34.9858,138.3854,701561
Bulawayo,Bulawayo,Zimbabwe,-20.17,28.58,699385
Soledad,Atlántico,Colombia,10.92,-74.77,698852
Meknes,Meknès - Tafilalet,Morocco,33.9004,-5.56,697628
Sarajevo,Sarajevo,Bosnia and Herzegovina,43.85,18.383,696731
Aksu,Xinjiang Uygur,China,41.15,80.25,695000
La Plata,Ciudad de Buenos Aires,Argentina,-34.9096,-57.96,694253
Malegaon,Maharashtra,India,20.5604,74.525,690844
Enugu,Enugu,Nigeria,6.45,7.5,688862
Chișinău,Chisinau,Moldova,47.005,28.8577,688134
Huangshi,Hubei,China,30.22,115.1,688090
Nashville-Davidson,TN,United States,36.1718,-86.785,687788
Aracaju,Sergipe,Brazil,-10.9,-37.12,685356
Bonn,Nordrhein-Westfalen,Germany,50.7205,7.08,680543
San Pedro Sula,Cortés,Honduras,15.5,-88.03,680091
Washington,DC,United States,38.9042,-77.0165,678972
El Paso,TX,United States,31.8478,-106.4311,678958
Nellore,Andhra Pradesh,India,14.44,79.9899,678004
Catania,Sicily,Italy,37.5,15.08,674542
Gorakhpur,Uttar Pradesh,India,26.7504,83.38,674246
Ipoh,Perak,Malaysia,4.6,101.065,673318
Chongjin,Hamgyong-bukto,North Korea,41.7846,129.79,672614
Utsunomiya,Tochigi,Japan,36.55,139.87,667752
Puyang,Henan,China,35.7004,114.98,666322
Najaf,An-Najaf,Iraq,32.0003,44.3354,665552
São José dos Pinhais,Paraná,Brazil,-25.57,-49.18,665063
Santo André,São Paulo,Brazil,-23.6528,-46.5278,662373
Bytom,Silesian,Poland,50.35,18.91,662247
Las Vegas,NV,United States,36.2335,-115.264,660929
Pointe-Noire,Kouilou,Congo (Brazzaville),-4.77,11.88,659084
At Taif,Makkah,Saudi Arabia,21.2622,40.3823,657282
Ismaïlia,Al Isma`iliyah,Egypt,30.5903,32.26,656135
Shivamogga,Karnataka,India,13.9304,75.56,654055
Boston,MA,United States,42.3386,-71.0183,653833
Biên Hòa,Ðông Nam B?,Vietnam,10.97,106.8301,652646
Zhanyi,Yunnan,China,25.6005,103.8166,652604
Kryvyy Rih,Dnipropetrovs'k,Ukraine,47.9283,33.345,652380
Turpan,Xinjiang Uygur,China,42.9354,89.165,651853
Tiruppur,Tamil Nadu,India,11.0804,77.33,650000
Irbid,Irbid,Jordan,32.55,35.85,650000
Andijan,Andijon,Uzbekistan,40.79,72.34,650000
Krasnodar,Krasnodar,Russia,45.02,39.0,649851
Zaragoza,Aragón,Spain,41.65,-0.89,649404
Genoa,Liguria,Italy,44.41,8.93,647497
Lilongwe,Lilongwe,Malawi,-13.9833,33.7833,646750
Diyarbakır,Diyarbakir,Turkey,37.9204,40.23,644763
Morelia,Michoacán,Mexico,19.7334,-101.1895,644306
Ulyanovsk,Ul'yanovsk,Russia,54.33,48.41,640680
Shihezi,Xinjiang Uygur,China,44.3,86.0299,640000
Utrecht,Utrecht,Netherlands,52.1003,5.12,640000
Kikwit,Bandundu,Congo (Kinshasa),-5.03,18.85,637736
Hofuf,Ash Sharqiyah,Saudi Arabia,25.3487,49.5856,637389
Yogyakarta,Yogyakarta,Indonesia,-7.78,110.375,636660
Wrocław,Lower Silesian,Poland,51.1104,17.03,634893
Detroit,MI,United States,42.383,-83.1022,633218
Winnipeg,Manitoba,Canada,49.883,-97.166,632063
Izhevsk,Udmurt,Russia,56.85,53.23,631038
Portland,OR,United States,45.537,-122.65,630498
Zhuozhou,Beijing,China,39.5401,115.79,628000
Raurkela,Orissa,India,22.2304,84.83,625831
Québec,Québec,Canada,46.84,-71.2456,624177
Poznań,Greater Poland,Poland,52.4058,16.8999,623997
Bur Said,Bur Sa`id,Egypt,31.26,32.29,623864
Nanded,Maharashtra,India,19.17,77.3,623708
Louisville/Jefferson County,KY,United States,38.1654,-85.6474,622981
Bannu,N.W.F.P.,Pakistan,32.989,70.5986,622419
Asmara,Anseba,Eritrea,15.3333,38.9333,620802
Memphis,TN,United States,35.109,-89.9675,618639
Southend-on-Sea,Southend-on-Sea,United Kingdom,51.55,0.72,618386
Dresden,Sachsen,Germany,51.05,13.75,617515
Wiesbaden,Hessen,Germany,50.0804,8.25,617126
Icel,Mersin,Turkey,36.8,34.62,616990
Changping,Beijing,China,40.2248,116.1944,614821
Korla,Xinjiang Uygur,China,41.73,86.15,613000
Palu,Sulawesi Tengah,Indonesia,-0.907,119.833,612445
Taizhou,Jiangsu,China,32.4904,119.9,612356
Xiangtai,Hebei,China,37.05,114.5,611739
Samsun,Samsun,Turkey,41.28,36.3437,609339
Luxor,Qina,Egypt,25.7,32.65,609248
Belagavi,Karnataka,India,15.865,74.505,608756
Pontianak,Kalimantan Barat,Indonesia,-0.03,109.32,607311
Yaroslavl,Yaroslavl',Russia,57.62,39.87,606730
Constantine,Constantine,Algeria,36.36,6.5999,605179
Bandjarmasin,Kalimantan Selatan,Indonesia,-3.33,114.5801,603576
Abu Dhabi,Abu Dhabi,United Arab Emirates,24.4667,54.3666,603492
Kirkuk,At-Ta'mim,Iraq,35.4722,44.3923,601433
Sangli,Maharashtra,India,16.8604,74.575,601214
Barcelona,Anzoátegui,Venezuela,10.1304,-64.72,600954
Canoas,Rio Grande do Sul,Brazil,-29.92,-51.18,600000
El Mansura,Ad Daqahliyah,Egypt,31.0504,31.38,600000
Sohag,Suhaj,Egypt,26.5504,31.7,600000
Barnaul,Altay,Russia,53.355,83.745,599579
Zahedan,Sistan and Baluchestan,Iran,29.5,60.83,598887
Jalalabad,Nangarhar,Afghanistan,34.4415,70.4361,597971
Chiclayo,Lambayeque,Peru,-6.7629,-79.8366,596792
Hermosillo,Sonora,Mexico,29.0989,-110.9541,595811
Port Louis,,Mauritius,-20.1666,57.5,595491
Chandrapur,Maharashtra,India,19.97,79.3,595118
Al Hillah,Babil,Iraq,32.4721,44.4217,594605
Al Hillah,Ar Riyad,Saudi Arabia,23.4895,46.7564,594605
Rasht,Gilan,Iran,37.3,49.63,594590
Nagano,Nagano,Japan,36.65,138.17,594311
Vinh,Ngh? An,Vietnam,18.7,105.68,593645
Abeokuta,Ogun,Nigeria,7.1604,3.35,593100
Kayseri,Kayseri,Turkey,38.735,35.49,592840
Samarinda,Kalimantan Timur,Indonesia,-0.5,117.15,592228
Ajmer,Rajasthan,India,26.45,74.64,589985
Dortmund,Nordrhein-Westfalen,Germany,51.53,7.45,588462
Vladivostok,Primor'ye,Russia,43.13,131.91,587022
Irkutsk,Irkutsk,Russia,52.32,104.245,586695
Blantyre,Blantyre,Malawi,-15.79,34.9899,584877
Anqing,Anhui,China,30.5,117.05,580497
Hami,Xinjiang Uygur,China,42.827,93.515,580000
Cuttack,Orissa,India,20.47,85.8899,580000
Hachiōji,Tokyo,Japan,35.6577,139.3261,579399
Khabarovsk,Khabarovsk,Russia,48.455,135.12,579000
Veracruz,Veracruz,Mexico,19.1773,-96.16,578963
Kisangani,Orientale,Congo (Kinshasa),0.52,25.22,578470
Libreville,Estuaire,Gabon,0.3854,9.458,578156
Kerman,Kerman,Iran,30.3,57.08,577514
Urmia,West Azarbaijan,Iran,37.53,45.0,577307
Bikaner,Rajasthan,India,28.0304,73.3299,576015
Quetzaltenango,Quezaltenango,Guatemala,14.83,-91.52,575263
Kuching,Sarawak,Malaysia,1.53,110.33,570407
Shuozhou,Shanxi,China,39.3004,112.42,570000
Niigata,Niigata,Japan,37.92,139.04,569797
Pereira,Risaralda,Colombia,4.8104,-75.68,568750
Macau,,Macau S.A.R,22.203,113.545,568700
Bouaké,Vallée du Bandama,Ivory Coast,7.69,-5.03,567481
Baltimore,MD,United States,39.3,-76.6105,565239
Binjai,Sumatera Utara,Indonesia,3.6204,98.5001,564979
Manama,,Bahrain,26.2361,50.5831,563920
Uberlândia,Minas Gerais,Brazil,-18.9,-48.28,563536
Sorocaba,São Paulo,Brazil,-23.49,-47.47,563281
Tongling,Anhui,China,30.9504,117.78,562832
Milwaukee,WI,United States,43.0633,-87.9667,561385
Albuquerque,NM,United States,35.1048,-106.6468,560274
Weihai,Shandong,China,37.5,122.1,560255
Mar del Plata,Ciudad de Buenos Aires,Argentina,-38.0,-57.58,555897
Santiago de Cuba,Santiago de Cuba,Cuba,20.025,-75.8213,555865
Siping,Jilin,China,43.17,124.33,555609
Kagoshima,Kagoshima,Japan,31.586,130.5611,555352
Surakarta,Jawa Tengah,Indonesia,-7.565,110.825,555308
Makhachkala,Dagestan,Russia,42.98,47.5,554981
Bhavnagar,Dadra and Nagar Haveli,India,21.7784,72.13,554978
Uyo,Akwa Ibom,Nigeria,5.008,7.85,554906
Bristol,Bristol,United Kingdom,51.45,-2.5833,553528
Bahawalpur,Punjab,Pakistan,29.39,71.675,552607
Kenitra,Gharb - Chrarda - Béni Hssen,Morocco,34.2704,-6.58,551786
Ribeirão Preto,São Paulo,Brazil,-21.17,-47.83,551267
Kanazawa,Ishikawa,Japan,36.56,136.64,551249
Orenburg,Orenburg,Russia,51.78,55.11,550204
Málaga,Andalucía,Spain,36.7204,-4.42,550058
Tabuk,Tabuk,Saudi Arabia,28.3838,36.555,547957
Tucson,AZ,United States,32.153,-110.8708,547239
Puerto la Cruz,Anzoátegui,Venezuela,10.17,-64.68,546616
Fresno,CA,United States,36.7827,-119.7934,545716
Jiujiang,Jiangxi,China,29.73,115.98,545616
Hisar,Haryana,India,29.17,75.725,544829
Matola,Maputo,Mozambique,-25.9696,32.46,543907
Bilaspur,Chhattisgarh,India,22.0904,82.16,543454
Sargodha,Punjab,Pakistan,32.0854,72.675,542603
Leipzig,Sachsen,Germany,51.3354,12.41,542529
Yining,Xinjiang Uygur,China,43.9,81.35,542507
Vilnius,Vilniaus,Lithuania,54.6834,25.3166,542366
Tirunelveli,Tamil Nadu,India,8.7304,77.69,542200
Cancún,Quintana Roo,Mexico,21.17,-86.83,542043
Newcastle,New South Wales,Australia,-32.8453,151.815,540796
Yangzhou,Jiangsu,China,32.4,119.43,539715
Novokuznetsk,Kemerovo,Russia,53.75,87.115,539616
Latakia,Lattakia (Al Ladhiqiyah),Syria,35.54,35.78,539147
Matamoros,Tamaulipas,Mexico,25.88,-97.5,538785
Göteborg,Västra Götaland,Sweden,57.75,12.0,537797
Ōtsu,Shiga,Japan,35.0064,135.8674,536976
Tomsk,Tomsk,Russia,56.495,84.975,535479
Linxia,Gansu,China,35.6,103.2,534555
Matsuyama,Ehime,Japan,33.8455,132.7658,533541
Rouen,Haute-Normandie,France,49.4304,1.08,532559
Jiangmen,Guangdong,China,22.5804,113.08,532419
Oaxaca,Oaxaca,Mexico,17.0827,-96.67,530728
Beira,Sofala,Mozambique,-19.82,34.87,530604
Guntur,Andhra Pradesh,India,16.33,80.45,530577
Ṭarābulus,North Lebanon,Lebanon,34.422,35.868,530000
Hamadan,Hamadan,Iran,34.796,48.515,528256
Cangzhou,Hebei,China,38.3204,116.87,527681
Kota Kinabalu,Sabah,Malaysia,5.98,116.11,527671
Gold Coast,Queensland,Australia,-28.0815,153.4482,527660
Sacramento,CA,United States,38.5677,-121.4682,526384
Jian,Jiangxi,China,27.1304,115.0,520248
Londrina,Paraná,Brazil,-23.3,-51.18,520238
Ryazan,Ryazan',Russia,54.62,39.72,520173
Jingzhou,Hubei,China,30.32,112.23,520000
Bello,Antioquia,Colombia,6.33,-75.57,519670
Tyumen,Tyumen',Russia,57.14,65.53,519119
Lipetsk,Lipetsk,Russia,52.62,39.64,515655
Siliguri,West Bengal,India,26.7204,88.455,515574
Eskişehir,Eskisehir,Turkey,39.795,30.53,514869
Banda Aceh,Aceh,Indonesia,5.55,95.32,513698
Ujjain,Madhya Pradesh,India,23.1904,75.79,513350
Salta,Salta,Argentina,-24.7834,-65.4166,512686
Penza,Penza,Russia,53.18,45.0,512602
Mesa,AZ,United States,33.4006,-111.7165,511648
Blida,Blida,Algeria,36.4203,2.83,511348
Mykolayiv,Mykolayiv,Ukraine,46.9677,31.9843,510840
Atlanta,GA,United States,33.7629,-84.4227,510823
Kansas City,MO,United States,39.1224,-94.5551,510704
Karbala,Karbala',Iraq,32.6149,44.0245,510692
Suez,As Suways,Egypt,30.005,32.5499,508335
Gliwice,Silesian,Poland,50.3304,18.67,507670
Bukittinggi,Sumatera Barat,Indonesia,-0.3031,100.3615,506964
Kashgar,Xinjiang Uygur,China,39.4763,75.9699,506640
Liaoyuan,Jilin,China,42.9,125.13,506548
Gaza City,,Palestine,31.53,34.445,505700
Kota Baharu,Kelantan,Malaysia,6.12,102.23,505583
Jundiaí,São Paulo,Brazil,-23.2,-46.88,505548
Edinburgh,Edinburgh,United Kingdom,55.9483,-3.2191,504966
Tlaxcala,Tlaxcala,Mexico,19.32,-98.23,503878
Arak,Markazi,Iran,34.0804,49.7,503647
Davangere,Karnataka,India,14.47,75.92,503564
Viña del Mar,Valparaíso,Chile,-33.03,-71.54,503534
Pingtung,Pingtung,Taiwan,22.6817,120.4817,503530
Annaba,Annaba,Algeria,36.92,7.76,503524
Akola,Maharashtra,India,20.71,77.01,503502
Brighton,Brighton and Hove,United Kingdom,50.8303,-0.17,503008
Astrakhan,Astrakhan',Russia,46.3487,48.055,502533
Bradford,West Yorkshire,United Kingdom,53.8,-1.75,501700
Bari,Apulia,Italy,41.1142,16.8728,500577
Shuangyashan,Heilongjiang,China,46.6704,131.35,500000
Damanhûr,Al Buhayrah,Egypt,31.0504,30.47,500000
El Minya,Al Minya,Egypt,28.09,30.75,500000
Pasuruan,Jawa Timur,Indonesia,-7.6296,112.9,500000
Tsu,Mie,Japan,34.7171,136.5167,500000
Mazatlán,Sonora,Mexico,29.0171,-110.1333,500000
Awka,Anambra,Nigeria,6.2104,7.07,500000
San Lorenzo,Asunción,Paraguay,-25.34,-57.52,500000
Chiayi,Chiayi City,Taiwan,23.4755,120.4351,500000
Keelung,Keelung City,Taiwan,25.1333,121.7333,500000
Taoyuan,Taoyuan,Taiwan,24.9889,121.3111,500000
Thái Nguyên,Thái Nguyên,Vietnam,21.6,105.83,500000
Mataram,Nusa Tenggara Barat,Indonesia,-8.5795,116.135,499409
Macapá,Amapá,Brazil,0.033,-51.05,499166
Reynosa,Tamaulipas,Mexico,26.08,-98.3,498654
Shahrisabz,Kashkadarya,Uzbekistan,39.0618,66.8315,498545
Douma,Damascus,Syria,33.5833,36.4,496145
Songyuan,Jilin,China,45.1804,124.82,495900
Skopje,Centar,North Macedonia,42.0,21.4335,494087
Mwanza,Mwanza,Tanzania,-2.52,32.93,493944
Wuwei,Gansu,China,37.928,102.641,493092
Port Sudan,Red Sea,Sudan,19.6158,37.2164,489725
Santa Fe,Santa Fe,Argentina,-31.6239,-60.69,489505
Tula,Tula,Russia,54.2,37.6299,489486
Beni Suef,Bani Suwayf,Egypt,29.0804,31.09,489450
Yanji,Jilin,China,42.8823,129.5128,488740
Colorado Springs,CO,United States,38.8673,-104.7607,488664
Bologna,Emilia-Romagna,Italy,44.5004,11.34,488172
Saharanpur,Uttar Pradesh,India,29.97,77.55,484873
Kalaburagi,Karnataka,India,17.35,76.82,483615
Omaha,NE,United States,41.2627,-96.0535,483335
Bhatpara,West Bengal,India,22.8504,88.52,483129
Ife,Osun,Nigeria,7.4804,4.56,482365
Raleigh,NC,United States,35.8319,-78.641,482295
Feira de Santana,Bahia,Brazil,-12.25,-38.97,481911
Shah Alam,Selangor,Malaysia,3.0667,101.55,481654
Mariupol,Donets'k,Ukraine,47.0962,37.5562,481626
Tuxtla Gutiérrez,Chiapas,Mexico,16.75,-93.15,481128
Herat,Hirat,Afghanistan,34.33,62.17,481009
Homyel,Homyel',Belarus,52.43,31.0,480951
Zhaoqing,Guangdong,China,23.0504,112.45,480000
Americana,São Paulo,Brazil,-22.7499,-47.33,479472
Dhule,Maharashtra,India,20.9,74.77,479073
Ostrava,Moravskoslezský,Czechia,49.8304,18.25,478963
Yazd,Yazd,Iran,31.9201,54.37,477905
Hargeisa,,Somaliland,9.56,44.0653,477876
Sialkote,Punjab,Pakistan,32.52,74.56,477396
Kemerovo,Kemerovo,Russia,55.34,86.09,477090
Nazret,Addis Ababa,Ethiopia,8.55,39.27,476892
Jiaojing,Zhejiang,China,28.6804,121.45,471500
Kuqa,Xinjiang Uygur,China,41.7277,82.9364,470600
Chaoyang,Liaoning,China,41.5504,120.42,470296
Juiz de Fora,Minas Gerais,Brazil,-21.77,-43.375,470193
Udaipur,Rajasthan,India,24.6,73.73,469737
İzmit,Kocaeli,Turkey,40.776,29.9306,466504
Piraeus,Attiki,Greece,37.95,23.7,466065
Shymkent,South Kazakhstan,Kazakhstan,42.32,69.595,465392
Pristina,Pristina,Kosovo,42.6667,21.166,465186
Iligan,Lanao del Norte,Philippines,8.1712,124.2154,464599
Qazvin,Qazvin,Iran,36.27,50.0,464551
Bloemfontein,Orange Free State,South Africa,-29.12,26.2299,463064
Calabar,Cross River,Nigeria,4.9604,8.33,461796
Malatya,Malatya,Turkey,38.3704,38.3,461574
Panzhihua,Sichuan,China,26.55,101.73,461513
Bandar-e-Abbas,Hormozgan,Iran,27.2041,56.2721,461499
Naberezhnyye Chelny,Tatarstan,Russia,55.7,52.3199,461086
Hamah,Hamah,Syria,35.1503,36.73,460602
Cranbourne,Victoria,Australia,-38.0996,145.2834,460491
Iquitos,Loreto,Peru,-3.75,-73.25,458729
Mazar-i-Sharif,Balkh,Afghanistan,36.7,67.1,458151
Leicester,Leicester,United Kingdom,52.63,-1.1332,457983
Kirov,Kirov,Russia,58.5901,49.67,457437
Jingdezhen,Jiangxi,China,29.2704,117.18,457298
Durango,Durango,Mexico,24.0311,-104.67,457140
Jambi,Jambi,Indonesia,-1.59,103.61,457090
Volta Redonda,Rio de Janeiro,Brazil,-22.5196,-44.095,456362
Hengshui,Hebei,China,37.72,115.7,456356
Miami,FL,United States,25.7752,-80.2086,455924
Virginia Beach,VA,United States,36.7795,-76.0291,453649
Sfax,Sfax,Tunisia,34.75,10.72,453050
Sunderland,Tyne and Wear,United Kingdom,54.92,-1.38,452934
Xalapa,Veracruz,Mexico,19.53,-96.92,452186
Luhansk,Luhans'k,Ukraine,48.5698,39.3344,452000
Manado,Sulawesi Utara,Indonesia,1.48,124.85,451893
Qaraghandy,Qaraghandy,Kazakhstan,49.885,73.115,451800
An Nasiriyah,Dhi-Qar,Iraq,31.0429,46.2676,451547
Oshawa,Ontario,Canada,43.88,-78.85,450963
Qitaihe,Heilongjiang,China,45.8,130.85,450617
Belfast,Belfast,United Kingdom,54.6,-5.96,450406
Şanlıurfa,Sanliurfa,Turkey,37.17,38.795,449549
Long Beach,CA,United States,33.7808,-118.1682,449468
Chengde,Hebei,China,40.9604,117.93,449325
Xuchang,Henan,China,34.0204,113.82,449258
Chlef,Chlef,Algeria,36.1704,1.32,449167
Ōita,Oita,Japan,33.2432,131.5979,448907
Baguio,Benguet,Philippines,16.43,120.5699,447824
San Juan,San Juan,Argentina,-31.55,-68.52,447048
Cheboksary,Chuvash,Russia,56.13,47.25,446781
Ado Ekiti,Ekiti,Nigeria,7.6304,5.22,446749
Balikpapan,Kalimantan Timur,Indonesia,-1.25,116.83,445905
Ballari,Karnataka,India,15.15,76.915,445388
Bamenda,Nord-Ouest,Cameroon,5.96,10.15,445299
Gent,East Flanders,Belgium,51.03,3.7,444336
Tokushima,Tokushima,Japan,34.0674,134.5525,443760
Wuzhou,Guangxi,China,23.48,111.32,442315
Portsmouth,Portsmouth,United Kingdom,50.8003,-1.08,442252
Cabimas,Trujillo,Venezuela,10.43,-71.45,441094
Foz do Iguaçu,Paraná,Brazil,-25.5235,-54.53,440455
Wakayama,Wakayama,Japan,34.2231,135.1677,440006
Strasbourg,Alsace,France,48.58,7.75,439972
Mawlamyine,Mon,Myanmar,16.5004,97.67,438861
San Cristóbal,Táchira,Venezuela,7.77,-72.25,438798
Nantes,Pays de la Loire,France,47.2104,-1.59,438537
Khujand,Leninabad,Tajikistan,40.29,69.6199,437684
Guangyuan,Sichuan,China,32.43,105.87,437435
Khomeini Shahr,Esfahan,Iran,32.7004,51.47,437138
Garoua,Nord,Cameroon,9.3,13.39,436899
Bukavu,Sud-Kivu,Congo (Kinshasa),-2.51,28.84,436779
Oakland,CA,United States,37.7698,-122.2257,436504
Tuticorin,Tamil Nadu,India,8.82,78.13,436094
Nagasaki,Nagasaki,Japan,32.765,129.885,435455
Pohang,Daegu,South Korea,36.0209,129.3715,435266
Kaliningrad,Kaliningrad,Russia,54.7,20.4973,434954
Likasi,Katanga,Congo (Kinshasa),-10.97,26.78,434408
Spanish Town,Saint Catherine,Jamaica,17.9833,-76.95,432704
San Luis,San Luis,Argentina,-33.3,-66.35,432310
Katsina,Katsina,Nigeria,12.9904,7.6,432149
Welkom,Orange Free State,South Africa,-27.97,26.73,431944
Santa Marta,Magdalena,Colombia,11.2472,-74.2017,431781
Villahermosa,Tabasco,Mexico,18.0,-92.9,428564
Bryansk,Bryansk,Russia,53.26,34.43,427236
Bournemouth,Bournemouth,United Kingdom,50.73,-1.9001,426945
Bengkulu,Bengkulu,Indonesia,-3.8,102.27,426673
Heidelberg,Baden-Württemberg,Germany,49.42,8.7,426590
Minneapolis,MN,United States,44.9633,-93.2683,425115
Kurnool,Andhra Pradesh,India,15.83,78.03,424920
Chaozhou,Guangdong,China,23.68,116.63,424787
Batangas,Batangas,Philippines,13.7817,121.0217,424508
Bratislava,Bratislavský,Slovakia,48.15,17.117,423737
Gaya,Bihar,India,24.8,85.0,423692
Arak,Tamanghasset,Algeria,25.28,3.75,423251
Ibagué,Tolima,Colombia,4.4389,-75.2322,421685
Ivanovo,Ivanovo,Russia,57.01,41.01,420839
Erzurum,Erzurum,Turkey,39.9204,41.29,420691
Akure,Ondo,Nigeria,7.2504,5.2,420594
Asyut,Asyut,Egypt,27.19,31.1799,420585
Kolwezi,Katanga,Congo (Kinshasa),-10.7167,25.4724,418000
Sukkur,Sind,Pakistan,27.7136,68.8486,417767
Luohe,Henan,China,33.57,114.03,417356
Campina Grande,Paraíba,Brazil,-7.23,-35.88,417261
Kitchener,Ontario,Canada,43.45,-80.5,417001
Middlesbrough,Stockton-on-Tees,United Kingdom,54.5804,-1.23,416042
Meizhou,Guangdong,China,24.3005,116.12,414930
Ardabil,Ardebil,Iran,38.25,48.3,414603
Bakersfield,CA,United States,35.3532,-119.0379,413381
Magnitogorsk,Chelyabinsk,Russia,53.4227,58.98,413351
Gifu,Gifu,Japan,35.4231,136.7628,412895
Huancayo,Junín,Peru,-12.08,-75.2,412733
Tulsa,OK,United States,36.1279,-95.9023,411894
Nha Trang,Khánh Hòa,Vietnam,12.25,109.17,411556
Maturín,Monagas,Venezuela,9.75,-63.17,410972
Xuanhua,Hebei,China,40.5944,115.0243,409745
Kursk,Kursk,Russia,51.74,36.19,409431
Oujda,Oriental,Morocco,34.69,-1.91,409391
Metz,Lorraine,France,49.1203,6.18,409186
Hotan,Xinjiang Uygur,China,37.0997,79.9269,408894
Al Ayn,Abu Dhabi,United Arab Emirates,24.2305,55.74,408733
Jeju,Jeju,South Korea,33.5101,126.5219,408364
Oshogbo,Osun,Nigeria,7.7704,4.56,408245
Ipatinga,Minas Gerais,Brazil,-19.4796,-42.52,407894
Szczecin,West Pomeranian,Poland,53.4204,14.53,407811
Murcia,Región de Murcia,Spain,37.98,-1.13,406807
Tanta,Al Gharbiyah,Egypt,30.7904,31.0,404901
Kitwe,Copperbelt,Zambia,-12.81,28.22,404901
Zanzibar,Zanzibar West,Tanzania,-6.16,39.2,403658
Taubaté,São Paulo,Brazil,-23.0195,-45.56,403560
Tampa,FL,United States,27.9663,-82.4776,403364
Bissau,Bissau,Guinea Bissau,11.865,-15.5984,403339
Pasay City,Metropolitan Manila,Philippines,14.5504,121.0,403064
Mbale,Bungokho,Uganda,1.0904,34.17,402368
Kassala,Kassala,Sudan,15.46,36.39,401477
Sunchon,P'yongan-namdo,North Korea,39.4236,125.939,400629
Tver,Tver',Russia,56.86,35.89,400212
Jingmen,Hubei,China,31.0304,112.1,400000
Sikar,Rajasthan,India,27.6104,75.14,400000
Surgut,Khanty-Mansiy,Russia,61.2599,73.425,400000
Tumakuru,Karnataka,India,13.33,77.1,399606
Gómez Palacio,Durango,Mexico,25.5701,-103.5,399328
Buraydah,Al Quassim,Saudi Arabia,26.3664,43.9628,398581
Arlington,TX,United States,32.7007,-97.1247,398431
Khmelnytskyy,Khmel'nyts'kyy,Ukraine,49.4249,27.0015,398346
Eindhoven,Noord-Brabant,Netherlands,51.43,5.5,398053
Chiang Mai,Chiang Mai,Thailand,18.8,98.98,397211
Piura,Piura,Peru,-5.21,-80.63,396932
Horlivka,Donets'k,Ukraine,48.2996,38.0547,396885
Ndola,Copperbelt,Zambia,-12.9999,28.65,396339
Yuxi,Yunnan,China,24.38,102.57,396325
Wichita,KS,United States,37.6906,-97.3458,396119
Kisumu,Nyanza,Kenya,-0.09,34.75,395615
Aurora,CO,United States,39.7036,-104.7201,395052
Kollam,Kerala,India,8.9004,76.57,394163
Tallinn,Harju,Estonia,59.4339,24.728,394024
Wellington,Manawatu-Wanganui,New Zealand,-41.3,174.7833,393400
Al-Ubayyid,North Kurdufan,Sudan,13.1833,30.2167,393311
Nyala,South Darfur,Sudan,12.06,24.89,392373
Sandakan,Sabah,Malaysia,5.843,118.108,392288
Ahmednagar,Maharashtra,India,19.1104,74.75,391760
Osh,Osh,Kyrgyzstan,40.5404,72.79,391277
Stoke,Stoke-on-Trent,United Kingdom,53.0004,-2.18,390801
Bhilwara,Rajasthan,India,25.3504,74.635,389911
Comilla,Chittagong,Bangladesh,23.4704,91.17,389411
Samut Prakan,Samut Prakan,Thailand,13.6069,100.6115,388920
Grenoble,Rhône-Alpes,France,45.1804,5.72,388574
Nampula,Nampula,Mozambique,-15.136,39.293,388526
Nizamabad,Telangana,India,18.6704,78.1,388505
Granada‎,Andalucía,Spain,37.165,-3.585,388290
Brno,Kraj Vysocina,Czechia,49.2004,16.61,388277
Coventry,West Midlands,United Kingdom,52.4204,-1.5,388271
Alajuela,Alajuela,Costa Rica,10.02,-84.23,387743
Iloilo,Iloilo,Philippines,10.705,122.545,387681
Campos,Rio de Janeiro,Brazil,-21.75,-41.32,387417
Resistencia,Chaco,Argentina,-27.46,-58.99,387158
Baicheng,Jilin,China,45.62,122.82,386861
Qarshi,Kashkadarya,Uzbekistan,38.8704,65.8,386361
Misrata,Misratah,Libya,32.38,15.1,386120
Hail,Ha'il,Saudi Arabia,27.5236,41.7001,385257
Béjaïa,Béjaïa,Algeria,36.7604,5.07,384937
Southampton,Southampton,United Kingdom,50.9,-1.4,384417
Celaya,Guanajuato,Mexico,20.53,-100.8,383697
Pasto,Nariño,Colombia,1.2136,-77.2811,382236
Caxias do Sul,Rio Grande do Sul,Brazil,-29.18,-51.17,381270
Nizhny Tagil,Sverdlovsk,Russia,57.92,59.975,381116
Xichang,Sichuan,China,27.88,102.3,379993
Dezhou,Shandong,China,37.4504,116.3,379555
Sevastopol,Crimea,Russia,44.6,33.465,379200
Vigo,Galicia,Spain,42.22,-8.73,378952
Las Palmas,,Spain,28.1,-15.43,378495
Parbhani,Maharashtra,India,19.2704,76.76,378326
Karlsruhe,Baden-Württemberg,Germany,49.0,8.4,377487
Zhoukou,Henan,China,33.6304,114.63,377061
Makiyivka,Donets'k,Ukraine,48.0297,37.9746,376610
Putian,Fujian,China,25.4303,119.02,376558
Kahramanmaraş,K. Maras,Turkey,37.61,36.945,376045
Manizales,Caldas,Colombia,5.06,-75.52,375848
Palma,Islas Baleares,Spain,39.5743,2.6542,375773
Manukau,Auckland,New Zealand,-37.0,174.885,375600
Shillong,Meghalaya,India,25.5705,91.88,375527
Khorramabad,Lorestan,Iran,33.4804,48.35,375198
Villavicencio,Meta,Colombia,4.1533,-73.635,374763
São José do Rio Preto,São Paulo,Brazil,-20.7996,-49.39,374699
Kaunas,Kauno,Lithuania,54.9504,23.88,374643
Latur,Maharashtra,India,18.4004,76.57,374394
Seremban,Negeri Sembilan,Malaysia,2.7105,101.94,372917
Denizli,Denizli,Turkey,37.7704,29.08,372344
Van,Van,Turkey,38.4954,43.4,371713
La Coruña,Galicia,Spain,43.33,-8.42,370610
Abadan,Khuzestan,Iran,30.3307,48.2797,370180
Quzhou,Zhejiang,China,28.9704,118.87,370000
Rajapalaiyam,Tamil Nadu,India,9.4204,77.58,369991
Reading,Oxfordshire,United Kingdom,51.47,-0.98,369804
Najran,Najran,Saudi Arabia,17.5065,44.1316,369609
Mahilyow,Mahilyow,Belarus,53.8985,30.3246,369200
Al-Qatif,Ash Sharqiyah,Saudi Arabia,26.5196,50.0115,368892
Valletta,,Malta,35.8997,14.5147,368250
Mazatlán,Sinaloa,Mexico,23.2211,-106.42,368204
Longyan,Fujian,China,25.1804,117.03,367896
Bydgoszcz,Kuyavian-Pomeranian,Poland,53.1204,18.01,366452
Kuantan,Pahang,Malaysia,3.83,103.32,366229
Gorontalo,Gorontalo,Indonesia,0.55,123.07,365497
Nakuru,Rift Valley,Kenya,-0.28,36.07,364727
Vladikavkaz,North Ossetia,Russia,43.0504,44.67,364630
New Orleans,LA,United States,30.0534,-89.9345,364136
Larkana,Sind,Pakistan,27.5618,68.2068,364033
Christchurch,Canterbury,New Zealand,-43.535,172.63,363200
Stavropol,Stavropol',Russia,45.05,41.98,363064
Sanya,Hainan,China,18.2591,109.504,362689
Cleveland,OH,United States,41.4785,-81.6794,362656
Bhagalpur,Bihar,India,25.23,86.98,361548
Maseru,Maseru,Lesotho,-29.3167,27.4833,361324
Sheikhu Pura,Punjab,Pakistan,31.72,73.99,361303
Cusco,Cusco,Peru,-13.525,-71.9722,361182
Tamale,Northern,Ghana,9.4004,-0.84,360579
Ulan-Ude,Buryat,Russia,51.825,107.625,360278
Bobo Dioulasso,Houet,Burkina Faso,11.18,-4.29,360106
Lublin,Lublin,Poland,51.2504,22.5727,360044
Halifax,Nova Scotia,Canada,44.65,-63.6,359111
Augsburg,Bayern,Germany,48.35,10.9,358989
Sungai Petani,Kedah,Malaysia,5.6497,100.4793,358499
Ad Diwaniyah,Al-Qadisiyah,Iraq,31.9889,44.924,358408
Taraz,Zhambyl,Kazakhstan,42.9,71.365,358153
Simferopol,Crimea,Russia,44.9492,34.0987,358108
Toulon,Provence-Alpes-Côte-d'Azur,France,43.1342,5.9188,357693
Zanjan,Zanjan,Iran,36.67,48.5,357471
San Sebastián,País Vasco,Spain,43.3204,-1.98,357468
Iwaki,Fukushima,Japan,37.0553,140.89,357309
Posadas,Misiones,Argentina,-27.3578,-55.8851,357119
Encarnación,Itapúa,Paraguay,-27.3472,-55.8739,357119
Cà Mau,Cà Mau,Vietnam,9.1774,105.15,356636
Asahikawa,Hokkaido,Japan,43.755,142.38,356612
Mirpur Khas,Sind,Pakistan,25.5318,69.0118,356435
Archangel,Arkhangel'sk,Russia,64.575,40.545,356051
Wafangdian,Liaoning,China,39.6259,121.996,355844
Ambon,Maluku,Indonesia,-3.7167,128.2,355596
Orizaba,Veracruz,Mexico,18.85,-97.13,355333
Longxi,Gansu,China,35.0476,104.6394,355037
Santiago del Estero,Santiago del Estero,Argentina,-27.7833,-64.2667,354692
Mito,Ibaraki,Japan,36.3704,140.48,353892
Safi,Doukkala - Abda,Morocco,32.32,-9.24,353476
Eldoret,Rift Valley,Kenya,0.52,35.27,353381
Rahim Yar Khan,Punjab,Pakistan,28.4202,70.2952,353203
Neiva,Huila,Colombia,2.931,-75.3302,352855
Vinnytsya,Vinnytsya,Ukraine,49.2254,28.4816,352115
Hualien,Hualien,Taiwan,23.9837,121.6,350468
Kuala Terengganu,Trengganu,Malaysia,5.3304,103.12,350210
Yumen,Gansu,China,39.83,97.73,350000
Qoqon,Ferghana,Uzbekistan,40.5404,70.94,350000
Long Xuyen,An Giang,Vietnam,10.3804,105.42,350000
Việt Trì,Phú Th?,Vietnam,21.3304,105.43,350000
Haarlem,Noord-Holland,Netherlands,52.3804,4.63,349957
Buon Me Thuot,Dak Lak,Vietnam,12.667,108.05,349945
Chimbote,Ancash,Peru,-9.07,-78.57,349846
Muzaffarnagar,Uttar Pradesh,India,29.485,77.695,349706
Nuevo Laredo,Tamaulipas,Mexico,27.5,-99.55,349550
Sanandaj,Kordestan,Iran,35.3,47.02,349176
Linz,Oberösterreich,Austria,48.3192,14.2888,349161
Mbombela,Mpumalanga,South Africa,-25.4696,30.98,348138
Camagüey,Camagüey,Cuba,21.3808,-77.9169,347562
Verona,Veneto,Italy,45.4404,10.99,347459
London,Ontario,Canada,42.97,-81.25,346765
Nur-Sultan,Aqmola,Kazakhstan,51.1811,71.4278,345604
Mérida,Mérida,Venezuela,8.4,-71.13,345489
Charleroi,Charleroi,Belgium,50.4204,4.45,345367
Belgorod,Belgorod,Russia,50.63,36.5999,345289
Kosti,White Nile,Sudan,13.17,32.66,345068
Al Amarah,Maysan,Iraq,31.8416,47.1512,345007
Maebashi,Gunma,Japan,36.3927,139.0727,344871
Kurgan,Kurgan,Russia,55.46,65.345,343129
Kohat,N.W.F.P.,Pakistan,33.6027,71.4327,343027
Vitsyebsk,Vitsyebsk,Belarus,55.1887,30.1853,342700
Piracicaba,São Paulo,Brazil,-22.71,-47.64,342209
Yeosu,Gwangju,South Korea,34.7368,127.7458,341994
Honolulu,HI,United States,21.3243,-157.8476,341778
Jhang,Punjab,Pakistan,31.2804,72.325,341210
Pematangsiantar,Sumatera Utara,Indonesia,2.9614,99.0615,341200
Arusha,Arusha,Tanzania,-3.36,36.67,341136
Corrientes,Corrientes,Argentina,-27.49,-58.81,340823
Kōriyama,Fukushima,Japan,37.41,140.38,340560
Anaheim,CA,United States,33.8555,-117.7587,340512
Plovdiv,Plovdiv,Bulgaria,42.154,24.754,340494
Chitungwiza,Harare,Zimbabwe,-18.0,31.1,340360
Tieling,Liaoning,China,42.3004,123.82,340000
Yaan,Sichuan,China,29.9804,103.08,340000
Irapuato,Guanajuato,Mexico,20.67,-101.5,339554
Kaluga,Kaluga,Russia,54.5204,36.27,338978
East London,Eastern Cape,South Africa,-32.97,27.87,338627
Kaesong,Kaesong,North Korea,37.964,126.5644,338155
Ciudad Bolívar,Bolívar,Venezuela,8.1,-63.6,338000
Kawagoe,Saitama,Japan,35.9177,139.4911,337931
Lalitpur,Bhaktapur,Nepal,27.6666,85.3333,337785
Henderson,NV,United States,36.009,-115.0268,337305
Phan Thiet,Bình Thu?n,Vietnam,10.9337,108.1001,336846
Alor Setar,Kedah,Malaysia,6.1133,100.3729,336475
Santa Cruz de Tenerife,,Spain,28.47,-16.25,336061
Gijón,Principado de Asturias,Spain,43.53,-5.67,335972
Kōchi,Kochi,Japan,33.5624,133.5375,335570
Bauru,São Paulo,Brazil,-22.33,-49.08,335024
Nakhon Ratchasima,Nakhon Ratchasima,Thailand,15.0,102.1,334984
Orel,Orel,Russia,52.97,36.07,334552
Takamatsu,Kagawa,Japan,34.3447,134.0448,334223
Muzaffarpur,Bihar,India,26.1204,85.3799,333200
Beni,Nord-Kivu,Congo (Kinshasa),0.4904,29.45,332903
Toyama,Toyama,Japan,36.7,137.23,332812
Hangu,Tianjin,China,39.232,117.777,332793
Medani,Gezira,Sudan,14.4,33.52,332714
Montes Claros,Minas Gerais,Brazil,-16.72,-43.86,332379
Bielefeld,Nordrhein-Westfalen,Germany,52.03,8.53,331906
Bujumbura,Bujumbura Mairie,Burundi,-3.3761,29.36,331700
Heyuan,Guangdong,China,23.7304,114.68,330961
Mathura,Uttar Pradesh,India,27.5,77.67,330511
Mymensingh,Dhaka,Bangladesh,24.7504,90.38,330126
Baishan,Jilin,China,41.9,126.43,330000
Patiala,Punjab,India,30.3204,76.385,329224
Wonsan,Kangwon-do,North Korea,39.1605,127.4308,329207
Pavlodar,Pavlodar,Kazakhstan,52.3,76.95,329002
Maringá,Paraná,Brazil,-23.4095,-51.93,328335
Sagar,Madhya Pradesh,India,23.8504,78.75,328240
Canberra,Australian Capital Territory,Australia,-35.283,149.129,327700
Sochi,Krasnodar,Russia,43.59,39.73,327608
Montpellier,Languedoc-Roussillon,France,43.6104,3.87,327254
Itajaí,Santa Catarina,Brazil,-26.8996,-48.68,327126
Sousse,Sousse,Tunisia,35.83,10.625,327004
Iași,Iasi,Romania,47.1683,27.5749,325914
Brahmapur,Orissa,India,19.32,84.8,324726
Birjand,South Khorasan,Iran,32.88,59.2199,324703
Yoshkar Ola,Mariy-El,Russia,56.6354,47.8749,324406
Miyazaki,Miyazaki,Japan,31.9182,131.4184,324384
Volzhskiy,Volgograd,Russia,48.7948,44.7744,323293
Chenzhou,Hunan,China,25.8004,113.0301,322997
Valladolid,Castilla y León,Spain,41.65,-4.75,322304
Al Kut,Wasit,Iraq,32.4907,45.8304,321521
Córdoba,Andalucía,Spain,37.88,-4.77,321376
Smolensk,Smolensk,Russia,54.7827,32.0473,320991
Ciudad del Este,Alto Paran,Paraguay,-25.5167,-54.6161,320872
Orlando,FL,United States,28.4087,-81.2548,320742
Pelotas,Rio Grande do Sul,Brazil,-31.75,-52.33,320674
Podolsk,Moskovsskaya,Russia,55.3804,37.5299,320635
Kherson,Crimea,Ukraine,46.6325,32.6007,320477
Shahjahanpur,Uttar Pradesh,India,27.8804,79.905,320434
Itu,São Paulo,Brazil,-23.26,-47.3,320170
Lexington-Fayette,KY,United States,38.0407,-84.4583,320154
Legazpi,Albay,Philippines,13.17,123.75,320081
Akita,Akita,Japan,39.71,140.09,320069
Maroua,Extrême-Nord,Cameroon,10.5956,14.3247,319941
Anápolis,Goiás,Brazil,-16.3196,-48.96,319587
Pachuca,Hidalgo,Mexico,20.1704,-98.73,319581
Stockton,CA,United States,37.9772,-121.3089,319543
Bukhara,Bukhoro,Uzbekistan,39.78,64.43,319476
Murmansk,Murmansk,Russia,68.97,33.1,319263
Windsor,Ontario,Canada,42.3155,-83.0369,319246
Holguín,Holguín,Cuba,20.8872,-76.2631,319102
Oskemen,East Kazakhstan,Kazakhstan,49.99,82.6149,319067
Riverside,CA,United States,33.9381,-117.3932,318858
Tepic,Nayarit,Mexico,21.5054,-104.88,318781
Vladimir,Vladimir,Russia,56.13,40.4099,318648
Hat Yai,Songkhla,Thailand,6.9964,100.4714,317954
Poltava,Poltava,Ukraine,49.574,34.5703,317847
New Delhi,Delhi,India,28.6,77.2,317797
Cumaná,Sucre,Venezuela,10.45,-64.18,317603
Hrodna,Hrodna,Belarus,53.6779,23.8341,317365
Rohtak,Haryana,India,28.9,76.58,317245
El Faiyum,Al Fayyum,Egypt,29.31,30.84,316772
Cluj-Napoca,Cluj,Romania,46.7884,23.5984,316748
Corpus Christi,TX,United States,27.7543,-97.1734,316595
Bauchi,Bauchi,Nigeria,10.3104,9.84,316149
Alicante,Comunidad Valenciana,Spain,38.3512,-0.4836,315863
Dezful,Khuzestan,Iran,32.3804,48.47,315482
Maiquetía,Vargas,Venezuela,10.6004,-66.97,315442
Armenia,Quindío,Colombia,4.5343,-75.6811,315328
Timișoara,Timis,Romania,45.7588,21.2234,315053
Ljubljana,Osrednjeslovenska,Slovenia,46.0553,14.515,314807
Pescara,Abruzzo,Italy,42.4554,14.2187,314789
Gdynia,Pomeranian,Poland,54.5204,18.53,314664
Irvine,CA,United States,33.6784,-117.7713,314621
Angeles,Pampanga,Philippines,15.1451,120.5451,314493
Ninde,Fujian,China,26.6804,119.5301,314077
Aswan,Aswan,Egypt,24.0875,32.8989,313442
Varna,Varna,Bulgaria,43.2156,27.8953,312770
Koblenz,Rheinland-Pfalz,Germany,50.3505,7.6,312633
Cherepovets,Vologda,Russia,59.1404,37.91,311850
Qurghonteppa,Khatlon,Tajikistan,37.8373,68.7713,311574
Semey,East Kazakhstan,Kazakhstan,50.435,80.275,311353
Galați,Galati,Romania,45.4559,28.0459,311156
Cincinnati,OH,United States,39.1402,-84.5058,311097
Brașov,Brasov,Romania,45.6475,25.6072,311044
Sambalpur,Orissa,India,21.4704,83.9701,310852
Pucallpa,Ucayali,Peru,-8.3689,-74.535,310750
Santa Ana,CA,United States,33.7363,-117.8829,310539
Antofagasta,Antofagasta,Chile,-23.65,-70.4,309832
Sapele,Delta,Nigeria,5.8904,5.68,309162
Dayr az Zawr,Dayr Az Zawr,Syria,35.3304,40.13,309141
Chita,Chita,Russia,52.055,113.465,308500
Valledupar,Cesar,Colombia,10.48,-73.25,308237
Vitória da Conquista,Bahia,Brazil,-14.85,-40.84,308204
Antsirabe,Antananarivo,Madagascar,-19.85,47.0333,307921
Nalchik,Kabardin-Balkar,Russia,43.4981,43.6179,307866
Chernihiv,Chernihiv,Ukraine,51.5049,31.3015,307684
Ratlam,Madhya Pradesh,India,23.3504,75.03,307229
Ksar El Kebir,Tanger - Tétouan,Morocco,35.0204,-5.91,306600
Tawau,Sabah,Malaysia,4.271,117.896,306462
Firozabad,Uttar Pradesh,India,27.15,78.3949,306409
Porto Velho,Rondônia,Brazil,-8.75,-63.9,306180
San Salvador de Jujuy,Jujuy,Argentina,-24.1833,-65.3,305891
Franca,São Paulo,Brazil,-20.53,-47.39,305041
Newark,NJ,United States,40.7242,-74.1726,304960
Rajahmundry,Andhra Pradesh,India,17.0303,81.79,304804
Olongapo,Zambales,Philippines,14.8296,120.2828,304388
Craiova,Dolj,Romania,44.3263,23.8259,304142
Kom Ombo,Aswan,Egypt,24.47,32.95,303962
St. Paul,MN,United States,44.9489,-93.1041,303820
Los Teques,Distrito Capital,Venezuela,10.42,-67.02,303470
Constanța,Constanta,Romania,44.2027,28.61,303399
Saransk,Mordovia,Russia,54.1704,45.18,303394
Mengzi,Yunnan,China,23.3619,103.4061,303341
Ganca,G?nc?,Azerbaijan,40.685,46.35,303268
Pittsburgh,PA,United States,40.4399,-79.9757,303255
Hakodate,Hokkaido,Japan,41.795,140.74,302984
Chemnitz,Sachsen,Germany,50.83,12.92,302643
Kingston upon Hull,Kingston upon Hull,United Kingdom,53.7504,-0.33,302296
Greensboro,NC,United States,36.0949,-79.8236,302296
Batman,Batman,Turkey,37.8904,41.14,302074
Qena,Qina,Egypt,26.1505,32.72,302027
Barddhaman,West Bengal,India,23.2504,87.865,301725
Jinja,Jinja,Uganda,0.4404,33.1999,301619
Gujrat,Punjab,Pakistan,32.58,74.08,301506
Tambov,Tambov,Russia,52.73,41.43,301482
Brest,Brest,Belarus,52.1,23.7,300715
Mardan,N.W.F.P.,Pakistan,34.2,72.04,300424
Bidar,Karnataka,India,17.9229,77.5175,300136
Porto-Novo,Ouémé,Benin,6.4833,2.6166,300000
Qyzylorda,Qyzylorda,Kazakhstan,44.8,65.465,300000
Rạch Giá,Kiên Giang,Vietnam,10.0154,105.0914,300000
Sóc Trăng,Sóc Trang,Vietnam,9.6037,105.98,300000
Curepipe,,Mauritius,-20.3162,57.5166,299975
Kanggye,Chagang-do,North Korea,40.9732,126.6032,299514
Baqubah,Diyala,Iraq,33.7476,44.6573,299479
Dumyat,Dumyat,Egypt,31.4204,31.82,299459
Jember,Jawa Timur,Indonesia,-8.1727,113.6873,298585
Al Mubarraz,Ash Sharqiyah,Saudi Arabia,25.4291,49.5659,298562
Al Kharj,Ar Riyad,Saudi Arabia,24.1556,47.312,298428
Aomori,Aomori,Japan,40.825,140.71,298394
Chernivtsi,Chernivtsi,Ukraine,48.3053,25.9216,298251
İskenderun,Hatay,Turkey,36.5804,36.17,297943
Cherkasy,Cherkasy,Ukraine,49.4347,32.0709,297568
Bandar Seri Begawan,Brunei and Muara,Brunei,4.8833,114.9333,296500
Rampur,Uttar Pradesh,India,28.8154,79.025,296418
Durham,NC,United States,35.9781,-78.8995,296186
Morioka,Iwate,Japan,39.72,141.13,295172
Ar Ramadi,Al-Anbar,Iraq,33.42,43.3,295121
Port-of-Spain,Port of Spain,Trinidad and Tobago,10.652,-61.517,294934
Vologda,Vologda,Russia,59.21,39.92,294889
Lincoln,NE,United States,40.8089,-96.6779,294757
Sumy,Sumy,Ukraine,50.9243,34.7809,294456
Swansea,Swansea,United Kingdom,51.63,-3.95,294339
Fukushima,Fukushima,Japan,37.74,140.47,294237
Blumenau,Santa Catarina,Brazil,-26.92,-49.09,293949
Thiès,Thiès,Senegal,14.8104,-16.93,293001
Kakinada,Andhra Pradesh,India,16.9675,82.2375,292923
Panipat,Haryana,India,29.4004,76.97,292808
Makurdi,Benue,Nigeria,7.73,8.53,292645
Ponta Grossa,Paraná,Brazil,-25.09,-50.16,292177
Minna,Niger,Nigeria,9.62,6.55,291905
Białystok,Podlachian,Poland,53.1504,23.17,291855
Jersey City,NJ,United States,40.7114,-74.0648,291657
Mbeya,Mbeya,Tanzania,-8.89,33.43,291649
Cagliari,Sardegna,Italy,39.2224,9.104,291511
Mayagüez,,Puerto Rico,18.2015,-67.1397,291339
Khammam,Telangana,India,17.2804,80.1601,290839
Bafoussam,Ouest,Cameroon,5.4904,10.4099,290768
Kasur,Punjab,Pakistan,31.1254,74.455,290643
Plano,TX,United States,33.0508,-96.7479,290190
Hulan Ergi,Heilongjiang,China,47.21,123.61,289999
Kassel,Hessen,Germany,51.3,9.5,289924
Limeira,São Paulo,Brazil,-22.5495,-47.4,289665
Victoria,British Columbia,Canada,48.4333,-123.35,289625
Bhuj,Dadra and Nagar Haveli,India,23.2504,69.81,289429
Huizhou,Guangdong,China,23.08,114.4,289201
Karimnagar,Telangana,India,18.4604,79.11,288251
Sinuiju,P'yongan-bukto,North Korea,40.0859,124.4213,288112
Talcahuano,Bío-Bío,Chile,-36.7167,-73.1167,288074
Ciudad Obregon,Sonora,Mexico,27.4666,-109.925,288002
Coatzacoalcos,Veracruz,Mexico,18.1204,-94.42,287285
Tirupati,Andhra Pradesh,India,13.6504,79.42,287035
Cuenca,Azuay,Ecuador,-2.9,-79.0,286878
Sakarya,Sakarya,Turkey,40.7667,30.4,286787
Butembo,Nord-Kivu,Congo (Kinshasa),0.13,29.28,286403
Sekondi,Western,Ghana,4.9433,-1.704,286248
Anchorage,AK,United States,61.1743,-149.2843,286075
Petrópolis,Rio de Janeiro,Brazil,-22.5095,-43.2,286071
Hosapete,Karnataka,India,15.2804,76.375,286007
Rangpur,Rajshahi,Bangladesh,25.75,89.28,285564
Zagazig,Ash Sharqiyah,Egypt,30.5833,31.5167,285097
Mandya,Karnataka,India,12.5704,76.92,285034
North Las Vegas,NV,United States,36.2899,-115.0892,284771
Bago,Bago,Myanmar,17.32,96.515,284318
Barinas,Barinas,Venezuela,8.6,-70.25,284289
Port Moresby,Central,Papua New Guinea,-9.4647,147.1925,283733
Iksan,Jeollabuk-do,South Korea,35.941,126.9454,283501
Alwar,Rajasthan,India,27.5454,76.6049,283228
Cadiz,Negros Occidental,Philippines,10.9587,123.3086,283157
Cádiz,Andalucía,Spain,36.535,-6.225,283157
Aizawl,Mizoram,India,23.7104,92.72,283021
Kupang,Nusa Tenggara Timur,Indonesia,-10.1787,123.583,282396
Tongchuan,Shaanxi,China,35.08,109.03,282258
Zhytomyr,Zhytomyr,Ukraine,50.2456,28.6622,282192
St. Louis,MO,United States,38.6357,-90.2446,281754
Jining,Nei Mongol,China,41.03,113.08,281716
Bahía Blanca,Ciudad de Buenos Aires,Argentina,-38.74,-62.265,281536
Cap-Haïtien,Nord,Haiti,19.7592,-72.2125,281487
Ambato,Napo,Ecuador,-1.2696,-78.62,281425
Gorgan,Golestan,Iran,36.8303,54.48,281023
Batna,Batna,Algeria,35.57,6.17,280798
Al Khalil,,Palestine,31.5406,35.0956,280321
Madison,WI,United States,43.0878,-89.4299,280305
Chandler,AZ,United States,33.2828,-111.8518,280167
Tacna,Tacna,Peru,-18.0,-70.25,280098
Tacloban,Leyte,Philippines,11.2504,125.0,280006
Xinzhou,Shanxi,China,38.4104,112.72,279607
Cotabato,Shariff Kabunsuan,Philippines,7.2169,124.2484,279519
Rize,Rize,Turkey,41.0208,40.5219,279450
Ica,Ica,Peru,-14.068,-75.7255,279420
Sumqayt,Sumqayit,Azerbaijan,40.58,49.63,279159
Taganrog,Rostov,Russia,47.23,38.92,279056
Kaolack,Kaolack,Senegal,14.15,-16.1,277812
Kostroma,Kostroma,Russia,57.77,40.94,277656
Owo,Ondo,Nigeria,7.2004,5.59,276574
Sukabumi,Jawa Barat,Indonesia,-6.9096,106.9,276414
Komsomolsk na Amure,Khabarovsk,Russia,50.555,137.02,275908
Prokopyevsk,Kemerovo,Russia,53.9,86.71,275615
Gilbert,AZ,United States,33.3103,-111.7431,275411
Bern,Bern,Switzerland,46.9167,7.467,275329
Montería,Córdoba,Colombia,8.7575,-75.89,275198
Mbandaka,Équateur,Congo (Kinshasa),0.04,18.26,274996
Reno,NV,United States,39.5491,-119.8499,274915
Ciudad Victoria,Tamaulipas,Mexico,23.72,-99.13,274900
Sétif,SZtif,Algeria,36.18,5.4,274744
Buffalo,NY,United States,42.8925,-78.8597,274678
Pamplona,Comunidad Foral de Navarra,Spain,42.82,-1.65,274545
Chula Vista,CA,United States,32.6277,-117.0152,274333
Jinshi,Hunan,China,29.6321,111.8517,274000
Ubon Ratchathani,Ubon Ratchathani,Thailand,15.25,104.83,273893
Crato,Amazonas,Brazil,-7.4639,-63.04,273883
Crato,Ceará,Brazil,-7.2296,-39.42,273883
Guantánamo,Guantánamo,Cuba,20.1453,-75.2061,272801
Blackpool,Lancashire,United Kingdom,53.8304,-3.05,272792
Majene,Sulawesi Barat,Indonesia,-3.5336,118.966,272377
Yamagata,Yamagata,Japan,38.2705,140.32,272209
Pakalongan,Jawa Tengah,Indonesia,-6.8796,109.67,272000
Elâzığ,Elazig,Turkey,38.68,39.23,271492
Sari,Mazandaran,Iran,36.5504,53.1,271467
Tasikmalaya,Jawa Barat,Indonesia,-7.3254,108.2147,271143
Vijayapura,Karnataka,India,16.8354,75.71,271064
Venice,Veneto,Italy,45.4387,12.335,270816
Gombe,Gombe,Nigeria,10.2904,11.17,270366
Münster,Nordrhein-Westfalen,Germany,51.9704,7.62,270184
Fort Wayne,IN,United States,41.0891,-85.1439,269994
Thohoyandou,Limpopo,South Africa,-22.95,30.48,269707
Kiel,Schleswig-Holstein,Germany,54.3304,10.13,269427
Malmö,Skåne,Sweden,55.5833,13.0333,269349
Nancy,Lorraine,France,48.6837,6.2,268976
Mokpo,Gwangju,South Korea,34.8068,126.3958,268402
Windhoek,Khomas,Namibia,-22.57,17.0835,268132
Tebingtinggi,Sumatera Utara,Indonesia,3.3304,99.13,268043
Yanbu al Bahr,Al Madinah,Saudi Arabia,24.0943,38.0493,267590
Tshikapa,Kasaï-Occidental,Congo (Kinshasa),-6.41,20.77,267462
Sterlitamak,Bashkortostan,Russia,53.63,55.96,267231
Padangsidempuan,Sumatera Utara,Indonesia,1.3887,99.2734,266882
Lubbock,TX,United States,33.5619,-101.8889,266878
Myeik,Tanintharyi,Myanmar,12.4541,98.6115,266720
Temuco,La Araucanía,Chile,-38.73,-72.58,265901
Lausanne,Vaud,Switzerland,46.5304,6.65,265702
Saint-Étienne,Rhône-Alpes,France,45.4304,4.38,265684
Toledo,OH,United States,41.6641,-83.5819,265304
Petrozavodsk,Karelia,Russia,61.85,34.28,265025
Imphal,Manipur,India,24.8,93.95,264986
Umuahia,Abia,Nigeria,5.532,7.486,264662
Uruapan,Michoacán,Mexico,19.4204,-102.07,264531
Georgetown,East Berbice-Corentyne,Guyana,6.802,-58.167,264350
Sivas,Sivas,Turkey,39.7454,37.035,264022
St. Petersburg,FL,United States,27.7627,-82.6441,263553
Tubruq,Al Butnan,Libya,32.08,23.96,263527
Graz,Steiermark,Austria,47.0778,15.41,263234
Kindu,Maniema,Congo (Kinshasa),-2.9639,25.91,262914
Aqtobe,Aqtöbe,Kazakhstan,50.28,57.17,262457
Paraná,Entre Ríos,Argentina,-31.7333,-60.5333,262295
Az Aubayr,Al-Basrah,Iraq,30.3892,47.708,262219
Cabo Frio,Rio de Janeiro,Brazil,-22.89,-42.04,261721
Balıkesir,Balikesir,Turkey,39.6504,27.89,261516
Zhuanghe,Liaoning,China,39.6823,122.9619,261510
Karamay,Xinjiang Uygur,China,45.5899,84.8599,261445
Sincelejo,Sucre,Colombia,9.2904,-75.38,261187
Petrolina,Pernambuco,Brazil,-9.38,-40.51,260985
Acarigua,Portuguesa,Venezuela,9.5804,-69.2,260921
Wollongong,New South Wales,Australia,-34.4154,150.89,260914
Uberaba,Minas Gerais,Brazil,-19.78,-47.95,260843
Adapazarı,Sakarya,Turkey,40.8,30.415,260109
Konibodom,Leninabad,Tajikistan,40.2922,70.4272,259876
Kondoz,Kunduz,Afghanistan,36.728,68.8725,259809
Tampere,Pirkanmaa,Finland,61.5,23.75,259279
Popayán,Cauca,Colombia,2.42,-76.61,258750
Nonthaburi,Nonthaburi,Thailand,13.8337,100.4833,258550
Al Mukalla,Hadramawt,Yemen,14.5412,49.1259,258132
Rio Branco,Acre,Brazil,-9.9666,-67.8,257642
Laredo,TX,United States,27.5604,-99.4892,257602
Etawah,Uttar Pradesh,India,26.7855,79.015,257448
Mendefera,Maekel,Eritrea,14.886,38.8163,257390
Cascavel,Paraná,Brazil,-24.9596,-53.46,257172
Ondo,Ondo,Nigeria,7.0904,4.84,257005
Chimoio,Manica,Mozambique,-19.12,33.47,256936
Ensenada,Baja California,Mexico,31.87,-116.62,256565
Dzerzhinsk,Nizhegorod,Russia,56.2504,43.46,256537
Da Lat,Lâm Ð?ng,Vietnam,11.9304,108.42,256019
Damaturu,Yobe,Nigeria,11.749,11.966,255895
Raichur,Karnataka,India,16.2104,77.355,255240
Daloa,Haut-Sassandra,Ivory Coast,6.89,-6.45,255168
Rivne,Rivne,Ukraine,50.6166,26.2528,255106
Freiburg,Baden-Württemberg,Germany,48.0004,7.8699,254889
Poza Rica de Hidalgo,Veracruz,Mexico,20.5504,-97.47,254481
Irving,TX,United States,32.8577,-96.97,254373
Chuxiong,Yunnan,China,25.0364,101.5456,254370
Cirebon,Jawa Barat,Indonesia,-6.7333,108.5666,254298
Paramaribo,Paramaribo,Suriname,5.835,-55.167,254169
Fort-de-France,Martinique,France,14.6104,-61.08,253995
Pathankot,Himachal Pradesh,India,32.2703,75.72,253987
Chesapeake,VA,United States,36.6794,-76.3018,253886
Glendale,AZ,United States,33.5331,-112.1899,253855
Chirala,Andhra Pradesh,India,15.8604,80.34,253000
Winston-Salem,NC,United States,36.1029,-80.2608,252975
Buenaventura,Valle del Cauca,Colombia,3.8724,-77.0505,252805
El Fasher,Northern Darfur,Sudan,13.63,25.35,252609
Dire Dawa,Dire Dawa,Ethiopia,9.59,41.86,252279
Suihua,Heilongjiang,China,46.6304,126.98,252245
Messina,Sicily,Italy,38.2005,15.55,252026
Borujerd,Lorestan,Iran,33.92,48.8,251958
Linhai,Zhejiang,China,28.85,121.12,251759
Khon Kaen,Khon Kaen,Thailand,16.42,102.83,251056
Morogoro,Morogoro,Tanzania,-6.82,37.66,250902
Governador Valadares,Minas Gerais,Brazil,-18.87,-41.97,250878
Sonipat,Haryana,India,29.0,77.02,250521
Santa Clara,Villa Clara,Cuba,22.4,-79.9667,250512
Iwo,Osun,Nigeria,7.63,4.18,250443
Laiyang,Shandong,China,36.9684,120.7084,250000
Kashan,Esfahan,Iran,33.9804,51.58,250000
Caserta,Campania,Italy,41.06,14.3374,250000
Como,Lombardia,Italy,45.81,9.08,250000
Zumpango,México,Mexico,19.8104,-99.11,250000
Niš,Nišavski,Serbia,43.3304,21.9,250000
Jaffna,Jaffna,Sri Lanka,9.675,80.005,250000
Luzern,Lucerne,Switzerland,47.0504,8.28,250000
Arua,Arua Municipality,Uganda,3.0204,30.9,250000
Quảng Ngãi,Qu?ng Ngãi,Vietnam,15.1504,108.83,250000
Várzea Grande,Mato Grosso,Brazil,-15.65,-56.14,249752
Kirovohrad,Kirovohrad,Ukraine,48.5041,32.2603,249454
Melun,Île-de-France,France,48.5333,2.6666,249432
Mutare,Manicaland,Zimbabwe,-18.97,32.65,249365
Santa Maria,Rio Grande do Sul,Brazil,-29.6833,-53.8,249219
Hafar al Batin,Ash Sharqiyah,Saudi Arabia,28.4337,45.9601,249194
Los Mochis,Sinaloa,Mexico,25.79,-109.0,249047
Jalal Abad,Jalal-Abad,Kyrgyzstan,40.9429,73.0025,248899
Vung Tau,Bà R?a - Vung Tàu,Vietnam,10.3554,107.085,248767
Fukui,Fukui,Japan,36.0704,136.22,248707
Singkawang,Kalimantan Barat,Indonesia,0.912,108.9655,248012
Miskolc,Borsod-Abaúj-Zemplén,Hungary,48.1004,20.78,247757
Plymouth,Plymouth,United Kingdom,50.3854,-4.16,247297
Udon Thani,Udon Thani,Thailand,17.4048,102.7893,247231
Kattaqorgon,Samarkand,Uzbekistan,39.9007,66.2608,247113
Orsk,Orenburg,Russia,51.21,58.6273,246836
San Bernardo,Región Metropolitana de Santiago,Chile,-33.6,-70.7,246762
Oruro,Oruro,Bolivia,-17.9799,-67.13,246501
Bratsk,Irkutsk,Russia,56.157,101.615,246348
Matadi,Bas-Congo,Congo (Kinshasa),-5.8166,13.45,245862
Mirzapur,Uttar Pradesh,India,25.1454,82.57,245817
Shimonoseki,Yamaguchi,Japan,33.9654,130.9454,245786
Rzeszów,Subcarpathian,Poland,50.0705,22.0,245686
Juliaca,Callao,Peru,-15.5,-70.14,245675
Qinzhou,Guangxi,China,21.9504,108.62,245376
Port St. Lucie,FL,United States,27.2806,-80.3883,245021
Nizhenvartovsk,Khanty-Mansiy,Russia,60.935,76.58,244937
Ternopil,Ternopil',Ukraine,49.536,25.5821,244768
Braunschweig,Niedersachsen,Germany,52.25,10.5,244715
Hebi,Henan,China,35.9504,114.22,244662
Scottsdale,AZ,United States,33.6843,-111.8614,244394
Thu Dau Mot,Bình Duong,Vietnam,10.9691,106.6527,244277
Gunsan,Jeollabuk-do,South Korea,35.9818,126.716,244080
Jashore,Khulna,Bangladesh,23.1704,89.2,243987
Manisa,Manisa,Turkey,38.6304,27.44,243971
Garland,TX,United States,32.9098,-96.6303,243470
Wonju,Gangwon-do,South Korea,37.3551,127.9396,243387
Nam Định,Nam n?nh,Vietnam,20.42,106.2,243186
Angarsk,Irkutsk,Russia,52.56,103.92,243158
Hapur,Uttar Pradesh,India,28.7437,77.7628,242920
Berbera,,Somaliland,10.4355,45.0164,242344
Le Havre,Haute-Normandie,France,49.505,0.105,242124
Caruaru,Pernambuco,Brazil,-8.28,-35.98,242094
Neuquén,Neuquén,Argentina,-38.95,-68.06,242092
Ulan Hot,Nei Mongol,China,46.08,122.08,241894
Novorossiysk,Krasnodar,Russia,44.73,37.7699,241856
Tehuacan,Puebla,Mexico,18.4504,-97.38,241429
Ivano-Frankivsk,Ivano-Frankivs'k,Ukraine,48.9348,24.7094,241239
Linchuan,Jiangxi,China,27.9703,116.36,241104
San Pablo,Laguna,Philippines,14.0696,121.3226,240830
Hachinohe,Aomori,Japan,40.51,141.54,239046
Fürth,Bayern,Germany,49.47,11.0,237844
Seeb,Muscat,Oman,23.6802,58.1825,237816
Århus,Midtjylland,Denmark,56.1572,10.2107,237551
Sasebo,Nagasaki,Japan,33.1631,129.7177,237444
Al Jubayl,Ash Sharqiyah,Saudi Arabia,27.0046,49.646,237274
Taiping,Perak,Malaysia,4.865,100.72,237095
Pathein,Ayeyarwady,Myanmar,16.7704,94.75,237089
Tegal,Jawa Tengah,Indonesia,-6.8696,109.12,237084
Zicheng,Hubei,China,30.3004,111.5,237042
Sylhet,Sylhet,Bangladesh,24.9036,91.8736,237000
Oostanay,Qostanay,Kazakhstan,53.2209,63.6283,236901
Košice,Košický,Slovakia,48.7304,21.25,236563
Monclova,Coahuila,Mexico,26.9,-101.42,236244
Tours,Centre,France,47.3804,0.6999,236096
Dera Ghazi Khan,Punjab,Pakistan,30.0604,70.6351,236093
Springs,Gauteng,South Africa,-26.2696,28.43,236083
Luton,Luton,United Kingdom,51.8804,-0.42,235958
Sahiwal,Punjab,Pakistan,30.6717,73.1118,235695
Oviedo,Principado de Asturias,Spain,43.3505,-5.83,235651
Yakutsk,Sakha (Yakutia),Russia,62.035,129.735,235600
Boise City,ID,United States,43.6002,-116.2317,235421
Lübeck,Schleswig-Holstein,Germany,53.8704,10.67,235390
Jizzax,Jizzakh,Uzbekistan,40.1004,67.83,235352
Palmas,Tocantins,Brazil,-10.2377,-48.2878,235315
Boa Vista,Roraima,Brazil,2.8161,-60.666,235150
Kediri,Jawa Timur,Indonesia,-7.7896,112.0,235143
Kismaayo,Jubbada Hoose,Somalia,-0.3566,42.5183,234852
Ibb,Ibb,Yemen,13.9759,44.1709,234837
Türkmenabat,Chardzhou,Turkmenistan,39.11,63.58,234817
Punto Fijo,Falcón,Venezuela,11.72,-70.21,234736
Porbandar,Dadra and Nagar Haveli,India,21.67,69.67,234684
Zacatecas,Zacatecas,Mexico,22.7704,-102.58,234481
Santa Ana,El Beni,Bolivia,-13.76,-65.58,234478
Santa Ana,Santa Ana,El Salvador,13.9946,-89.5598,234478
Singaraja,Bali,Indonesia,-8.1152,115.0944,234468
Dili,Dili,East Timor,-8.5594,125.5795,234331
Nizhnekamsk,Tatarstan,Russia,55.6404,51.82,234297
Zabol,Sistan and Baluchestan,Iran,31.0215,61.4815,233968
Rancagua,Libertador General Bernardo O'Higgins,Chile,-34.17,-70.74,233268
Clermont-Ferrand,Auvergne,France,45.78,3.08,233050
Kremenchuk,Poltava,Ukraine,49.0835,33.4296,232742
Niamey,Maradi,Niger,13.4916,7.0964,232555
Ploiești,Prahova,Romania,44.9469,26.0365,232542
Nakhon Si Thammarat,Nakhon Si Thammarat,Thailand,8.4,99.97,232335
Hetauda,Narayani,Nepal,27.4167,85.0334,232334
Saidpur,Rajshahi,Bangladesh,25.8004,89.0,232209
Al Fallujah,Al-Anbar,Iraq,33.3477,43.7773,231819
Shishou,Hubei,China,29.7004,112.4,231787
Ngaoundéré,Adamaoua,Cameroon,7.3204,13.58,231357
Debrecen,Hajdú-Bihar,Hungary,47.5305,21.63,231286
Osnabrück,Niedersachsen,Germany,52.2804,8.05,231268
Hailar,Nei Mongol,China,49.2,119.7,231171
Norfolk,VA,United States,36.923,-76.2446,230930
Syktyvkar,Komi,Russia,61.66,50.82,230910
Zhangye,Gansu,China,38.93,100.45,230728
Ilhéus,Bahia,Brazil,-14.78,-39.05,230622
Santarém,Pará,Brazil,-2.4333,-54.7,230428
Zinder,Zinder,Niger,13.8,8.9833,230358
Nukus,Karakalpakstan,Uzbekistan,42.47,59.615,230006
Magdeburg,Sachsen-Anhalt,Germany,52.1304,11.62,229826
Tlimcen,Tlemcen,Algeria,34.8904,-1.32,229777
Noginsk,Evenk,Russia,64.4833,91.2333,229731
Noginsk,Moskovsskaya,Russia,55.8704,38.48,229731
Nawabshah,Sind,Pakistan,26.2454,68.4,229504
Spokane,WA,United States,47.6669,-117.4333,229447
Bharatpur,Rajasthan,India,27.2504,77.5,229384
Richmond,VA,United States,37.5314,-77.476,229247
Uitenhage,Eastern Cape,South Africa,-33.7596,25.39,228912
Beipiao,Liaoning,China,41.81,120.76,228515
Er Rachidia,Mekncs - Tafilalet,Morocco,31.9404,-4.45,228489
Petropavlovsk,North Kazakhstan,Kazakhstan,54.88,69.22,228238
Miri,Sarawak,Malaysia,4.3999,113.9845,228212
Nassau,,The Bahamas,25.0834,-77.35,227940
Iquique,Tarapacá,Chile,-20.25,-70.13,227499
Hyeson,Ryanggang,North Korea,41.3927,128.1927,227461
Puducherry,Puducherry,India,11.935,79.83,227411
Quillacollo,Cochabamba,Bolivia,-17.4,-66.28,227052
Starsy Oskol,Belgorod,Russia,51.3004,37.84,226977
Liaocheng,Shandong,China,36.4304,115.97,226930
Gusau,Zamfara,Nigeria,12.1704,6.66,226857
Tanjungpinang,Kepulauan Riau,Indonesia,0.9168,104.4714,226666
Chon Buri,Chon Buri,Thailand,13.4004,101.0,226618
Chuncheon,Gangwon-do,South Korea,37.8747,127.7342,226509
Monywa,Sagaing,Myanmar,22.105,95.15,226222
Fremont,CA,United States,37.4945,-121.9411,226208
Sabzewar,Razavi Khorasan,Iran,36.22,57.63,226183
Grozny,Chechnya,Russia,43.3187,45.6987,226100
Kolpino,City of St. Petersburg,Russia,59.73,30.65,225801
Sikasso,Sikasso,Mali,11.3204,-5.68,225753
Mubi,Adamawa,Nigeria,10.2703,13.27,225705
Huntsville,AL,United States,34.6977,-86.6767,225564
Novi Sad,Južno-Backi,Serbia,45.2504,19.8499,225457
Juazeiro do Norte,Ceará,Brazil,-7.21,-39.32,225230
Nyanza,Southern,Rwanda,-2.3496,29.74,225209
Skikda,Skikda,Algeria,36.8804,6.9,225181
Karnal,Haryana,India,29.6804,76.97,225049
Frisco,TX,United States,33.1554,-96.8226,225007
Bạc Liêu,B?c Liêu,Vietnam,9.2804,105.72,225000
Matsumoto,Nagano,Japan,36.2404,137.97,224926
Tanga,Tanga,Tanzania,-5.07,39.09,224876
Sucre,Chuquisaca,Bolivia,-19.041,-65.2595,224838
Nacala,Nampula,Mozambique,-14.5186,40.715,224795
Vitoria,País Vasco,Spain,42.85,-2.67,224578
Cape Coral,FL,United States,26.6432,-81.9974,224455
Nagercoil,Tamil Nadu,India,8.1804,77.43,224329
Nicosia,,Cyprus,35.1667,33.3666,224300
Haeju,Hwanghae-namdo,North Korea,38.0394,125.7144,224231
Santa Clarita,CA,United States,34.4165,-118.5007,224028
Adıyaman,Adiyaman,Turkey,37.7704,38.2799,223744
San Bernardino,CA,United States,34.1411,-117.2946,223728
Okara,Punjab,Pakistan,30.8104,73.45,223648
Narayanganj,Dhaka,Bangladesh,23.6204,90.5,223622
Colima,Colima,Mexico,19.23,-103.72,223287
Tacoma,WA,United States,47.2522,-122.4598,222906
Hancheng,Shaanxi,China,35.4704,110.43,222135
Arar,Al Hudud ash Shamaliyah,Saudi Arabia,30.99,41.0207,222016
Itabuna,Bahia,Brazil,-14.7896,-39.28,221938
Banja Luka,Serbian Republic,Bosnia and Herzegovina,44.7804,17.18,221738
Gueckedou,Nzerekore,Guinea,8.554,-10.151,221715
Neyshabur,Razavi Khorasan,Iran,36.22,58.82,221700
Amol,Mazandaran,Iran,36.4713,52.3633,221650
Tapachula,Chiapas,Mexico,14.9,-92.27,221521
Formosa,Formosa,Argentina,-26.1728,-58.1828,221383
Shakhty,Rostov,Russia,47.7204,40.27,221312
Hialeah,FL,United States,25.8699,-80.3029,221300
Blagoveshchensk,Amur,Russia,50.2666,127.5333,221296
Saint-Louis,Trarza,Mauritania,16.02,-16.51,220792
Córdoba,Veracruz,Mexico,18.9204,-96.92,220563
Babruysk,Mahilyow,Belarus,53.1266,29.1928,220517
Cabanatuan,Nueva Ecija,Philippines,15.5021,120.9617,220250
Polokwane,Limpopo,South Africa,-23.89,29.45,220045
Lhasa,Xizang,China,29.645,91.1,219599
Baton Rouge,LA,United States,30.4404,-91.1332,219573
Thanjavur,Tamil Nadu,India,10.7704,79.15,219571
Gabès,Gabès,Tunisia,33.9004,10.1,219517
Modesto,CA,United States,37.6375,-121.003,218915
Baghlan,Baghlan,Afghanistan,36.1393,68.6993,218748
Velikiy Novgorod,Novgorod,Russia,58.5,31.33,218717
Wuhai,Nei Mongol,China,39.6647,106.8122,218427
Dodoma,Dodoma,Tanzania,-6.1833,35.75,218269
Bertoua,Est,Cameroon,4.5804,13.68,218111
Imperatriz,Maranhão,Brazil,-5.52,-47.49,218106
Potsdam,Brandenburg,Germany,52.4004,13.07,218095
San Pedro de Macorís,San Pedro de Macorís,Dominican Republic,18.4504,-69.3,217899
Mallawi,Al Minya,Egypt,27.7304,30.84,217365
Sibolga,Sumatera Utara,Indonesia,1.75,98.8,217312
Orléans,Centre,France,47.9004,1.9,217301
Denow,Surkhandarya,Uzbekistan,38.2772,67.8872,217274
Colombo,Colombo,Sri Lanka,6.932,79.8578,217000
Gilgit,Northern Areas,Pakistan,35.9171,74.3,216760
Rybinsk,Yaroslavl',Russia,58.0503,38.82,216724
Groningen,Groningen,Netherlands,53.2204,6.58,216688
Trieste,Friuli-Venezia Giulia,Italy,45.6504,13.8,216035
Nablus,,Palestine,32.2215,35.2544,215981
Kielce,Swietokrzyskie,Poland,50.8904,20.66,215733
Fontana,CA,United States,34.1097,-117.4629,215465
Mulhouse,Alsace,France,47.7504,7.35,215454
Biysk,Altay,Russia,52.5341,85.18,215430
Owerri,Imo,Nigeria,5.493,7.026,215038
Zamora,Michoacán,Mexico,19.9804,-102.28,214947
Navoi,Navoi,Uzbekistan,40.1104,65.355,214828
Split,Splitsko-Dalmatinska,Croatia,43.5204,16.47,214741
Oradea,Bihor,Romania,47.05,21.92,213830
Lutsk,Volyn,Ukraine,50.7472,25.3334,213661
Portoviejo,Manabi,Ecuador,-1.06,-80.46,213601
Bergen,Hordaland,Norway,60.391,5.3245,213585
Brăila,Braila,Romania,45.292,27.969,213569
McKinney,TX,United States,33.2011,-96.6642,213509
Nanping,Fujian,China,26.6304,118.17,213054
Machala,El Oro,Ecuador,-3.26,-79.96,213034
Limbe,Sud-Ouest,Cameroon,4.0304,9.19,212474
Moreno Valley,CA,United States,33.9233,-117.2057,212392
Marília,São Paulo,Brazil,-22.21,-49.95,212218
Kırıkkale,Kinkkale,Turkey,39.8504,33.53,211138
Abha,`Asir,Saudi Arabia,18.2301,42.5001,210886
Des Moines,IA,United States,41.5726,-93.6102,210381
San-Pedro,Bas-Sassandra,Ivory Coast,4.7704,-6.64,210273
Toamasina,Toamasina,Madagascar,-18.1818,49.405,210226
Pali,Rajasthan,India,25.7904,73.3299,210103
Thái Bình,ThMi Bmnh,Vietnam,20.4503,106.333,210000
Oral,West Kazakhstan,Kazakhstan,51.2711,51.335,209788
Fayetteville,NC,United States,35.0828,-78.9735,209749
Salt Lake City,UT,United States,40.7769,-111.931,209593
Presidente Prudente,São Paulo,Brazil,-22.12,-51.39,209502
Sanming,Fujian,China,26.23,117.58,209444
Rennes,Bretagne,France,48.1,-1.67,209375
Ijebu Ode,Ogun,Nigeria,6.8204,3.92,209175
Tema,Greater Accra,Ghana,5.6404,0.01,209000
Santander,Cantabria,Spain,43.3805,-3.8,208763
Sidi bel Abbes,Sidi Bel Abbès,Algeria,35.1903,-0.64,208604
Bojnurd,North Khorasan,Iran,37.47,57.32,208582
La Romana,La Romana,Dominican Republic,18.417,-68.9666,208437
Gaborone,South-East,Botswana,-24.6463,25.9119,208411
Hajjah,Hajjah,Yemen,15.6917,43.6021,208287
Waitakere,Auckland,New Zealand,-36.8524,174.5543,208100
Lobito,Benguela,Angola,-12.37,13.5412,207932
Yonkers,NY,United States,40.9459,-73.8674,207657
Worcester,MA,United States,42.2695,-71.8078,207621
Rochester,NY,United States,43.1699,-77.6169,207274
Pingliang,Gansu,China,35.5304,106.6801,207256
Laoag,Ilocos Norte,Philippines,18.1988,120.5936,207048
Bahir Dar,Amhara,Ethiopia,11.6001,37.3833,206748
Yamoussoukro,Lacs,Ivory Coast,6.8184,-5.2755,206499
Sioux Falls,SD,United States,43.5407,-96.732,206410
Beer Sheva,HaDarom,Israel,31.25,34.83,206408
Salzburg,Salzburg,Austria,47.8105,13.04,206279
Kalemie,Katanga,Congo (Kinshasa),-5.9333,29.2,206257
North Shore,Auckland,New Zealand,-36.7913,174.7758,205605
Jiutai,Jilin,China,44.1447,125.8443,205399
Campeche,Campeche,Mexico,19.83,-90.5,205212
Puqi,Hubei,China,29.7204,113.88,205164
São Carlos,São Paulo,Brazil,-22.02,-47.89,205035
Funchal,Madeira,Portugal,32.65,-16.88,204767
Criciúma,Santa Catarina,Brazil,-28.68,-49.39,204217
Lampang,Lampang,Thailand,18.2916,99.4813,204081
Colón,Colón,Panama,9.365,-79.875,204000
Salalah,Dhofar,Oman,17.0255,54.0852,203877
Little Rock,AR,United States,34.7254,-92.3586,203842
Sibu,Sarawak,Malaysia,2.303,111.843,203832
Las Tunas,Las Tunas,Cuba,20.9601,-76.9544,203684
Lianxian,Guangdong,China,24.7815,112.3825,203639
Guaratinguetá,São Paulo,Brazil,-22.82,-45.19,203580
Pisa,Toscana,Italy,43.7205,10.4,203336
Agartala,Tripura,India,23.8354,91.28,203264
Erfurt,Thüringen,Germany,50.9701,11.03,203254
Timon,Maranh,Brazil,-5.115,-42.845,203157
Edéa,Littoral,Cameroon,3.8005,10.12,203149
Rostock,Mecklenburg-Vorpommern,Germany,54.0704,12.15,203080
Ongole,Andhra Pradesh,India,15.5604,80.05,202860
Djougou,Donga,Benin,9.7004,1.68,202810
Khvoy,West Azarbaijan,Iran,38.5304,44.97,202728
Mossoró,Rio Grande do Norte,Brazil,-5.19,-37.34,202583
Amarillo,TX,United States,35.1981,-101.8331,202408
Barishal,Barisal,Bangladesh,22.7004,90.375,202242
Tallahassee,FL,United States,30.4535,-84.2523,202221
Grand Prairie,TX,United States,32.6861,-97.0208,202134
Biskra,Biskra,Algeria,34.86,5.73,202103
Angren,Tashkent,Uzbekistan,41.0304,70.1549,202070
Taranto,Apulia,Italy,40.5084,17.23,202033
Pskov,Pskov,Russia,57.83,28.3299,201990
Al Khums,Al Marqab,Libya,32.6604,14.26,201943
Minatitlán,Veracruz,Mexico,17.9805,-94.53,201902
Columbus,GA,United States,32.5102,-84.8749,201877
Chiniot,Punjab,Pakistan,31.72,72.98,201781
Pingzhen,Taoyuan,Taiwan,24.9439,121.2161,201632
San Miguel,San Miguel,El Salvador,13.4833,-88.1833,201563
Lashkar Gah,Hilmand,Afghanistan,31.583,64.36,201546
Daşoguz,Tashauz,Turkmenistan,41.84,59.965,201424
Sete Lagoas,Minas Gerais,Brazil,-19.4496,-44.25,201334
Gedaref,Gedarif,Sudan,14.04,35.38,201282
Cartagena,Región de Murcia,Spain,37.6004,-0.98,201274
Puri,Orissa,India,19.8204,85.9,201026
Augusta-Richmond County,GA,United States,33.3655,-82.0734,200884
Dindigul,Tamil Nadu,India,10.38,78.0,200797
Haldia,West Bengal,India,22.0257,88.0583,200762
Bergamo,Lombardia,Italy,45.7004,9.67,200000
Az Zawiyah,Az Zawiyah,Libya,32.7604,12.72,200000
Nema,Hodh ech Chargui,Mauritania,16.6171,-7.25,200000
Pokhara,Gorkha,Nepal,28.264,83.972,200000
Moratuwa,Colombo,Sri Lanka,6.7804,79.88,200000
Zhubei,Hsinchu,Taiwan,24.8333,121.0119,200000
Rivera,Rivera,Uruguay,-30.8996,-55.56,200000
Kasama,Northern,Zambia,-10.1996,31.1799,200000
Meymaneh,Faryab,Afghanistan,35.9302,64.7701,199795
Bacău,Bacau,Romania,46.5784,26.9196,199668
Taza,Taza - Al Hoceima - Taounate,Morocco,34.2204,-4.02,199633
Batu Pahat,Johor,Malaysia,1.8504,102.9333,199619
Balakovo,Saratov,Russia,52.03,47.8,199572
Armavir,Krasnodar,Russia,45.0004,41.13,199548
Rashid,Kafr ash Shaykh,Egypt,31.4604,30.39,199509
Bila Tserkva,Kiev,Ukraine,49.7743,30.1309,199163
Saskatoon,Saskatchewan,Canada,52.17,-106.67,198958
Aydın,Aydin,Turkey,37.85,27.85,198857
Peoria,AZ,United States,33.7862,-112.308,198750
Huangyan,Zhejiang,China,28.65,121.25,198713
Bulandshahr,Uttar Pradesh,India,28.4104,77.8484,198612
Kushiro,Hokkaido,Japan,42.975,144.3747,198566
Oxnard,CA,United States,34.1994,-119.2075,198488
Purnia,Bihar,India,25.7854,87.48,198453
Martapura,Kalimantan Selatan,Indonesia,-3.4135,114.8365,198239
Knoxville,TN,United States,35.9707,-83.9493,198162
Gemena,Équateur,Congo (Kinshasa),3.26,19.77,198056
Thanh Hóa,Thanh H,Vietnam,19.82,105.8,197551
Mbanza-Ngungu,Bas-Congo,Congo (Kinshasa),-5.2496,14.86,197545
Kōfu,Yamanashi,Japan,35.6504,138.5833,197540
Salamanca,Guanajuato,Mexico,20.5704,-101.2,197524
Talca,Maule,Chile,-35.455,-71.67,197479
Proddatur,Andhra Pradesh,India,14.7504,78.57,197451
El Tigre,Anzoátegui,Venezuela,8.8903,-64.26,197440
Gurgaon,Haryana,India,28.45,77.02,197340
Burhanpur,Madhya Pradesh,India,21.3004,76.13,197233
Overland Park,KS,United States,38.889,-94.6906,197089
Kure,Hiroshima,Japan,34.251,132.5656,196991
Cartago,Cartago,Costa Rica,9.87,-83.93,196946
Porlamar,Nueva Esparta,Venezuela,10.9604,-63.85,196934
Birmingham,AL,United States,33.5272,-86.797,196644
Grand Rapids,MI,United States,42.9612,-85.6556,196608
Reims,Champagne-Ardenne,France,49.2504,4.03,196565
Vancouver,WA,United States,45.6372,-122.5966,196442
Engels,Saratov,Russia,51.5004,46.12,196011
Burgas,Burgas,Bulgaria,42.5146,27.4746,195966
Gandhinagar,Dadra and Nagar Haveli,India,23.3004,72.6399,195891
Iskandar,Tashkent,Uzbekistan,41.5507,69.6807,195633
Nagaoka,Niigata,Japan,37.4504,138.86,195318
Montgomery,AL,United States,32.3485,-86.2673,195287
Coro,Falcón,Venezuela,11.42,-69.68,195227
Brikama,Banjul,The Gambia,13.2804,-16.6599,195136
Severodvinsk,Arkhangel'sk,Russia,64.57,39.83,194292
Al Jahra,Al Jahrah,Kuwait,29.3375,47.6581,194193
Bongor,Mayo-Kebbi Est,Chad,10.2859,15.3872,193941
Divinópolis,Minas Gerais,Brazil,-20.1495,-44.9,193832
Tarakan,Kalimantan Timur,Indonesia,3.3,117.633,193069
Machilipatnam,Andhra Pradesh,India,16.2004,81.18,192827
Oxford,Oxfordshire,United Kingdom,51.7704,-1.25,192796
Ciudad Madero,Tamaulipas,Mexico,22.3189,-97.8361,192736
Bayamo,Granma,Cuba,20.3795,-76.6433,192632
Klaipėda,Klaipedos,Lithuania,55.7204,21.1199,192307
Huntington Beach,CA,United States,33.698,-118.0038,192129
Dunhua,Jilin,China,43.3505,128.22,191870
Ziguinchor,Ziguinchor,Senegal,12.59,-16.29,191716
Barrancabermeja,Santander,Colombia,7.09,-73.85,191403
Zlatoust,Chelyabinsk,Russia,55.175,59.65,191366
Muar,Johor,Malaysia,2.0337,102.5666,191346
Dhamar,Dhamar,Yemen,14.5575,44.3875,191259
Valera,Trujillo,Venezuela,9.32,-70.62,191167
Bridgetown,Saint Michael,Barbados,13.102,-59.6165,191152
Bhiwani,Haryana,India,28.81,76.125,190855
Providence,RI,United States,41.8231,-71.4188,190792
Norwich,Norfolk,United Kingdom,52.6304,1.3,190756
Butuan,Agusan del Norte,Philippines,8.9495,125.5436,190557
Brownsville,TX,United States,25.9957,-97.4508,190158
Caen,Basse-Normandie,France,49.1838,-0.35,190099
St.-Denis,La Réunion,France,-20.8789,55.4481,190047
Sadiqabad,Punjab,Pakistan,28.3006,70.1302,189876
Tempe,AZ,United States,33.3884,-111.9318,189834
La Paz,Baja California Sur,Mexico,24.14,-110.32,189767
Sơn Tây,Hà Tây,Vietnam,21.1382,105.505,189547
Aberdeen,Aberdeen,United Kingdom,57.1704,-2.08,189364
Syzran,Samara,Russia,53.17,48.48,189338
Đồng Hới,Qu?ng Bình,Vietnam,17.4833,106.6,189265
Mwene-Ditu,Kasaï-Oriental,Congo (Kinshasa),-7.0,23.44,189177
Kabwe,Central,Zambia,-14.44,28.45,188979
Quelimane,Zambezia,Mozambique,-17.88,36.89,188964
Cork,Cork,Ireland,51.8986,-8.4958,188907
Parakou,Borgou,Benin,9.34,2.62,188853
Catamarca,Catamarca,Argentina,-28.47,-65.78,188812
Akron,OH,United States,41.0805,-81.5214,188701
Nandyal,Andhra Pradesh,India,15.5204,78.48,188654
Angers,Pays de la Loire,France,47.48,-0.53,188380
Mostaganem,Mostaganem,Algeria,35.9404,0.09,188354
Laayoune,Laâyoune - Boujdour - Sakia El Hamra,Morocco,27.15,-13.2,188084
Paarl,Western Cape,South Africa,-33.6996,18.96,187865
Rio Grande,Rio Grande do Sul,Brazil,-32.0495,-52.12,187838
Szeged,Csongrád,Hungary,46.2504,20.15,187765
Arapiraca,Alagoas,Brazil,-9.75,-36.67,187668
Ternate,Maluku Utara,Indonesia,0.793,127.363,187521
Petropavlovsk-Kamchatsky,Kamchatka,Russia,53.062,158.623,187282
Kimchaek,Hamgyong-bukto,North Korea,40.6723,129.2027,187270
Puerto Vallarta,Jalisco,Mexico,20.6771,-105.245,187134
Gibraltar,Gibraltar,Gibraltar,36.1324,-5.3781,187083
Glendale,CA,United States,34.1814,-118.2458,187050
Chattanooga,TN,United States,35.066,-85.2484,187030
Cachoeiro de Itapemirim,Espírito Santo,Brazil,-20.85,-41.13,187019
Pinar del Rio,Pinar del Río,Cuba,22.4175,-83.6981,186990
Manpo,Chagang-do,North Korea,41.1454,126.2958,186827
Olsztyn,Warmian-Masurian,Poland,53.8,20.48,186670
San Cristobal de Las Casas,Chiapas,Mexico,16.75,-92.6334,186661
Cienfuegos,Cienfuegos,Cuba,22.1444,-80.4403,186644
Shendi,River Nile,Sudan,16.6805,33.42,186611
Pécs,Baranya,Hungary,46.0804,18.22,186262
Marbella,Andalucía,Spain,36.5166,-4.8833,186131
Madiun,Jawa Timur,Indonesia,-7.6346,111.515,186099
Ad Damazīn,Blue Nile,Sudan,11.7704,34.35,186051
Arica,Arica y Parinacota,Chile,-18.5,-70.29,185999
Jamaame,Jubbada Hoose,Somalia,0.0722,42.7506,185270
Kütahya,Kütahya,Turkey,39.42,29.93,185008
Yei,Central Equatoria,South Sudan,4.0904,30.68,185000
Mainz,Rheinland-Pfalz,Germany,49.9825,8.2732,184997
Ruse,Ruse,Bulgaria,43.8537,25.9733,184270
Fort Lauderdale,FL,United States,26.1412,-80.1467,184255
Tiarat,Tiaret,Algeria,35.3804,1.32,184195
Fianarantsoa,Fianarantsoa,Madagascar,-21.4333,47.0833,184184
Kramatorsk,Donets'k,Ukraine,48.7194,37.5344,184105
Kutaisi,Imereti,Georgia,42.25,42.73,183945
Tarlac,Tarlac,Philippines,15.4838,120.5834,183930
Dese,Amhara,Ethiopia,11.13,39.63,183802
Corum,Çorum,Turkey,40.52,34.95,183418
Gweru,Midlands,Zimbabwe,-19.45,29.82,183358
Mataró,Cataluña,Spain,41.54,2.45,183293
Manta,Manabi,Ecuador,-0.98,-80.73,183166
Newport News,VA,United States,37.0761,-76.522,183118
Bhusawal,Maharashtra,India,21.02,75.83,183001
Shibin el Kom,Al Minufiyah,Egypt,30.592,30.9,182900
Atyrau,Atyrau,Kazakhstan,47.1127,51.92,182753
Pinrang,Sulawesi Selatan,Indonesia,-3.7857,119.6522,182731
Mobile,AL,United States,30.6684,-88.1002,182595
Kamensk Uralskiy,Sverdlovsk,Russia,56.4205,61.935,182500
Ontario,CA,United States,34.0376,-117.6044,182457
Chilpancingo,Guerrero,Mexico,17.55,-99.5,182387
Biratnagar,Bhojpur,Nepal,26.4837,87.2833,182324
Bahraich,Uttar Pradesh,India,27.6204,81.6699,182218
Barrie,Ontario,Canada,44.3838,-79.7,182041
Chingola,Copperbelt,Zambia,-12.5396,27.85,182015
Tonk,Rajasthan,India,26.1505,75.79,181734
Probolinggo,Jawa Timur,Indonesia,-7.7496,113.15,181656
Sirsa,Haryana,India,29.4904,75.03,181639
Anda,Heilongjiang,China,46.4,125.32,181533
Hinthada,Ayeyarwady,Myanmar,17.6483,95.4679,180728
Clarksville,TN,United States,36.5664,-87.3452,180716
Gangneung,Gangwon-do,South Korea,37.7559,128.8962,180611
Castello,Comunidad Valenciana,Spain,39.9704,-0.05,180610
Funtua,Katsina,Nigeria,11.5204,7.32,180475
El Jadida,Doukkala - Abda,Morocco,33.2604,-8.51,180470
Reggio di Calabria,Calabria,Italy,38.115,15.6414,180353
Zuwara,An Nuqat al Khams,Libya,32.9344,12.0791,180310
Rio Claro,São Paulo,Brazil,-22.41,-47.56,180147
Tangail,Dhaka,Bangladesh,24.25,89.92,180144
Obuasi,Ashanti,Ghana,6.1904,-1.66,180117
Cary,NC,United States,35.7813,-78.8234,180010
Ceerigaabo,,Somaliland,10.5833,47.3333,180000
Zhaodong,Heilongjiang,China,46.0804,125.98,179980
Balkh,Balkh,Afghanistan,36.7501,66.8997,179969
Potosí,Potosí,Bolivia,-19.5696,-65.75,179901
Phan Rang,Ninh Thu?n,Vietnam,11.567,108.9833,179773
Varamin,Tehran,Iran,35.3166,51.6466,179603
Passo Fundo,Rio Grande do Sul,Brazil,-28.25,-52.42,179529
Almería,Andalucía,Spain,36.8303,-2.43,179405
Vizianagaram,Andhra Pradesh,India,18.1204,83.5,179358
Sittwe,Rakhine,Myanmar,20.14,92.88,179032
Klerksdorp,North West,South Africa,-26.88,26.62,178921
Si Racha,Chon Buri,Thailand,13.159,100.9287,178916
Mary,Mary,Turkmenistan,37.6,61.8333,178708
El Arish,Shamal Sina',Egypt,31.1249,33.8006,178651
Boma,Bas-Congo,Congo (Kinshasa),-5.83,13.05,178638
Sangolquí,Pichincha,Ecuador,-0.31,-78.46,178582
Elk Grove,CA,United States,38.4146,-121.385,178444
Nogales,Sonora,Mexico,31.305,-110.945,178097
Shreveport,LA,United States,32.4669,-93.7922,177959
Eugene,OR,United States,44.0568,-123.119,177899
Teziutlán,Puebla,Mexico,19.8204,-97.36,177796
Korhogo,Savanes,Ivory Coast,9.46,-5.64,177711
Termiz,Surkhandarya,Uzbekistan,37.2329,67.2729,177687
Ar Raqqah,Ar Raqqah,Syria,35.9304,39.02,177636
Aurora,IL,United States,41.7635,-88.2901,177563
El Oued,Biskra,Algeria,33.3704,6.86,177497
Salem,OR,United States,44.9239,-123.023,177432
Treviso,Veneto,Italy,45.67,12.24,177309
Vellore,Tamil Nadu,India,12.9204,79.15,177081
Kadugli,South Kordufan,Sudan,11.01,29.7,176931
Nyíregyháza,Szabolcs-Szatmár-Bereg,Hungary,47.9653,21.7187,176880
Alappuzha,Kerala,India,9.5004,76.37,176783
Malayer,Hamadan,Iran,34.32,48.85,176573
Letpadan,Bago,Myanmar,17.7819,95.7415,176571
Yuzhno Sakhalinsk,Sakhalin,Russia,46.965,142.74,176484
Ouargla,Ouargla,Algeria,31.97,5.34,176271
Regina,Saskatchewan,Canada,50.45,-104.617,176183
Salatiga,Jawa Tengah,Indonesia,-7.3095,110.4901,176000
Turku,Finland Proper,Finland,60.4539,22.255,175945
Santa Rosa,CA,United States,38.4458,-122.7062,175845
Saveh,Markazi,Iran,35.0218,50.3314,175533
Modena,Emilia-Romagna,Italy,44.65,10.92,175502
Les Cayes,Sud,Haiti,18.2004,-73.75,175457
Suva,Central,Fiji,-18.133,178.4417,175399
Bose,Guangxi,China,23.8997,106.6133,175282
Entebbe,Wakiso,Uganda,0.0604,32.46,175128
Sirjan,Kerman,Iran,29.47,55.73,175000
Taitung,Taitung,Taiwan,22.7554,121.14,175000
Yangmei,Taoyuan,Taiwan,24.9167,121.15,175000
Harar,Addis Ababa,Ethiopia,9.32,42.15,174994
As Samawah,Al-Muthannia,Iraq,31.3099,45.2803,174978
Hirosaki,Aomori,Japan,40.57,140.47,174972
Tomakomai,Hokkaido,Japan,42.6504,141.55,174806
Puerto Montt,Los Lagos,Chile,-41.47,-72.93,174629
George,Western Cape,South Africa,-33.95,22.45,174582
Rancho Cucamonga,CA,United States,34.1303,-117.5661,174405
Bo,Southern,Sierra Leone,7.97,-11.74,174354
Puerto Cabello,Carabobo,Venezuela,10.4704,-68.17,174000
Saida,South Lebanon,Lebanon,33.563,35.3688,173894
Obihiro,Hokkaido,Japan,42.9304,143.17,173890
Bida,Niger,Nigeria,9.0804,6.01,173849
Simla,Himachal Pradesh,India,31.1,77.1666,173503
Stavanger,Rogaland,Norway,58.97,5.68,173132
Esmeraldas,Esmeraldas,Ecuador,0.9304,-79.67,173101
Bata,Litoral,Equatorial Guinea,1.87,9.77,173046
Ulm,Baden-Württemberg,Germany,48.4004,10.0,172955
Hong Gai,Qu?ng Ninh,Vietnam,20.9604,107.1,172915
Lishui,Zhejiang,China,28.4504,119.9,172777
Riobamba,Chimborazo,Ecuador,-1.67,-78.65,172464
Banyuwangi,Jawa Timur,Indonesia,-8.195,114.3696,172424
Isparta,Isparta,Turkey,37.77,30.53,172334
Weinan,Shaanxi,China,34.5004,109.5001,172321
Bade,Taoyuan,Taiwan,24.9575,121.2989,172065
Nova Friburgo,Rio de Janeiro,Brazil,-22.26,-42.5401,171991
Tébessa,TZbessa,Algeria,35.4104,8.12,171742
Prizren,Prizren,Kosovo,42.2293,20.7501,171464
Kragujevac,Šumadijski,Serbia,44.02,20.92,171197
Pembroke Pines,FL,United States,26.0147,-80.3402,171119
Pitești,Arges,Romania,44.8563,24.8758,171021
Rijeka,Primorsko-Goranska,Croatia,45.33,14.45,170992
Djelfa,Djelfa,Algeria,34.68,3.25,170901
Temirtau,Qaraghandy,Kazakhstan,50.065,72.965,170600
Uvira,Sud-Kivu,Congo (Kinshasa),-3.37,29.14,170391
Fort Collins,CO,United States,40.5482,-105.0648,170376
Springfield,MO,United States,37.1942,-93.2926,170188
Burgos,Castilla y León,Spain,42.3504,-3.68,170183
Takaoka,Toyama,Japan,36.67,137.0,170077
Araçatuba,São Paulo,Brazil,-21.21,-50.45,170024
Fuyang,Anhui,China,32.9004,115.82,170023
Oceanside,CA,United States,33.2246,-117.3063,170020
Čačak,Moravicki,Serbia,43.8897,20.3301,170000
Dijon,Bourgogne,France,47.3304,5.03,169946
Keluang,Johor,Malaysia,2.0383,103.3179,169828
Nîmes,Languedoc-Roussillon,France,43.8304,4.35,169547
Al Marj,Al Hizam Al Akhdar,Libya,32.5005,20.83,169540
Barra Mansa,Rio de Janeiro,Brazil,-22.56,-44.17,169386
Jayapura,Papua,Indonesia,-2.533,140.7,169341
Sarh,Mandoul,Chad,9.15,18.39,169196
Medinipur,West Bengal,India,22.3304,87.15,169127
Arad,Arad,Romania,46.17,21.32,169065
Bandar-e Bushehr,Bushehr,Iran,28.92,50.83,169060
Sonsonate,Sonsonate,El Salvador,13.72,-89.73,168947
Baranavichy,Brest,Belarus,53.1368,26.0134,168772
Atbarah,River Nile,Sudan,17.71,33.98,168612
Würzburg,Bayern,Germany,49.8004,9.95,168561
Hindupur,Andhra Pradesh,India,13.7804,77.49,168312
Garden Grove,CA,United States,33.7788,-117.9605,168234
Nzérékoré,Nzerekore,Guinea,7.76,-8.83,168121
Baramula,Jammu and Kashmir,India,34.2004,74.35,167986
Jamalpur,Dhaka,Bangladesh,24.9004,89.95,167900
Chirchiq,Tashkent,Uzbekistan,41.455,69.56,167842
Berezniki,Perm',Russia,59.42,56.76,167748
Volgodonsk,Rostov,Russia,47.51,42.1599,167731
Ormac,Leyte,Philippines,11.0643,124.6075,167584
Miass,Chelyabinsk,Russia,54.9954,60.0949,167500
Oldenburg,Niedersachsen,Germany,53.13,8.22,167458
Abakan,Krasnoyarsk,Russia,53.7037,91.445,167289
Benha,Al Qalyubiyah,Egypt,30.4667,31.1833,167029
Novocherkassk,Rostov,Russia,47.42,40.08,166974
Gonaïves,L'Artibonite,Haiti,19.4504,-72.6832,166678
Fatehpur,Uttar Pradesh,India,25.8804,80.8,166480
Dibrugarh,Assam,India,27.4833,94.9,166366
Ayacucho,Ayacucho,Peru,-13.175,-74.22,166314
Lancaster,CA,United States,34.6936,-118.1753,166236
Reykjavík,Suðurnes,Iceland,64.15,-21.95,166212
Marabá,Pará,Brazil,-5.35,-49.116,166182
Ocumare del Tuy,Miranda,Venezuela,10.12,-66.78,166072
San Fernando,San Fernando,Trinidad and Tobago,10.2805,-61.4594,166039
Parma,Emilia-Romagna,Italy,44.8104,10.32,166011
Rustenburg,North West,South Africa,-25.65,27.24,165976
Norilsk,Taymyr,Russia,69.34,88.225,165873
Carpina,Pernambuco,Brazil,-7.84,-35.26,165579
Tuluá,Valle del Cauca,Colombia,4.0904,-76.21,165501
Livingstone,Southern,Zambia,-17.86,25.86,165480
Murfreesboro,TN,United States,35.8539,-86.4212,165430
Hà Tĩnh,Ha Tinh,Vietnam,18.3338,105.9,165396
Kendari,Sulawesi Tenggara,Indonesia,-3.9553,122.5973,165377
Kimberley,Northern Cape,South Africa,-28.7468,24.77,165264
Elbasan,Elbasan,Albania,41.1215,20.0838,165010
Nantou,Nantou,Taiwan,23.9167,120.6833,165000
Serang,Banten,Indonesia,-6.11,106.1496,164767
Lajes,Santa Catarina,Brazil,-27.8096,-50.31,164676
León,León,Nicaragua,12.4356,-86.8794,164441
Sitapur,Uttar Pradesh,India,27.63,80.75,164435
Zenica,Zenica-Doboj,Bosnia and Herzegovina,44.22,17.92,164423
Regensburg,Bayern,Germany,49.0204,12.12,164359
Kigoma,Kigoma,Tanzania,-4.8796,29.61,164268
Hawalli,Hawalli,Kuwait,29.3333,48.0,164212
Pizen,Karlovarský,Czechia,49.7404,13.36,164180
Phitsanulok,Phitsanulok,Thailand,16.8283,100.2729,164017
Myingyan,Mandalay,Myanmar,21.4618,95.3914,163812
Dagupan,Pangasinan,Philippines,16.0479,120.3408,163676
Patra,Dytiki Ellada,Greece,38.23,21.73,163360
Ingolstadt,Bayern,Germany,48.7704,11.45,163325
La Vega,La Vega,Dominican Republic,19.2166,-70.5166,163197
Mostar,Herzegovina-Neretva,Bosnia and Herzegovina,43.3505,17.82,163067
Navsari,Dadra and Nagar Haveli,India,20.8504,72.92,163000
Geneina,West Darfur,Sudan,13.45,22.44,162981
Tartus,Tartus,Syria,34.8846,35.8866,162980
Simao,Yunnan,China,22.7807,100.9782,162725
La Rioja,La Rioja,Argentina,-29.4099,-66.85,162620
Lecce,Apulia,Italy,40.3604,18.15,162582
Mahabad,West Azarbaijan,Iran,36.7704,45.72,162434
Salamanca,Castilla y León,Spain,40.9704,-5.67,162353
Dourados,Mato Grosso do Sul,Brazil,-22.23,-54.81,162202
Ash Shatrah,Dhi-Qar,Iraq,31.4175,46.1772,161949
Settat,Chaouia - Ouardigha,Morocco,33.0104,-7.62,161748
Budaun,Uttar Pradesh,India,28.03,79.09,161555
Tunja,Boyacá,Colombia,5.5504,-73.37,161412
Palmdale,CA,United States,34.591,-118.1054,161404
Coquimbo,Coquimbo,Chile,-29.9529,-71.3436,161317
Rubtsovsk,Altay,Russia,51.52,81.21,161065
Bhisho,Eastern Cape,South Africa,-32.87,27.39,160997
Geelong,Victoria,Australia,-38.1675,144.3956,160991
Ras al Khaymah,Ras Al Khaymah,United Arab Emirates,25.7915,55.9428,160849
Sullana,Piura,Peru,-4.8896,-80.68,160789
Malakal,Upper Nile,South Sudan,9.5369,31.656,160765
Bumba,Équateur,Congo (Kinshasa),2.19,22.46,160539
Xiaogan,Hubei,China,30.9204,113.9,160437
Ponce,,Puerto Rico,18.0004,-66.6166,160334
Corona,CA,United States,33.862,-117.5655,160238
Xapeco,Santa Catarina,Brazil,-27.1,-52.64,160157
Taunggyi,Shan,Myanmar,20.782,97.038,160115
Lázaro Cárdenas,Michoacán,Mexico,17.9587,-102.2,160087
Gonbad-e Kavus,Golestan,Iran,37.2518,55.1715,159982
Salavat,Bashkortostan,Russia,53.3703,55.93,159893
Killeen,TX,United States,31.0777,-97.732,159643
Valdivia,Los Ríos,Chile,-39.795,-73.245,159599
Pagadian,Zamboanga Del Sur,Philippines,7.853,123.507,159590
Nakhodka,Primor'ye,Russia,42.8374,132.8874,159551
Nakhodka,Yamal-Nenets,Russia,67.7504,77.52,159551
Salinas,CA,United States,36.6902,-121.6338,159506
Tarija,Tarija,Bolivia,-21.5167,-64.75,159269
Zarzis,Médenine,Tunisia,33.5104,11.1,159161
Roseville,CA,United States,38.7703,-121.3196,159135
Punta del Este,Maldonado,Uruguay,-34.97,-54.95,159000
York,York,United Kingdom,53.9704,-1.08,158947
Cuddalore,Tamil Nadu,India,11.7204,79.77,158569
Rio Largo,Alagoas,Brazil,-9.48,-35.84,158545
Samarra,Sala ad-Din,Iraq,34.194,43.875,158508
Maykop,Adygey,Russia,44.61,40.12,158451
Denton,TX,United States,33.2174,-97.1413,158349
Abéché,Ouaddaï,Chad,13.84,20.83,158317
Barreiras,Bahia,Brazil,-12.14,-45.0,158292
Surprise,AZ,United States,33.6708,-112.4525,158285
Odense,Syddanmark,Denmark,55.4004,10.3833,158222
Huánuco,Huánuco,Peru,-9.92,-76.24,158145
Hoshiarpur,Punjab,India,31.52,75.98,158142
Albacete,Castilla-La Mancha,Spain,39.0003,-1.87,158094
Melitopol,Zaporizhzhya,Ukraine,46.8378,35.3775,158000
Sobral,Ceará,Brazil,-3.69,-40.35,157996
Sudbury,Ontario,Canada,46.5,-80.9666,157857
Surat Thani,Surat Thani,Thailand,9.1501,99.3401,157627
Hurghada,Al Bahr al Ahmar,Egypt,27.23,33.83,157204
Isiro,Orientale,Congo (Kinshasa),2.76,27.62,157196
Puerto Princesa,Palawan,Philippines,9.7543,118.7444,157144
Kashmar,Razavi Khorasan,Iran,35.1814,58.4515,157135
Ussuriysk,Primor'ye,Russia,43.8,132.02,157068
Rustavi,Kvemo Kartli,Georgia,41.5704,45.05,157063
Tiraspol,Bender,Moldova,46.8531,29.64,157000
Afyon,Afyon,Turkey,38.7504,30.55,156992
Zonguldak,Zinguldak,Turkey,41.4304,31.78,156918
Matsue,Shimane,Japan,35.467,133.0666,156811
Moundou,Logone Oriental,Chad,8.55,16.09,156705
Dali,Yunnan,China,25.7,100.18,156685
Koforidua,Eastern,Ghana,6.0904,-0.26,156653
Uroteppa,Leninabad,Tajikistan,39.9219,69.0015,156621
Macon-Bibb County,GA,United States,32.8088,-83.6942,156512
Paterson,NJ,United States,40.9148,-74.1628,156452
Livorno,Toscana,Italy,43.5511,10.3023,156274
Gondar,Amhara,Ethiopia,12.61,37.46,156230
Ciudad del Carmen,Campeche,Mexico,18.6537,-91.8245,156195
Malabo,Bioko Norte,Equatorial Guinea,3.75,8.7833,155963
Lakewood,CO,United States,39.6989,-105.1176,155961
Yulin,Shaanxi,China,38.2833,109.7333,155960
Shkodër,Shkodër,Albania,42.0685,19.5189,155767
Muroran,Hokkaido,Japan,42.35,140.98,155676
Hayward,CA,United States,37.6268,-122.104,155675
Sibiu,Sibiu,Romania,45.7971,24.1371,155565
Batumi,Ajaria,Georgia,41.6,41.63,155542
Barysaw,Minsk,Belarus,54.226,28.4922,155389
Charleston,SC,United States,32.828,-79.9729,155369
Gyeongju,Daegu,South Korea,35.8428,129.2117,155237
Alexandria,VA,United States,38.8193,-77.0837,155230
Innsbruck,Tirol,Austria,47.2804,11.41,155214
Foggia,Apulia,Italy,41.4605,15.56,155203
Ordu,Ordu,Turkey,41.0004,37.8699,155117
Kanchipuram,Tamil Nadu,India,12.8337,79.7167,155029
Sariwon,Hwanghae-bukto,North Korea,38.507,125.762,154942
Bei'an,Heilongjiang,China,48.239,126.482,154936
Antakya,Hatay,Turkey,36.2333,36.1167,154803
Battambang,Batdâmbâng,Cambodia,13.1,103.2,154773
Guangshui,Hubei,China,31.6204,114.0,154771
Middelburg,Mpumalanga,South Africa,-25.7596,29.47,154706
Mahajanga,Mahajanga,Madagascar,-15.67,46.345,154657
La Serena,Coquimbo,Chile,-29.9,-71.25,154521
Chetumal,Quintana Roo,Mexico,18.5,-88.3,154517
Gandajika,Kasaï-Oriental,Congo (Kinshasa),-6.7396,23.96,154425
Pathum Thani,Pathum Thani,Thailand,14.0171,100.5333,154412
Cairns,Queensland,Australia,-16.8878,145.7633,154225
Kovrov,Vladimir,Russia,56.3604,41.33,154224
Osorno,Los Lagos,Chile,-40.57,-73.16,154131
Tottori,Tottori,Japan,35.5004,134.2333,154098
San Cristóbal,San Cristóbal,Dominican Republic,18.416,-70.109,154040
Lemosos,Limassol,Cyprus,34.6754,33.0333,154000
Moanda,Bas-Congo,Congo (Kinshasa),-5.9229,12.355,153915
Hollywood,FL,United States,26.031,-80.1646,153859
Río Cuarto,Córdoba,Argentina,-33.13,-64.35,153757
Springfield,MA,United States,42.1155,-72.54,153672
Masjed Soleyman,Khuzestan,Iran,31.98,49.2999,153663
Mufulira,Copperbelt,Zambia,-12.55,28.26,153624
Chincha Alta,Ica,Peru,-13.4196,-76.14,153076
Faizabad,Uttar Pradesh,India,26.7504,82.17,153047
Dingzhou,Hebei,China,38.5004,115.0,152934
Kansas City,KS,United States,39.1225,-94.7418,152933
Rondonópolis,Mato Grosso,Brazil,-16.4695,-54.64,152912
Ilam,Ilam,Iran,33.6304,46.43,152894
Uşak,Usak,Turkey,38.6804,29.42,152862
Nusaybin,Mardin,Turkey,37.075,41.2184,152668
San Francisco de Macorís,Duarte,Dominican Republic,19.3,-70.25,152538
Zabīd,Al Hudaydah,Yemen,14.1951,43.3155,152504
Silchar,Assam,India,24.7904,92.79,152393
Wenshan,Yunnan,China,23.3724,104.2497,152388
Novokuybishevsk,Samara,Russia,53.12,49.9199,152334
Mudon,Mon,Myanmar,16.2618,97.7215,152300
Limoges,Limousin,France,45.83,1.25,152199
Kerch,Crimea,Russia,45.3685,36.4881,152195
Deyang,Sichuan,China,31.1333,104.4,152194
Samalut,Al Minya,Egypt,28.3004,30.71,152097
Luanshya,Copperbelt,Zambia,-13.1333,28.4,151993
Sunnyvale,CA,United States,37.3858,-122.0263,151967
El Manaqil,Gezira,Sudan,14.2504,32.98,151827
Abbotsford,British Columbia,Canada,49.0504,-122.3,151683
Guanare,Portuguesa,Venezuela,9.05,-69.75,151642
Bintulu,Sarawak,Malaysia,3.1664,113.036,151617
Dundee,Dundee,United Kingdom,56.4704,-3.0,151592
Bellevue,WA,United States,47.5978,-122.1565,151574
Nazareth,HaZafon,Israel,32.704,35.2955,151459
Maragheh,East Azarbaijan,Iran,37.4204,46.22,151385
Bălți,Balti,Moldova,47.7591,27.9053,151355
Suhar,Al Batnah,Oman,24.362,56.7344,151349
Benguela,Benguela,Angola,-12.5783,13.4072,151226
Guarapuava,Paraná,Brazil,-25.38,-51.48,150850
Uzhgorod,Transcarpathia,Ukraine,48.63,22.25,150832
Kitale,Rift Valley,Kenya,1.0305,34.9899,150495
Joliet,IL,United States,41.5177,-88.1488,150489
Chillán,Ñuble,Chile,-36.6,-72.106,150396
Naperville,IL,United States,41.7492,-88.162,150245
Urgentch,Khorezm,Uzbekistan,41.56,60.64,150110
Vryheid,KwaZulu-Natal,South Africa,-27.76,30.79,150012
M'sila,M'Sila,Algeria,35.7,4.545,150000
Keren,Semenawi Keyih Bahri,Eritrea,15.6804,38.45,150000
Miaoli,Miaoli,Taiwan,24.57,120.82,150000
Yilan,Yilan,Taiwan,24.75,121.75,150000
Pattani,Pattani,Thailand,6.864,101.25,150000
Tororo,Tororo,Uganda,0.7104,34.17,150000
Cao Lãnh,Ð?ng Tháp,Vietnam,10.467,105.636,149837
Khiwa,Khorezm,Uzbekistan,41.3911,60.3557,149751
Carora,Lara,Venezuela,10.19,-70.08,149711
Tirgu Mures,Mures,Romania,46.5582,24.5578,149433
Perugia,Umbria,Italy,43.1104,12.39,149125
Gejiu,Yunnan,China,23.38,103.1501,149105
Gyumri,Shirak,Armenia,40.7894,43.8475,148381
Palangkaraya,Kalimantan Tengah,Indonesia,-2.2096,113.91,148289
Jiayuguan,Gansu,China,39.82,98.3,148279
Hamilton,Waikato,New Zealand,-37.7783,175.2896,148200
Yala,Yala,Thailand,6.5505,101.2851,148140
Escondido,CA,United States,33.1331,-117.074,148122
Bridgeport,CT,United States,41.1874,-73.1958,148028
Diourbel,Diourbel,Senegal,14.6604,-16.24,148024
Jijel,Jijel,Algeria,36.822,5.766,148000
Lạng Sơn,L?ng Son,Vietnam,21.846,106.757,148000
Trang,Trang,Thailand,7.5634,99.608,147820
Turbat,Baluchistan,Pakistan,25.9918,63.0718,147791
Savannah,GA,United States,32.018,-81.1965,147748
Médéa,Médéa,Algeria,36.2704,2.77,147707
Kolomna,Moskovsskaya,Russia,55.08,38.785,147690
San Juan del Río,Querétaro,Mexico,20.38,-100.0,147559
Olathe,KS,United States,38.882,-94.8201,147461
Mangyshlak,Mangghystau,Kazakhstan,43.6905,51.1417,147443
Mesquite,TX,United States,32.7595,-96.5842,147317
El Progreso,El Progreso,Guatemala,14.85,-90.0167,147197
Trondheim,Sør-Trøndelag,Norway,63.4167,10.4167,147139
Man,Dix-Huit Montagnes,Ivory Coast,7.4004,-7.55,146974
Wamba,Orientale,Congo (Kinshasa),2.1404,27.99,146871
Gulu,Aswa,Uganda,2.78,32.28,146858
Aix-en-Provence,Provence-Alpes-Côte-d'Azur,France,43.52,5.45,146821
Willemstad,,Curacao,12.2004,-69.02,146813
Gharyan,Mizdah,Libya,32.1704,13.02,146810
Ambala,Haryana,India,30.32,76.82,146787
Cam Ranh,Khánh Hòa,Vietnam,11.902,109.2207,146771
Ibarra,Imbabura,Ecuador,0.3604,-78.13,146741
Matanzas,Matanzas,Cuba,23.0415,-81.5775,146733
Pasadena,TX,United States,29.655,-95.1511,146716
Perpignan,Languedoc-Roussillon,France,42.7,2.9,146620
McAllen,TX,United States,26.225,-98.2461,146593
Poços de Caldas,Minas Gerais,Brazil,-21.78,-46.57,146588
Tabora,Tabora,Tanzania,-5.02,32.8,146495
Dar'a,Dar`a,Syria,32.625,36.105,146481
Brugge,Brugge,Belgium,51.2204,3.23,146469
Cabo de Santo Agostinho,Pernambuco,Brazil,-8.29,-35.03,146219
Dawei,Tanintharyi,Myanmar,14.098,98.195,146212
Rockford,IL,United States,42.2588,-89.0646,146120
Hanzhong,Shaanxi,China,33.13,107.03,145986
La Ceiba,Atlántida,Honduras,15.7631,-86.797,145926
Krishnanagar,West Bengal,India,23.3803,88.53,145926
Podgorica,Podgorica,Montenegro,42.466,19.2663,145850
Gainesville,FL,United States,29.6795,-82.3468,145812
Ayutthaya,Phra Nakhon Si Ayutthaya,Thailand,14.3588,100.5684,145615
Syracuse,NY,United States,43.041,-76.1436,145560
Quchan,Razavi Khorasan,Iran,37.1118,58.5015,145531
Pointe-à-Pitre,Guadeloupe,France,16.2415,-61.533,145511
Pomona,CA,United States,34.0585,-117.7611,145502
Biarritz,Aquitaine,France,43.4733,-1.5616,145348
Los Angeles,Bío-Bío,Chile,-37.46,-72.36,145239
Concordia,Entre Ríos,Argentina,-31.3896,-58.03,145210
Visalia,CA,United States,36.328,-119.3285,144998
Machakos,Eastern,Kenya,-1.5095,37.26,144925
Thornton,CO,United States,39.9204,-104.9414,144922
Brest,Bretagne,France,48.3904,-4.495,144899
Waco,TX,United States,31.558,-97.1898,144816
Kolar,Karnataka,India,13.1337,78.1334,144625
Qairouan,Kairouan,Tunisia,35.6804,10.1,144522
Le Mans,Pays de la Loire,France,48.0004,0.1,144515
Tall Afar,Ninawa,Iraq,36.376,42.4498,144465
Kumba,Sud-Ouest,Cameroon,4.6404,9.44,144413
Jinchang,Gansu,China,38.4957,102.1739,144363
Tuzla,Tuzla,Bosnia and Herzegovina,44.5505,18.68,144334
Székesfehérvár,Fejér,Hungary,47.1947,18.4081,144319
Huelva,Andalucía,Spain,37.2504,-6.9299,144174
Sarnia,Ontario,Canada,42.9666,-82.4,144172
Goma,Nord-Kivu,Congo (Kinshasa),-1.6788,29.2218,144124
Tizi-Ouzou,Tizi Ouzou,Algeria,36.7117,4.0461,144000
Kafr el Sheikh,Kafr ash Shaykh,Egypt,31.109,30.936,143970
Ajdabiya,Ajdabiya,Libya,30.77,20.22,143833
Otaru,Hokkaido,Japan,43.1887,140.9783,143792
Ipswich,Suffolk,United Kingdom,52.0703,1.17,143767
Jackson,MS,United States,32.3158,-90.2129,143709
Logroño,La Rioja,Spain,42.4704,-2.43,143698
Stara Zagora,Stara Zagora,Bulgaria,42.4231,25.6227,143431
Béchar,Béchar,Algeria,31.6111,-2.23,143382
Kenema,Eastern,Sierra Leone,7.8804,-11.19,143137
Amiens,Picardie,France,49.9004,2.3,143086
Calama,Antofagasta,Chile,-22.45,-68.92,143084
Macaé,Rio de Janeiro,Brazil,-22.38,-41.79,143029
Cape Coast,Central,Ghana,5.1104,-1.25,143015
Play Ku,Gia Lai,Vietnam,13.9833,108.0,142900
Pyatigorsk,Stavropol',Russia,44.08,43.09,142865
Cajamarca,Cajamarca,Peru,-7.15,-78.53,142665
Arzamas,Nizhegorod,Russia,55.4,43.8,142597
Massawa,Debub,Eritrea,15.6101,39.45,142564
Durrës,Durrës,Albania,41.3178,19.4482,142432
Columbia,SC,United States,34.0405,-80.9061,142416
Nawabganj,Rajshahi,Bangladesh,24.5804,88.35,142361
Saïda,Saïda,Algeria,34.8404,0.14,142213
Ciego de Ávila,Ciego de Ávila,Cuba,21.84,-78.7619,142027
Altay,Xinjiang Uygur,China,47.8666,88.1166,142000
Jieshou,Anhui,China,33.2504,115.35,141993
Chongju,P'yongan-bukto,North Korea,39.6813,125.2163,141769
Arnhem,Gelderland,Netherlands,51.988,5.923,141674
Phuket,Phuket,Thailand,7.8765,98.3815,141618
Nongan,Jilin,China,44.4304,125.1701,141482
Melilla,Melilla,Spain,35.3,-2.95,141308
Paranaguá,Paraná,Brazil,-25.5279,-48.5345,141013
Ghazni,Ghazni,Afghanistan,33.5633,68.4178,141000
Comodoro Rivadavia,Chubut,Argentina,-45.87,-67.5,140850
As Salt,Balqa,Jordan,32.0392,35.7272,140689
Labé,Labe,Guinea,11.32,-12.3,140575
Almetyevsk,Tatarstan,Russia,54.9004,52.3199,140437
Lhokseumawe,Aceh,Indonesia,5.1914,97.1415,140322
Orekhovo-Zuevo,Moskovsskaya,Russia,55.82,38.98,140247
Peterborough,Peterborough,United Kingdom,52.5804,-0.25,140141
Badajoz,Extremadura,Spain,38.8804,-6.97,140133
Dunhuang,Gansu,China,40.1427,94.662,140094
Bordj Bou Arréridj,Bordj Bou Arreridj,Algeria,36.0777,4.7647,140000
Bizerte,Bizerte,Tunisia,37.2904,9.855,139843
Sherbrooke,Québec,Canada,45.4,-71.9,139652
Piedras Negras,Coahuila,Mexico,28.7076,-100.5317,139619
Göttingen,Niedersachsen,Germany,51.5204,9.92,139419
Kumbakonam,Tamil Nadu,India,10.9805,79.4,139264
Fullerton,CA,United States,33.8857,-117.928,139250
Torrance,CA,United States,33.8305,-118.3566,139224
Myitkyina,Kachin,Myanmar,25.3596,97.3928,139100
Chinandega,Chinandega,Nicaragua,12.6304,-87.13,139023
Townsville,Queensland,Australia,-19.2499,146.77,138954
Victorville,CA,United States,34.5277,-117.3536,138869
Midland,TX,United States,32.0246,-102.1135,138397
Orange,CA,United States,33.787,-117.8613,138337
Miramar,FL,United States,25.9725,-80.3386,138319
Tiruvannamalai,Tamil Nadu,India,12.2604,79.1,138243
Zalantun,Nei Mongol,China,48.0,122.72,138032
Parnaíba,Piauí,Brazil,-2.91,-41.77,138008
Pabna,Rajshahi,Bangladesh,24.0004,89.25,137888
Umtata,Eastern Cape,South Africa,-31.58,28.79,137772
Bremerhaven,Bremen,Germany,53.5504,8.58,137751
Tan An,Long An,Vietnam,10.5337,106.4167,137498
Castanhal,Pará,Brazil,-1.2896,-47.93,137406
Cerro de Pasco,Pasco,Peru,-10.69,-76.27,137232
Iraklio,Kriti,Greece,35.325,25.1305,137154
Hampton,VA,United States,37.048,-76.2973,137098
Oulu,Northern Ostrobothnia,Finland,65.0,25.47,136752
Warren,MI,United States,42.4929,-83.025,136655
Shizuishan,Ningxia Hui,China,39.2333,106.769,136570
Baia Mare,Maramures,Romania,47.6595,23.5791,136553
León,Castilla y León,Spain,42.58,-5.57,136227
Stamford,CT,United States,41.0796,-73.5461,136226
Győr,Gyor-Moson-Sopron,Hungary,47.7004,17.63,136081
Cedar Rapids,IA,United States,41.9659,-91.6789,135958
Elizabeth,NJ,United States,40.6664,-74.1935,135829
Serpukhov,Moskovsskaya,Russia,54.9304,37.43,135584
Jequié,Bahia,Brazil,-13.85,-40.08,135574
Palm Bay,FL,United States,27.9649,-80.6583,135566
Dayton,OH,United States,39.7847,-84.1996,135512
Cẩm Phả,Qu?ng Ninh,Vietnam,21.0404,107.32,135477
Lira,Lira,Uganda,2.2604,32.89,135445
New Haven,CT,United States,41.3108,-72.925,135319
Pyay,Bago,Myanmar,18.8165,95.2114,135308
Orsha,Vitsyebsk,Belarus,54.5153,30.4215,135206
May Pen,Clarendon,Jamaica,17.9666,-77.2333,135142
Souk Ahras,Souk Ahras,Algeria,36.2904,7.95,134947
Coral Springs,FL,United States,26.2707,-80.2593,134906
Zakho,Dihok,Iraq,37.1445,42.6872,134863
Cartago,Valle del Cauca,Colombia,4.75,-75.91,134827
Meridian,ID,United States,43.6115,-116.4007,134801
Caxias,Maranh,Brazil,-4.833,-43.35,134640
Ravenna,Emilia-Romagna,Italy,44.4204,12.22,134631
's-Hertogenbosch,Noord-Brabant,Netherlands,51.6833,5.3167,134520
West Valley City,UT,United States,40.6885,-112.0118,134470
Nevinnomyssk,Stavropol',Russia,44.6201,41.95,134380
Touggourt,Ouargla,Algeria,33.1,6.06,133954
Pervouralsk,Sverdlovsk,Russia,56.91,59.955,133600
Pasadena,CA,United States,34.1606,-118.138,133560
Yunxian,Hubei,China,32.8082,110.8136,133558
Lewisville,TX,United States,33.0507,-96.9746,133553
Šiauliai,Šiauliai,Lithuania,55.9386,23.325,133528
Kent,WA,United States,47.388,-122.2127,133378
Sterling Heights,MI,United States,42.5812,-83.0303,133306
Birganj,Narayani,Nepal,27.0004,84.8666,133238
Fargo,ND,United States,46.8647,-96.8291,133188
Riohacha,La Guajira,Colombia,11.5403,-72.91,133186
Musoma,Mara,Tanzania,-1.4896,33.8,133156
Uppsala,Uppsala,Sweden,59.8601,17.64,133117
Awasa,"Southern Nations, Nationalities and Peoples",Ethiopia,7.06,38.477,133097
Carrollton,TX,United States,32.9894,-96.8999,132918
Moçâmedes,Namibe,Angola,-15.19,12.16,132900
Kislovodsk,Stavropol',Russia,43.91,42.72,132771
San Luis,Petén,Guatemala,16.2,-89.44,132470
Blitar,Jawa Timur,Indonesia,-8.0696,112.15,132416
Dimitrovgrad,Ul'yanovsk,Russia,54.2504,49.56,132226
Pindamonhangaba,São Paulo,Brazil,-22.92,-45.47,132218
Shahrud,Semnan,Iran,36.4229,54.9629,131889
Papeete,,French Polynesia,-17.5334,-149.5667,131695
St. John's,Newfoundland and Labrador,Canada,47.585,-52.681,131469
Opole,Opole,Poland,50.685,17.9313,131412
Tra Vinh,TrM Vinh,Vietnam,9.934,106.334,131360
Murom,Vladimir,Russia,55.5704,42.04,131287
Ciénaga,Magdalena,Colombia,11.0104,-74.25,131171
Santa Clara,CA,United States,37.3646,-121.968,131062
Lae,Morobe,Papua New Guinea,-6.733,146.99,131052
Pilibhit,Uttar Pradesh,India,28.64,79.81,131008
Ferrara,Emilia-Romagna,Italy,44.8504,11.6099,130992
Novomoskovsk,Tula,Russia,54.09,38.22,130982
Buzău,Buzau,Romania,45.1565,26.8065,130954
Pinsk,Brest,Belarus,52.1279,26.0941,130777
Shuangcheng,Heilongjiang,China,45.3503,126.28,130710
Abohar,Punjab,India,30.1204,74.29,130603
Ninh Bình,Ninh Bmnh,Vietnam,20.2543,105.975,130517
Nikopol,Dnipropetrovs'k,Ukraine,47.5666,34.4062,130500
Round Rock,TX,United States,30.5268,-97.6601,130406
Florencia,Caquetá,Colombia,1.6104,-75.62,130337
Girardot,Cundinamarca,Colombia,4.31,-74.81,130289
Jaraguá do Sul,Santa Catarina,Brazil,-26.48,-49.1,130130
Sennar,Sennar,Sudan,13.55,33.6,130122
Masaya,Masaya,Nicaragua,11.969,-86.095,130113
Norman,OK,United States,35.2406,-97.3453,130046
Baydhabo,Bay,Somalia,3.12,43.65,129839
Tokat,Tokat,Turkey,40.306,36.563,129702
Erzincan,Erzincan,Turkey,39.7527,39.4928,129407
Columbia,MO,United States,38.9473,-92.3264,129330
Andong,Daegu,South Korea,36.5659,128.725,129319
Tete,Tete,Mozambique,-16.17,33.58,129316
Copiapó,Atacama,Chile,-27.36,-70.34,129280
Batticaloa,Batticaloa,Sri Lanka,7.717,81.7,129222
Shahrekord,Chahar Mahall and Bakhtiari,Iran,32.321,50.854,129153
Abilene,TX,United States,32.4545,-99.7381,129043
Kokshetau,Aqmola,Kazakhstan,53.3,69.42,128873
Idlib,Idlib,Syria,35.9297,36.6317,128840
Xai-Xai,Gaza,Mozambique,-25.04,33.64,128805
Kamina,Katanga,Congo (Kinshasa),-8.73,25.01,128803
Larissa,Thessalia,Greece,39.6304,22.42,128758
Moroni,,Comoros,-11.7042,43.2402,128698
Athens-Clarke County,GA,United States,33.9496,-83.3701,128628
Kamyshin,Volgograd,Russia,50.0804,45.4,128626
Karabük,Zinguldak,Turkey,41.2,32.6,128564
Cambridge,Cambridgeshire,United Kingdom,52.2004,0.1166,128488
Besançon,Franche-Comté,France,47.23,6.03,128426
Sakakah,Al Jawf,Saudi Arabia,30.0,40.1333,128332
Jima,Addis Ababa,Ethiopia,7.68,36.83,128306
Girga,Suhaj,Egypt,26.3304,31.88,128250
Manzanillo,Granma,Cuba,20.3438,-77.1166,128188
Surt,Surt,Libya,31.21,16.59,128123
Al Hasakah,Hasaka (Al Haksa),Syria,36.4833,40.75,128100
Darnah,Al Qubbah,Libya,32.7648,22.6391,127974
Ekibastuz,Pavlodar,Kazakhstan,51.73,75.3199,127868
Divo,Sud-Bandama,Ivory Coast,5.839,-5.36,127867
San Nicolas,Ciudad de Buenos Aires,Argentina,-33.33,-60.24,127742
Pearland,TX,United States,29.5557,-95.323,127736
Bragança Paulista,São Paulo,Brazil,-22.95,-46.55,127676
Worcester,Western Cape,South Africa,-33.64,19.4399,127597
Tukuyu,Mbeya,Tanzania,-9.2496,33.64,127570
Port Blair,Andaman and Nicobar,India,11.667,92.736,127562
Elbląg,Warmian-Masurian,Poland,54.19,19.4027,127558
Panevežys,Panevezio,Lithuania,55.74,24.37,127405
Wau,West Bahr-al-Ghazal,South Sudan,7.7,27.99,127384
Alipur Duar,West Bengal,India,26.4837,89.5667,127342
Lafia,Nassarawa,Nigeria,8.4904,8.52,127236
Sancti Spíritus,Sancti Spíritus,Cuba,21.9301,-79.4425,127069
Pakokku,Magway,Myanmar,21.332,95.0866,126938
Hathras,Uttar Pradesh,India,27.6,78.05,126882
Neftekamsk,Bashkortostan,Russia,56.0835,54.2631,126805
Gafsa,Gafsa,Tunisia,34.4204,8.78,126803
Sogamoso,Boyacá,Colombia,5.72,-72.94,126551
Edirne,Edirne,Turkey,41.6704,26.57,126470
Songea,Ruvuma,Tanzania,-10.68,35.65,126449
Tây Ninh,Tây Ninh,Vietnam,11.323,106.147,126370
Loja,Loja,Ecuador,-3.99,-79.21,126368
Macheng,Hubei,China,31.18,115.03,126366
Carúpano,Sucre,Venezuela,10.67,-63.23,126293
Tarragona,Cataluña,Spain,41.1204,1.25,126291
Itapetininga,São Paulo,Brazil,-23.59,-48.04,126243
Tengchong,Yunnan,China,25.0333,98.4666,126058
Montego Bay,Saint James,Jamaica,18.4667,-77.9167,126008
Magway,Magway,Myanmar,20.1445,94.9196,125973
Pangkalpinang,Bangka-Belitung,Indonesia,-2.08,106.15,125933
Malanje,Malanje,Angola,-9.54,16.34,125856
Clovis,CA,United States,36.829,-119.6849,125826
Gashua,Yobe,Nigeria,12.8705,11.04,125817
Leeuwarden,Friesland,Netherlands,53.2504,5.7834,125778
Lubango,Huíla,Angola,-14.91,13.49,125632
Sorong,Irian Jaya Barat,Indonesia,-0.8554,131.285,125535
Kumbo,Nord-Ouest,Cameroon,6.2204,10.68,125486
Ghardaia,Ghardaaa,Algeria,32.49,3.67,125480
Topeka,KS,United States,39.0347,-95.6948,125475
College Station,TX,United States,30.5852,-96.2964,125192
Simi Valley,CA,United States,34.2669,-118.7485,125113
Kelowna,British Columbia,Canada,49.9,-119.4833,125109
Marv Dasht,Fars,Iran,29.8014,52.8215,125000
Allentown,PA,United States,40.5936,-75.4784,124880
Semnan,Semnan,Iran,35.5548,53.3743,124826
Nueva San Salvador,La Libertad,El Salvador,13.674,-89.29,124694
Zlín,Kraj Vysocina,Czechia,49.2304,17.65,124610
Fasa,Fars,Iran,28.9718,53.6715,124458
Lysychansk,Luhans'k,Ukraine,48.9204,38.4274,124421
Drohobych,L'viv,Ukraine,49.3444,23.4994,124269
Mỹ Tho,B?n Tre,Vietnam,10.3504,106.35,124143
West Palm Beach,FL,United States,26.7451,-80.127,124130
Laiwu,Shandong,China,36.2004,117.66,124108
Alagoinhas,Bahia,Brazil,-12.14,-38.43,124070
Rudniy,Qostanay,Kazakhstan,52.9527,63.13,124000
Higuey,La Altagracia,Dominican Republic,18.616,-68.708,123787
Potchefstroom,North West,South Africa,-26.6996,27.1,123669
Siracusa,Sicily,Italy,37.0704,15.29,123657
Guelma,Guelma,Algeria,36.466,7.428,123590
Uruguaiana,Rio Grande do Sul,Brazil,-29.7696,-57.09,123480
Thousand Oaks,CA,United States,34.1933,-118.8742,123463
Indramayu,Jawa Barat,Indonesia,-6.3356,108.319,123263
Gagnoa,Fromager,Ivory Coast,6.1504,-5.88,123184
Porto Seguro,Bahia,Brazil,-16.4296,-39.08,123173
Jiaohe,Jilin,China,43.7163,127.346,123018
Ségou,Ségou,Mali,13.44,-6.26,122952
Vallejo,CA,United States,38.1069,-122.2623,122807
Pati,Jawa Tengah,Indonesia,-6.7415,111.0347,122785
San Fernando de Apure,Apure,Venezuela,7.9,-67.4699,122701
Wilmington,NC,United States,34.2092,-77.8858,122698
Brits,North West,South Africa,-25.6296,27.78,122497
Rochester,MN,United States,44.0143,-92.4786,122413
Agana,,Guam,13.47,144.75,122411
Maastricht,Limburg,Netherlands,50.853,5.677,122378
Concord,CA,United States,37.9722,-122.0016,122315
Tekirdağ,Tekirdag,Turkey,40.9909,27.51,122287
Lakeland,FL,United States,28.0555,-81.9548,122264
Aalborg,Nordjylland,Denmark,57.0337,9.9166,122219
Barbacena,Minas Gerais,Brazil,-21.22,-43.77,122211
Tauranga,Bay of Plenty,New Zealand,-37.6964,176.1536,121500
North Charleston,SC,United States,32.9179,-80.065,121469
Lafayette,LA,United States,30.2056,-92.0281,121467
Arvada,CO,United States,39.8337,-105.1503,121414
Nancha,Heilongjiang,China,47.1364,129.2859,121367
Olmaliq,Tashkent,Uzbekistan,40.8504,69.595,121207
Xilinhot,Nei Mongol,China,43.9443,116.0443,120965
Independence,MO,United States,39.0855,-94.3521,120922
Billings,MT,United States,45.7885,-108.5525,120864
Fairfield,CA,United States,38.2621,-122.0324,120768
Sassari,Sardegna,Italy,40.73,8.57,120729
Karaman,Karaman,Turkey,37.1815,33.215,120399
Manbij,Aleppo (Halab),Syria,36.5266,37.9563,120169
Larache,Tanger - Tétouan,Morocco,35.2004,-6.16,120082
Huanghua,Hebei,China,38.3704,117.33,120000
Puerto Plata,Puerto Plata,Dominican Republic,19.7902,-70.6902,119897
Maxixe,Inhambane,Mozambique,-23.866,35.3886,119868
Trois-Rivières,Québec,Canada,46.35,-72.5499,119693
Hartford,CT,United States,41.7659,-72.6816,119669
Ann Arbor,MI,United States,42.2761,-83.7309,119381
Jaú,São Paulo,Brazil,-22.2896,-48.57,119206
Broken Arrow,OK,United States,36.0365,-95.781,119194
Tetovo,Tetovo,North Macedonia,42.0092,20.9701,119132
Udine,Friuli-Venezia Giulia,Italy,46.07,13.24,119009
Berkeley,CA,United States,37.8657,-122.2987,118962
Pleven,Pleven,Bulgaria,43.4238,24.6134,118675
Zielona Góra,Lubusz,Poland,51.9504,15.5,118433
Anuradhapura,Anuradhapura,Sri Lanka,8.35,80.3833,118302
Qomsheh,Esfahan,Iran,32.0115,51.8597,118301
Tongren,Guizhou,China,27.6804,109.13,118290
Berdyansk,Zaporizhzhya,Ukraine,46.7568,36.7868,118284
Cambridge,MA,United States,42.376,-71.1187,118214
Bandundu,Bandundu,Congo (Kinshasa),-3.31,17.38,118211
Bama,Borno,Nigeria,11.5204,13.69,118121
Ourense,Galicia,Spain,42.33,-7.87,118107
Setúbal,Lisboa,Portugal,38.53,-8.9,117974
Nakhon Pathom,Nakhon Pathom,Thailand,13.818,100.064,117927
Sokodé,Centre,Togo,8.9905,1.15,117811
Agadez,Agadez,Niger,16.9959,7.9828,117770
Jalingo,Taraba,Nigeria,8.9004,11.36,117757
Dunedin,Otago,New Zealand,-45.8854,170.491,117700
Achinsk,Krasnoyarsk,Russia,56.27,90.5,117634
Anaco,Anzoátegui,Venezuela,9.44,-64.46,117596
Richardson,TX,United States,32.9723,-96.7081,117435
Punta Arenas,Magallanes y Antártica Chilena,Chile,-53.165,-70.94,117430
San Martín,Mendoza,Argentina,-33.07,-68.49,117399
Langsa,Aceh,Indonesia,4.6736,97.9664,117256
Vyborg,Leningrad,Russia,60.7039,28.7549,117201
Calabozo,Guárico,Venezuela,8.9304,-67.44,117132
Chiang Rai,Chiang Rai,Thailand,19.9119,99.8265,117127
Antioch,CA,United States,37.9783,-121.7961,117096
Nkongsamba,Littoral,Cameroon,4.9604,9.94,117063
Kindia,Kindia,Guinea,10.06,-12.87,117062
Gao,Gao,Mali,16.2666,-0.05,116967
High Point,NC,United States,35.9908,-79.9927,116926
Clearwater,FL,United States,27.9794,-82.7713,116850
Port-Gentil,Ogooué-Maritime,Gabon,-0.72,8.78,116836
Huanren,Liaoning,China,41.2563,125.346,116621
Taonan,Jilin,China,45.3304,122.78,116611
Puno,Callao,Peru,-15.833,-70.0333,116552
Jaén,Andalucía,Spain,37.7704,-3.8,116400
League City,TX,United States,29.4901,-95.1091,116320
Nizhyn,Chernihiv,Ukraine,51.0541,31.8903,116288
Yakeshi,Nei Mongol,China,49.2804,120.73,116284
Boké,Boke,Guinea,10.94,-14.3,116270
Cherkessk,Karachay-Cherkess,Russia,44.2904,42.06,116224
Navajoa,Sonora,Mexico,27.0819,-109.4546,116093
Tahoua,Tahoua,Niger,14.9,5.2599,115956
Yelets,Lipetsk,Russia,52.58,38.5,115919
Buizhou,Shandong,China,37.3704,118.02,115893
Sri Jayawardenepura Kotte,Colombo,Sri Lanka,6.9,79.95,115826
Inhambane,Inhambane,Mozambique,-23.858,35.3398,115776
Odessa,TX,United States,31.8805,-102.3453,115743
Manchester,NH,United States,42.9849,-71.4441,115474
Evansville,IN,United States,37.9877,-87.5347,115332
Toliara,Toliary,Madagascar,-23.3568,43.69,115319
Goulimine,Guelmim - Es-Semara,Morocco,28.98,-10.07,115267
Pouso Alegre,Minas Gerais,Brazil,-22.22,-45.94,115201
Kulob,Khatlon,Tajikistan,37.9212,69.7757,115164
Nabeul,Nabeul,Tunisia,36.4603,10.73,115149
Tuguegarao,Cagayan,Philippines,17.6131,121.7269,115105
Waterbury,CT,United States,41.5585,-73.0367,114990
Ciudad Valles,San Luis Potosí,Mexico,21.98,-99.02,114964
West Jordan,UT,United States,40.6027,-112.0013,114908
Las Cruces,NM,United States,32.3264,-106.7897,114892
Westminster,CO,United States,39.8801,-105.0615,114875
Delicias,Chihuahua,Mexico,28.2,-105.5,114783
Botoșani,Botosani,Romania,47.7484,26.6597,114783
Kamyanets-Podilskyy,Khmel'nyts'kyy,Ukraine,48.6843,26.5809,114658
Giyon,Addis Ababa,Ethiopia,8.5304,37.97,114534
Shashemene,Addis Ababa,Ethiopia,7.2004,38.59,114350
Valparai,Tamil Nadu,India,10.3204,76.97,114308
Lowell,MA,United States,42.639,-71.321,114296
Kuito,Bié,Angola,-12.38,16.94,114286
Nampa,ID,United States,43.5855,-116.5656,114268
Maribor,Maribor,Slovenia,46.5405,15.65,114228
Kingston,Ontario,Canada,44.2337,-76.4833,114195
Richmond,CA,United States,37.9523,-122.3606,114106
Siirt,Siirt,Turkey,37.944,41.933,114034
Kankan,Kankan,Guinea,10.39,-9.31,114009
Zhijiang,Hunan,China,27.4409,109.678,113907
Kecskemét,Bács-Kiskun,Hungary,46.9,19.7,113895
Laghouat,Laghouat,Algeria,33.81,2.88,113872
Botucatu,São Paulo,Brazil,-22.8796,-48.45,113862
Tobolsk,Tyumen',Russia,58.1998,68.2648,113800
Curicó,Maule,Chile,-34.98,-71.24,113711
Bærum,Akershus,Norway,59.9135,11.3472,113659
Santa Cruz do Sul,Rio Grande do Sul,Brazil,-29.71,-52.44,113625
Pompano Beach,FL,United States,26.2416,-80.1339,113619
Carlsbad,CA,United States,33.1293,-117.2842,113495
Menifee,CA,United States,33.6899,-117.1844,113433
Praia,,Cape Verde,14.9167,-23.5167,113364
Kipushi,Katanga,Congo (Kinshasa),-11.7596,27.25,113347
Provo,UT,United States,40.2453,-111.6451,113343
Elgin,IL,United States,42.039,-88.3257,113310
Kitami,Hokkaido,Japan,43.8504,143.9,113137
Exeter,Devon,United Kingdom,50.7004,-3.5299,113118
Malé,,Maldives,4.1667,73.4999,112927
Tokmak,Bishkek,Kyrgyzstan,42.8299,75.2846,112860
Nefteyugansk,Khanty-Mansiy,Russia,61.0777,72.7027,112632
Greeley,CO,United States,40.414,-104.771,112609
Shaowu,Fujian,China,27.3004,117.5,112585
Mojokerto,Jawa Timur,Indonesia,-7.4696,112.43,112557
Springfield,IL,United States,39.7911,-89.6446,112544
Satu Mare,Satu Mare,Romania,47.792,22.885,112490
Guanajuato,Guanajuato,Mexico,21.0204,-101.28,112200
Beaumont,TX,United States,30.0849,-94.1453,112193
Mazyr,Homyel',Belarus,52.046,29.2722,112137
Lansing,MI,United States,42.7143,-84.5609,112115
Iguala,Guerrero,Mexico,18.37,-99.54,112106
Juba,Central Equatoria,South Sudan,4.83,31.58,111975
Nakhon Sawan,Nakhon Sawan,Thailand,15.7,100.07,111915
Murrieta,CA,United States,33.5721,-117.1904,111878
Iringa,Iringa,Tanzania,-7.7696,35.69,111820
Zwolle,Overijssel,Netherlands,52.524,6.097,111805
Goodyear,AZ,United States,33.254,-112.3665,111805
Kandy,Kandy,Sri Lanka,7.28,80.67,111701
Allen,TX,United States,33.1097,-96.673,111620
Conselheiro Lafaiete,Minas Gerais,Brazil,-20.67,-43.79,111596
Daugavpils,Daugavpils,Latvia,55.88,26.51,111564
Magelang,Jawa Tengah,Indonesia,-7.4696,110.18,111461
Santa Rosa,La Pampa,Argentina,-36.62,-64.3,111424
Tuscaloosa,AL,United States,33.2344,-87.5283,111338
Jawhar,Shabeellaha Dhexe,Somalia,2.767,45.5166,111308
Everett,WA,United States,47.9654,-122.1899,111180
Pueblo,CO,United States,38.2692,-104.6108,111077
Algeciras,Andalucía,Spain,36.1267,-5.4665,111027
Nsukka,Enugu,Nigeria,6.867,7.3834,111017
Nguru,Yobe,Nigeria,12.8804,10.45,111014
New Braunfels,TX,United States,29.6993,-98.1151,110958
South Fulton,GA,United States,33.6357,-84.5834,110920
Balkanabat,Balkan,Turkmenistan,39.5124,54.3649,110827
Manzanillo,Colima,Mexico,19.0496,-104.3231,110735
Miami Gardens,FL,United States,25.9489,-80.2436,110717
Gresham,OR,United States,45.5023,-122.4416,110685
Temecula,CA,United States,33.4931,-117.1317,110682
Rio Rancho,NM,United States,35.2851,-106.6989,110660
Pemba,Cabo Delgado,Mozambique,-12.983,40.5323,110643
Volos,Thessalia,Greece,39.37,22.95,110632
Noyabrsk,Yamal-Nenets,Russia,63.1665,75.6165,110572
Yaynangyoung,Magway,Myanmar,20.4614,94.881,110553
Manzini,Manzini,eSwatini,-26.495,31.388,110537
Peoria,IL,United States,40.7516,-89.6172,110460
Tyler,TX,United States,32.3173,-95.3059,110327
Sparks,NV,United States,39.5743,-119.7152,110323
Mzuzu,Mzimba,Malawi,-11.46,34.02,110201
Bouïra,Bouira,Algeria,36.3805,3.9,110144
Concord,NC,United States,35.3921,-80.6355,110119
Garanhuns,Pernambuco,Brazil,-8.89,-36.5,110085
Linqing,Hebei,China,36.8504,115.68,110046
David,Chiriquí,Panama,8.4333,-82.4333,110037
Santa Maria,CA,United States,34.9331,-120.4436,109987
Milagro,Guayas,Ecuador,-2.1796,-79.6,109970
Bataysk,Rostov,Russia,47.1368,39.7448,109962
Hailun,Heilongjiang,China,47.4504,126.93,109881
Lichinga,Nassa,Mozambique,-13.3,35.24,109839
Kandi,Alibori,Benin,11.1304,2.94,109701
Dali,Shaanxi,China,34.7953,109.9378,109696
Tieli,Heilongjiang,China,46.9504,128.05,109636
Ipiales,Nariño,Colombia,0.8304,-77.65,109618
Catanduva,São Paulo,Brazil,-21.14,-48.98,109612
Szombathely,Vas,Hungary,47.2253,16.6287,109518
Heihe,Heilongjiang,China,50.25,127.446,109427
Siem Reap,Siemréab,Cambodia,13.3666,103.85,109398
Szolnok,Jász-Nagykun-Szolnok,Hungary,47.1864,20.1794,109261
Sergiyev Posad,Moskovsskaya,Russia,56.33,38.17,109252
Tumbes,Tumbes,Peru,-3.57,-80.46,109223
San Rafael,Mendoza,Argentina,-34.6,-68.3333,109163
Matagalpa,Matagalpa,Nicaragua,12.9171,-85.9167,109089
San Buenaventura (Ventura),CA,United States,34.2678,-119.2542,109058
Tuxpam,Veracruz,Mexico,20.9604,-97.41,109049
Leninsk Kuznetsky,Kemerovo,Russia,54.66,86.17,109023
Soubré,Bas-Sassandra,Ivory Coast,5.7904,-6.61,108933
Buckeye,AZ,United States,33.4316,-112.6416,108909
Downey,CA,United States,33.9382,-118.1309,108816
Kaposvár,Somogy,Hungary,46.367,17.8,108528
Sugar Land,TX,United States,29.5928,-95.6338,108515
Mopti,Mopti,Mali,14.49,-4.18,108456
Trincomalee,Trincomalee,Sri Lanka,8.569,81.233,108420
Costa Mesa,CA,United States,33.6659,-117.9123,108354
Nehe,Heilongjiang,China,48.49,124.88,108253
Conroe,TX,United States,30.3287,-95.4846,108248
Kyzyl,Tuva,Russia,51.7067,94.3831,108240
Spokane Valley,WA,United States,47.6634,-117.2328,108235
Mascara,Mascara,Algeria,35.4004,0.14,108230
Oktyabrskiy,Bashkortostan,Russia,54.46,53.46,108200
Birnin Kebbi,Kebbi,Nigeria,12.4504,4.1999,108164
En Nuhud,South Kordofan,Sudan,12.6904,28.42,108008
Estelí,Estelí,Nicaragua,13.09,-86.36,107839
Barletta,Apulia,Italy,41.32,16.27,107830
Trento,Trentino-Alto Adige,Italy,46.0804,11.12,107808
Davie,FL,United States,26.0792,-80.283,107799
Hillsboro,OR,United States,45.5268,-122.9354,107730
Escuintla,Escuintla,Guatemala,14.3004,-90.78,107638
Escuintla,Chiapas,Mexico,15.33,-92.63,107638
Kogon,Bukhoro,Uzbekistan,39.7211,64.5458,107566
Rimnicu Vilcea,Vâlcea,Romania,45.11,24.383,107558
Koszalin,West Pomeranian,Poland,54.2,16.1833,107450
Obninsk,Kaluga,Russia,55.0804,36.62,107392
Shinyanga,Shinyanga,Tanzania,-3.6596,33.42,107362
Jurupa Valley,CA,United States,34.0026,-117.4676,107321
Luxembourg,Luxembourg,Luxembourg,49.6117,6.13,107260
Västerås,Västmanland,Sweden,59.63,16.54,107194
Chapayevsk,Samara,Russia,52.9743,49.7243,107164
Louangphrabang,Louangphrabang,Laos,19.8845,102.1416,107142
Ilebo,Kasaï-Occidental,Congo (Kinshasa),-4.3196,20.61,107093
Golmud,Gansu,China,36.4166,94.8833,107092
Apucarana,Paraná,Brazil,-23.55,-51.47,107085
Pardubice,Královéhradecký,Czechia,50.0404,15.76,107064
Ratchaburi,Ratchaburi,Thailand,13.5419,99.8215,106996
Elista,Kalmyk,Russia,46.3287,44.2087,106971
Taungoo,Bago,Myanmar,18.9483,96.4179,106945
Centennial,CO,United States,39.5909,-104.8638,106883
Douliou,Yunlin,Taiwan,23.7075,120.5439,106653
Burco,,Somaliland,9.5204,45.54,106593
Coimbra,Coimbra,Portugal,40.2004,-8.4167,106582
Drobeta-Turnu Severin,Mehedinti,Romania,44.6459,22.6659,106578
Longjiang,Heilongjiang,China,47.3404,123.18,106384
Namur,Namur,Belgium,50.4704,4.87,106284
Novotroitsk,Orenburg,Russia,51.2,58.33,106186
Raba,Nusa Tenggara Barat,Indonesia,-8.45,118.7666,106101
Bagé,Rio Grande do Sul,Brazil,-31.32,-54.1,106098
Derbent,Dagestan,Russia,42.0578,48.2774,105965
Boulder,CO,United States,40.0244,-105.2513,105898
Dearborn,MI,United States,42.3131,-83.2115,105811
Edinburg,TX,United States,26.3211,-98.1628,105799
Suceava,Suceava,Romania,47.6377,26.2593,105796
Sandy Springs,GA,United States,33.9315,-84.3689,105793
Annecy,Rhône-Alpes,France,45.9,6.1167,105749
Green Bay,WI,United States,44.5215,-87.9866,105744
Salto,Salto,Uruguay,-31.3903,-57.9687,105690
Azare,Bauchi,Nigeria,11.6804,10.19,105687
Lahad Datu,Sabah,Malaysia,5.0464,118.336,105622
West Covina,CA,United States,34.0559,-117.9099,105617
Sadah,Sa`dah,Yemen,16.9398,43.8498,105542
Assab,Debubawi Keyih Bahri,Eritrea,13.01,42.73,105496
Kon Tum,Qu?ng Nam,Vietnam,14.3838,107.9833,105489
Fresnillo,Zacatecas,Mexico,23.1704,-102.86,105488
Lugano,Ticino,Switzerland,46.0004,8.9667,105388
Queenstown,Eastern Cape,South Africa,-31.8996,26.88,105309
Hoa Binh,Hòa Bình,Vietnam,20.8137,105.3383,105260
Yevpatoriya,Crimea,Russia,45.1969,33.3631,105223
Granada‎,Granada,Nicaragua,11.9337,-85.95,105219
Kongolo,Katanga,Congo (Kinshasa),-5.3795,26.98,105202
Jizan,Jizan,Saudi Arabia,16.9066,42.5566,105198
Pec,Ðakovica,Kosovo,42.6603,20.3107,105163
Focșani,Vrancea,Romania,45.6966,27.1865,105112
Linhares,Espírito Santo,Brazil,-19.39,-40.05,105075
Cottbus,Brandenburg,Germany,51.7704,14.33,105067
Koutiala,Sikasso,Mali,12.3904,-5.47,104927
Brockton,MA,United States,42.0825,-71.0246,104890
Prijedor,Serbian Republic,Bosnia and Herzegovina,44.9804,16.7,104858
Jena,Thüringen,Germany,50.9304,11.58,104712
Gera,Thüringen,Germany,50.8704,12.07,104659
Torbat-e Jam,Razavi Khorasan,Iran,35.2233,60.6129,104578
St. George,UT,United States,37.077,-113.5765,104578
Bend,OR,United States,44.0567,-121.308,104557
Nong Khai,Nong Khai,Thailand,17.8733,102.7479,104505
Renton,WA,United States,47.4792,-122.1946,104491
Brindisi,Apulia,Italy,40.6403,17.93,104437
Mmabatho,North West,South Africa,-25.83,25.61,104428
Zhezqazghan,Qaraghandy,Kazakhstan,47.78,67.77,104357
Tandil,Ciudad de Buenos Aires,Argentina,-37.32,-59.15,104325
San Antonio,Valparaíso,Chile,-33.5995,-71.61,104292
Maumere,Nusa Tenggara Timur,Indonesia,-8.6189,122.2123,104285
Albury,New South Wales,Australia,-36.06,146.92,104258
Lee's Summit,MO,United States,38.9216,-94.3848,104184
Al Qamishli,Hasaka (Al Haksa),Syria,37.03,41.23,104107
Fishers,IN,United States,39.9618,-85.9684,104094
Adigrat,Tigray,Ethiopia,14.2804,39.47,104021
Abengourou,Moyen-Comoe,Ivory Coast,6.7304,-3.49,104020
Kiselevsk,Kemerovo,Russia,54.0,86.64,104000
Kroonstad,Orange Free State,South Africa,-27.66,27.21,103992
Ad-Damir,River Nile,Sudan,17.59,33.96,103941
Loubomo,Niari,Congo (Brazzaville),-4.1796,12.67,103894
El Monte,CA,United States,34.0746,-118.0291,103794
Kilinochchi,Kilinochchi,Sri Lanka,9.4004,80.3999,103717
Ahar,East Azarbaijan,Iran,38.4829,47.0629,103639
Biak,Papua,Indonesia,-1.1615,136.0485,103610
Gardiz,Paktya,Afghanistan,33.6001,69.2146,103601
Konotop,Sumy,Ukraine,51.2424,33.209,103547
Matruh,Matruh,Egypt,31.3504,27.23,103470
Perabumulih,Sumatera Selatan,Indonesia,-3.4432,104.2315,103470
Guaymas,Sonora,Mexico,27.93,-110.89,103449
South Bend,IN,United States,41.6766,-86.2688,103395
Rialto,CA,United States,34.1174,-117.3892,103391
Hidalgo del Parral,Chihuahua,Mexico,26.9334,-105.6666,103378
Vĩnh Long,Vinh Long,Vietnam,10.256,105.964,103314
Velikiye Luki,Pskov,Russia,56.32,30.52,103149
El Cajon,CA,United States,32.8017,-116.9605,102991
Inglewood,CA,United States,33.9561,-118.3443,102865
Palma Soriano,Santiago de Cuba,Cuba,20.2172,-75.9988,102826
Pedro Juan Caballero,Amambay,Paraguay,-22.5446,-55.76,102787
Pakxe,Champasak,Laos,15.1221,105.8183,102775
Burbank,CA,United States,34.1901,-118.3264,102755
Wichita Falls,TX,United States,33.9067,-98.5258,102691
Roxas,Capiz,Philippines,11.5853,122.7511,102688
Piatra-Neamt,Neamt,Romania,46.94,26.383,102688
Vacaville,CA,United States,38.3586,-121.9686,102526
Grudziądz,Kuyavian-Pomeranian,Poland,53.4804,18.75,102443
Houma,Shanxi,China,35.62,111.21,102400
Lower Hutt,Wellington,New Zealand,-41.2037,174.9123,102400
Carmel,IN,United States,39.9655,-86.1484,102296
Ukhta,Komi,Russia,63.56,53.69,102187
Liberec,Liberecký,Czechia,50.8,15.08,102175
Palm Coast,FL,United States,29.5368,-81.2426,102113
Bethal,Mpumalanga,South Africa,-26.4696,29.45,101919
Bontang,Kalimantan Timur,Indonesia,0.1333,117.5,101691
Fayetteville,AR,United States,36.0715,-94.1666,101680
Teluk Intan,Perak,Malaysia,4.0119,101.0314,101659
Ibri,Al Dhahira,Oman,23.2254,56.517,101640
Dera Ismail Khan,N.W.F.P.,Pakistan,31.829,70.8986,101616
Quincy,MA,United States,42.261,-71.009,101597
Kansk,Krasnoyarsk,Russia,56.19,95.71,101502
Sarapul,Udmurt,Russia,56.4791,53.7987,101344
San Mateo,CA,United States,37.5603,-122.3106,101327
Chico,CA,United States,39.759,-121.8177,101301
Maladzyechna,Minsk,Belarus,54.3188,26.8653,101300
Olomouc,Moravskoslezský,Czechia,49.63,17.25,101268
Lynn,MA,United States,42.4748,-70.962,101241
Albany,NY,United States,42.6657,-73.7984,101228
Barretos,São Paulo,Brazil,-20.55,-48.58,101220
Teófilo Otoni,Minas Gerais,Brazil,-17.87,-41.5,101170
Kilchu,Hamgyong-bukto,North Korea,40.9604,129.3204,101165
Duitama,Boyacá,Colombia,5.8305,-73.02,101156
Vanadzor,Lori,Armenia,40.8128,44.4883,101098
Tartu,Tartu,Estonia,58.3839,26.7099,101092
Novara,Piemonte,Italy,45.45,8.62,100910
Yuma,AZ,United States,32.5163,-114.5218,100858
Oum el Bouaghi,Oum el Bouaghi,Algeria,35.85,7.15,100821
Solikamsk,Perm',Russia,59.67,56.75,100812
New Bedford,MA,United States,41.6613,-70.9379,100695
Glazov,Udmurt,Russia,58.1232,52.6288,100676
Suffolk,VA,United States,36.6972,-76.6348,100659
Hesperia,CA,United States,34.397,-117.3152,100633
Ancona,Marche,Italy,43.6004,13.4999,100507
Bukoba,Kagera,Tanzania,-1.3196,31.8,100504
Kpalimé,Plateaux,Togo,6.9004,0.63,100479
Sakata,Yamagata,Japan,38.92,139.8501,100446
Davenport,IA,United States,41.5568,-90.6039,100354
Magangué,Bolívar,Colombia,9.23,-74.74,100313
Ust-Ilimsk,Irkutsk,Russia,57.99,102.6333,100271
Sabha,Sabha,Libya,27.0333,14.4333,100249
Lida,Hrodna,Belarus,53.8885,25.2846,100216
Chamdo,Xizang,China,31.1667,97.2333,100000
Isna,Qina,Egypt,25.2904,32.5499,100000
Arlit,Agadez,Niger,18.82,7.33,100000
Subotica,Severno-Backi,Serbia,46.07,19.68,100000
Boca Raton,FL,United States,26.3727,-80.1037,99974
Daly City,CA,United States,37.6862,-122.4687,99833
Tsuruoka,Yamagata,Japan,38.7004,139.8302,99820
Chanthaburi,Chanthaburi,Thailand,12.6133,102.0979,99819
Tumen,Jilin,China,42.97,129.8201,99721
Urgut,Samarkand,Uzbekistan,39.4007,67.2607,99675
Zelenodolsk,Tatarstan,Russia,55.8406,48.655,99600
Novoshakhtinsk,Rostov,Russia,47.77,39.92,99478
Galle,Galle,Sri Lanka,6.03,80.24,99478
Choluteca,Choluteca,Honduras,13.3007,-87.1908,99429
Thunder Bay,Ontario,Canada,48.4462,-89.275,99334
Thika,Central,Kenya,-1.0396,37.09,99322
Bam,Kerman,Iran,29.1077,58.362,99268
San Angelo,TX,United States,31.4411,-100.4505,99262
Fengzhen,Nei Mongol,China,40.4547,113.1443,99174
Kwekwe,Midlands,Zimbabwe,-18.9296,29.8,99149
Tuapse,Krasnodar,Russia,44.1148,39.0644,99145
Talara,Piura,Peru,-4.58,-81.28,99074
Giresun,Giresun,Turkey,40.913,38.39,98864
Kericho,Rift Valley,Kenya,-0.3596,35.28,98852
České Budějovice,Jihoceský,Czechia,48.98,14.46,98851
Lahti,Päijänne Tavastia,Finland,60.9939,25.6649,98826
Kontagora,Niger,Nigeria,10.4004,5.4699,98754
Passos,Minas Gerais,Brazil,-20.71,-46.61,98752
Deltona,FL,United States,28.9051,-81.211,98739
Thimphu,Thimphu,Bhutan,27.473,89.639,98676
Votkinsk,Udmurt,Russia,57.0304,53.99,98633
Longmont,CO,United States,40.1699,-105.1018,98630
Örebro,Orebro,Sweden,59.2803,15.22,98573
Serov,Sverdlovsk,Russia,59.615,60.585,98438
Apatzingán,Michoacán,Mexico,19.08,-102.35,98422
Vista,CA,United States,33.1897,-117.2386,98344
Kenosha,WI,United States,42.5875,-87.88,98211
Jyväskylä,Central Finland,Finland,62.2603,25.75,98136
Balashov,Saratov,Russia,51.5535,43.1631,98107
Edmond,OK,United States,35.6738,-97.4131,98103
Norwalk,CA,United States,33.9076,-118.0835,98078
Iseyin,Oyo,Nigeria,7.97,3.59,98071
Tracy,CA,United States,37.7274,-121.4522,98010
Flensburg,Schleswig-Holstein,Germany,54.7837,9.4333,97930
Zheleznogorsk,Kursk,Russia,52.3548,35.4044,97900
Atlixco,Puebla,Mexico,18.9,-98.45,97842
Ubá,Minas Gerais,Brazil,-21.1196,-42.95,97828
Ozamis,Misamis Occidental,Philippines,8.1462,123.8444,97806
Ourinhos,São Paulo,Brazil,-22.97,-49.87,97799
Slavonski Brod,Brodsko-Posavska,Croatia,45.1603,18.0156,97718
Mangochi,Mangochi,Malawi,-14.4596,35.27,97711
Federal Way,WA,United States,47.3116,-122.3378,97701
L'Ariana,Manubah,Tunisia,36.8667,10.2,97687
Trindade,Goiás,Brazil,-16.65,-49.5,97521
Arapongas,Paraná,Brazil,-23.41,-51.4301,97512
Bafra,Samsun,Turkey,41.5682,35.9069,97452
Az Zahran,Ash Sharqiyah,Saudi Arabia,26.2914,50.1583,97446
Fort Myers,FL,United States,26.6201,-81.8295,97372
Turkistan,South Kazakhstan,Kazakhstan,43.3016,68.2549,97360
San Carlos del Zulia,Zulia,Venezuela,9.0104,-71.92,97288
Târgu Jiu,Gorj,Romania,45.045,23.274,97179
Roanoke,VA,United States,37.2785,-79.9582,97171
Shangzhi,Heilongjiang,China,45.2204,127.97,96980
Beaverton,OR,United States,45.4778,-122.8169,96945
Guasave,Sinaloa,Mexico,25.5705,-108.47,96860
Shostka,Sumy,Ukraine,51.8734,33.4797,96825
Sunrise,FL,United States,26.1716,-80.2616,96808
Portsmouth,VA,United States,36.8593,-76.357,96793
Yasuj,Kohgiluyeh and Buyer Ahmad,Iran,30.659,51.594,96786
Bunia,Orientale,Congo (Kinshasa),1.5604,30.24,96764
Yakima,WA,United States,46.5909,-120.5494,96750
Linköping,Östergötland,Sweden,58.41,15.6299,96732
Schwerin,Mecklenburg-Vorpommern,Germany,53.6333,11.4167,96641
Bolu,Bolu,Turkey,40.7363,31.6061,96629
Mtwara,Mtwara,Tanzania,-10.2696,40.19,96602
Araguari,Minas Gerais,Brazil,-18.64,-48.2,96565
Plantation,FL,United States,26.1256,-80.2618,96548
Yên Bái,Yên Bái,Vietnam,21.705,104.875,96540
Corumbá,Mato Grosso do Sul,Brazil,-19.016,-57.65,96520
Half Way Tree,Saint Andrew,Jamaica,18.0333,-76.8,96494
Sliven,Sliven,Bulgaria,42.6794,26.33,96368
Georgetown,TX,United States,30.6681,-97.6987,96312
Kelo,Tandjilé,Chad,9.3171,15.8,96224
Lawrence,KS,United States,38.96,-95.2629,96207
Erechim,Rio Grande do Sul,Brazil,-27.63,-52.27,96087
Yola,Adamawa,Nigeria,9.21,12.48,96006
Aurangabad,Bihar,India,24.7704,84.38,95929
Sungaipenuh,Jambi,Indonesia,-2.0631,101.3964,95913
Bolzano,Trentino-Alto Adige,Italy,46.5004,11.36,95895
Mekele,Tigray,Ethiopia,13.5,39.47,95856
Kuznetsk,Penza,Russia,53.1204,46.6,95574
Guliston,Sirdaryo,Uzbekistan,40.4957,68.7907,95520
Orem,UT,United States,40.2981,-111.6994,95519
Bariloche,Río Negro,Argentina,-41.15,-71.3,95394
Magadan,Maga Buryatdan,Russia,59.575,150.81,95282
Boli,Heilongjiang,China,45.7564,130.5759,95260
Catanzaro,Calabria,Italy,38.9004,16.6,95251
Mount Pleasant,SC,United States,32.8084,-79.865,95232
Hradec Králové,Královéhradecký,Czechia,50.206,15.812,95195
Juazeiro,Bahia,Brazil,-9.42,-40.5,95132
Osijek,Osjecko-Baranjska,Croatia,45.5504,18.68,95077
Asheville,NC,United States,35.571,-82.5527,95056
Al Aqabah,Aqaba,Jordan,29.527,35.0777,95048
Biu,Borno,Nigeria,10.6204,12.19,95005
Latacunga,Cotopaxi,Ecuador,-0.9296,-78.61,94972
Reading,PA,United States,40.3392,-75.9263,94903
Dobrich,Dobrich,Bulgaria,43.5851,27.84,94831
Naxcivan,Naxçivan,Azerbaijan,39.2092,45.4122,94788
Nowra,New South Wales,Australia,-34.8828,150.6,94781
Bellingham,WA,United States,48.7534,-122.4702,94720
Prešov,Prešov,Slovakia,48.9997,21.2394,94718
Kırşehir,Kirsehir,Turkey,39.142,34.171,94336
Ponta Porã,Mato Grosso do Sul,Brazil,-22.53,-55.73,94331
Bento Gonçalves,Rio Grande do Sul,Brazil,-29.1695,-51.52,94271
Novy Urengoy,Yamal-Nenets,Russia,66.0833,76.6332,94212
San Marcos,CA,United States,33.1326,-117.1699,94188
Al Fujayrah,Fujayrah,United Arab Emirates,25.1234,56.3375,94163
Lagos de Moreno,Jalisco,Mexico,21.3704,-101.93,94127
Yishui,Shandong,China,35.7904,118.62,94115
Usti Nad Labem,Liberecký,Czechia,50.663,14.081,94105
O'Fallon,MO,United States,38.7847,-90.7207,94074
Malindi,Coast,Kenya,-3.21,40.1,94016
Fall River,MA,United States,41.7254,-71.0942,93840
Merced,CA,United States,37.3057,-120.4779,93692
Samandagi,Hatay,Turkey,36.1171,35.9333,93638
Manzhouli,Nei Mongol,China,49.6,117.43,93620
Tatuí,São Paulo,Brazil,-23.35,-47.86,93580
Avondale,AZ,United States,33.3132,-112.3289,93545
Michurinsk,Tambov,Russia,52.9,40.5,93499
Trelew,Chubut,Argentina,-43.25,-65.33,93442
Nazran,Ingush,Russia,43.233,44.783,93357
Daan,Jilin,China,45.5,124.3,93297
Polatlı,Ankara,Turkey,39.5842,32.1472,93262
Sheberghan,Jawzjan,Afghanistan,36.658,65.7383,93241
Bath,Bath and North East Somerset,United Kingdom,51.3837,-2.35,93238
Bafang,Ouest,Cameroon,5.1704,10.18,93145
Chino,CA,United States,33.978,-117.6577,93114
Temple,TX,United States,31.1034,-97.3911,93095
Darwin,Northern Territory,Australia,-12.4254,130.85,93080
Nouméa,Sud,New Caledonia,-22.2625,166.4443,93060
Indio,CA,United States,33.7316,-116.236,93057
Ho,Volta,Ghana,6.6004,0.47,93044
Kineshma,Ivanovo,Russia,57.47,42.13,92983
Erie,PA,United States,42.1166,-80.0735,92957
Coronel,Bío-Bío,Chile,-37.0299,-73.16,92940
Wukari,Taraba,Nigeria,7.8704,9.78,92933
Rosenheim,Bayern,Germany,47.8503,12.1333,92809
Toowoomba,Queensland,Australia,-27.5645,151.9555,92800
Quibdó,Chocó,Colombia,5.6904,-76.66,92780
Redding,CA,United States,40.5703,-122.3668,92727
Sampit,Kalimantan Tengah,Indonesia,-2.5329,112.95,92710
Foumban,Ouest,Cameroon,5.7304,10.9,92673
Patos,Paraíba,Brazil,-7.0196,-37.29,92575
Tulcea,Constanta,Romania,45.1993,28.7967,92475
Fuan,Fujian,China,27.0704,119.62,92470
Maizuru,Kyoto,Japan,35.4504,135.3333,92465
Norwalk,CT,United States,41.0927,-73.4198,92458
Villa María,Córdoba,Argentina,-32.41,-63.26,92453
Hoover,AL,United States,33.379,-86.8089,92448
Santiago de Compostela,Galicia,Spain,42.8829,-8.5411,92430
Hemet,CA,United States,33.7341,-116.9968,92368
Itaituba,Pará,Brazil,-4.2586,-55.925,92308
Dhangarhi,Achham,Nepal,28.695,80.593,92294
Tubarão,Santa Catarina,Brazil,-28.48,-49.02,92275
Calais,Nord-Pas-de-Calais,France,50.9504,1.8333,92201
Livonia,MI,United States,42.3972,-83.3723,92185
Ciudad Guzman,Jalisco,Mexico,19.7104,-103.46,92161
Ereğli,Konya,Turkey,37.5063,34.0517,92117
Kohima,Nagaland,India,25.667,94.1166,92113
Danjiangkou,Hubei,China,32.52,111.5,92008
Sandy,UT,United States,40.5717,-111.8499,91943
Kuopio,Eastern Finland,Finland,62.8943,27.6949,91900
Bugulma,Tatarstan,Russia,54.5543,52.7943,91900
Kilosa,Morogoro,Tanzania,-6.8396,36.99,91889
Cabinda,Cabinda,Angola,-5.5596,12.19,91791
Roswell,GA,United States,34.0395,-84.3509,91706
Arezzo,Toscana,Italy,43.4617,11.875,91589
Grahamstown,Eastern Cape,South Africa,-33.2996,26.52,91548
Novoaltaysk,Altay,Russia,53.3993,83.9588,91386
Tecoman,Colima,Mexico,18.9204,-103.88,91321
Helsingborg,Skåne,Sweden,56.0505,12.7,91304
Mons,Hainaut,Belgium,50.446,3.939,91277
Kendu Bay,Nyanza,Kenya,-0.3596,34.64,91248
Kirkland,WA,United States,47.6967,-122.2042,91194
Muriaé,Minas Gerais,Brazil,-21.13,-42.39,91173
Carson,CA,United States,33.8404,-118.2496,91139
Pingdu,Shandong,China,36.7904,119.94,91077
Manteca,CA,United States,37.7928,-121.2261,91059
Niğde,Nigde,Turkey,37.976,34.694,91039
Nashua,NH,United States,42.7491,-71.4905,91003
Compton,CA,United States,33.894,-118.2275,90986
Lüleburgaz,Kirklareli,Turkey,41.4067,27.3552,90899
Chauk,Magway,Myanmar,20.9085,94.823,90870
Cuauhtémoc,Chihuahua,Mexico,28.4257,-106.8696,90835
Drammen,Buskerud,Norway,59.7572,10.1907,90722
Moncton,New Brunswick,Canada,46.0833,-64.7667,90635
Mission Viejo,CA,United States,33.6093,-117.6565,90624
Klagenfurt,Kärnten,Austria,46.6203,14.31,90610
Phetchaburi,Phetchaburi,Thailand,13.1133,99.9412,90497
Gatchina,Leningrad,Russia,59.5707,30.1333,90486
Itanhaem,São Paulo,Brazil,-24.18,-46.8,90385
Kirovo-Chepetsk,Kirov,Russia,58.5544,50.0444,90252
Lawton,OK,United States,34.6192,-98.4211,90245
Lehi,UT,United States,40.4171,-111.8711,90227
Reconquista,Santa Fe,Argentina,-29.1395,-59.65,90184
Mbabane,Hhohho,eSwatini,-26.3167,31.1333,90138
Barahona,Barahona,Dominican Republic,18.2004,-71.1,90128
Buea,Sud-Ouest,Cameroon,4.155,9.231,90088
South Gate,CA,United States,33.9442,-118.1928,90070
Limerick,Limerick,Ireland,52.6647,-8.623,90054
Greenville,NC,United States,35.5964,-77.3753,90053
Francistown,Central,Botswana,-21.17,27.5,89979
Santa Monica,CA,United States,34.0109,-118.4982,89922
Yegoryevsk,Moskovsskaya,Russia,55.3848,39.0294,89795
Jönköping,Jönköping,Sweden,57.7713,14.165,89780
Fort Smith,AR,United States,35.3493,-94.3709,89770
Santana do Livramento,Rio Grande do Sul,Brazil,-30.88,-55.53,89694
Trenton,NJ,United States,40.2238,-74.7636,89620
Bryan,TX,United States,30.666,-96.381,89615
Vlorë,Vlorë,Albania,40.4774,19.4982,89546
Chester,Cheshire,United Kingdom,53.2,-2.92,89531
Fujin,Heilongjiang,China,47.2704,132.02,89442
Hosaina,"Southern Nations, Nationalities and Peoples",Ethiopia,7.5504,37.85,89300
Ad Dakhla,Oued el Dahab,Morocco,23.7141,-15.9368,89292
Tambacounda,Tambacounda,Senegal,13.7804,-13.68,89212
Champaign,IL,United States,40.1141,-88.2746,89189
Santa Fe,NM,United States,35.662,-105.9818,89167
Sumbawanga,Rukwa,Tanzania,-7.9596,31.62,89161
Valle de la Pascua,Guárico,Venezuela,9.21,-66.02,89080
North Port,FL,United States,27.0582,-82.198,88934
Shwebo,Sagaing,Myanmar,22.5783,95.6929,88914
Zárate,Ciudad de Buenos Aires,Argentina,-34.0896,-59.04,88781
Wangqing,Jilin,China,43.3248,129.7343,88732
Westminster,CA,United States,33.7523,-117.9939,88729
Rafaela,Santa Fe,Argentina,-31.25,-61.5,88713
Norrköping,Östergötland,Sweden,58.5954,16.1787,88639
Montero,Santa Cruz,Bolivia,-17.3496,-63.26,88616
Chosica,Lima,Peru,-11.93,-76.71,88606
Chaman,Baluchistan,Pakistan,30.925,66.4463,88568
Franklin,TN,United States,35.914,-86.8522,88558
Brovary,Kiev,Ukraine,50.4943,30.7809,88506
Clifton,NJ,United States,40.8621,-74.1604,88461
Târgoviște,Dâmbovita,Romania,44.938,25.459,88435
Newton,MA,United States,42.3318,-71.2084,88415
Nova Lima,Minas Gerais,Brazil,-19.98,-43.85,88399
Taldyqorghan,Almaty,Kazakhstan,45.0,78.4,88380
Zhob,Baluchistan,Pakistan,31.349,69.4386,88356
Qal at Bishah,`Asir,Saudi Arabia,20.0087,42.5987,88291
Brusque,Santa Catarina,Brazil,-27.13,-48.93,88284
Springdale,AR,United States,36.1914,-94.1551,88224
São Tomé,,Sao Tome and Principe,0.3334,6.7333,88219
Lawrence,MA,United States,42.7003,-71.1614,88172
Coronel Oviedo,Caaguazú,Paraguay,-25.45,-56.44,88101
Yozgat,Yozgat,Turkey,39.818,34.815,87881
Madinat ath Thawrah,Ar Raqqah,Syria,35.8367,38.5481,87880
Ebolowa,Sud,Cameroon,2.9,11.15,87875
Saint John,New Brunswick,Canada,45.267,-66.0767,87857
Ağrı,Agri,Turkey,39.7198,43.0513,87854
Surigao,Dinagat Islands,Philippines,9.7843,125.4888,87832
Yeysk,Krasnodar,Russia,46.6988,38.2634,87814
Çanakkale,Çanakkale,Turkey,40.1459,26.4064,87791
Parepare,Sulawesi Selatan,Indonesia,-4.0167,119.6333,87776
San Juan De Los Morros,Guárico,Venezuela,9.901,-67.354,87739
Buzuluk,Orenburg,Russia,52.7821,52.2618,87714
Duluth,MN,United States,46.7745,-92.1341,87680
Makeni,Northern,Sierra Leone,8.8804,-12.05,87679
Uman,Cherkasy,Ukraine,48.7543,30.2109,87658
Pergamino,Ciudad de Buenos Aires,Argentina,-33.8996,-60.57,87652
Waukegan,IL,United States,42.3694,-87.8709,87642
Žilina,Žilinský,Slovakia,49.2198,18.7494,87625
Gitarama,Southern,Rwanda,-2.0696,29.76,87613
Koidu,Eastern,Sierra Leone,8.4405,-10.85,87539
Assis,São Paulo,Brazil,-22.6596,-50.42,87471
Changting,Fujian,China,25.867,116.3167,87458
Bloomington,MN,United States,44.8297,-93.3152,87398
Koudougou,Boulkiemdé,Burkina Faso,12.2505,-2.37,87347
Troy,MI,United States,42.5839,-83.1455,87339
Deerfield Beach,FL,United States,26.3117,-80.1254,87325
Mission,TX,United States,26.2041,-98.3252,87292
Shumen,Shumen,Bulgaria,43.27,26.9294,87283
Ogden,UT,United States,41.2284,-111.9681,87267
Mishan,Heilongjiang,China,45.5504,131.88,87257
Nenjiang,Heilongjiang,China,49.18,125.23,87236
Ed Dueim,White Nile,Sudan,13.9904,32.3,87068
Lokossa,Mono,Benin,6.615,1.715,86971
Melbourne,FL,United States,28.1104,-80.6627,86960
Huaraz,Ancash,Peru,-9.53,-77.53,86934
Nouadhibou,Dakhlet Nouadhibou,Mauritania,20.9,-17.056,86738
Tumaco,Nariño,Colombia,1.81,-78.81,86713
Ruhengeri,Northern,Rwanda,-1.4996,29.63,86685
Bitola,Bitola,North Macedonia,41.0391,21.3395,86528
Santa Barbara,CA,United States,34.4036,-119.7137,86499
Olavarría,Ciudad de Buenos Aires,Argentina,-36.9,-60.33,86320
Ioanina,Ipeiros,Greece,39.6679,20.8509,86304
Citrus Heights,CA,United States,38.6948,-121.288,86239
Panshi,Jilin,China,42.9426,126.0561,86216
Danbury,CT,United States,41.3987,-73.4781,86124
Lorca,Región de Murcia,Spain,37.6886,-1.6985,86119
Shchekino,Tula,Russia,54.0143,37.5143,86088
Agua Prieta,Sonora,Mexico,31.3223,-109.563,86083
Potiskum,Yobe,Nigeria,11.7104,11.08,86002
Huehuetenango,Huehuetenango,Guatemala,15.3204,-91.47,85992
Chipata,Eastern,Zambia,-13.6296,32.64,85963
Poitier,Poitou-Charentes,France,46.5833,0.3333,85960
Keffi,Nassarawa,Nigeria,8.849,7.8736,85911
Usolye Sibirskoye,Irkutsk,Russia,52.765,103.645,85900
Lake Forest,CA,United States,33.6549,-117.6758,85840
Frederick,MD,United States,39.4341,-77.4145,85793
San Leandro,CA,United States,37.7034,-122.163,85784
Helong,Jilin,China,42.5348,129.0044,85756
Sioux City,IA,United States,42.4953,-96.3899,85727
Behbehan,Khuzestan,Iran,30.5818,50.2615,85707
Río Gallegos,Santa Cruz,Argentina,-51.6333,-69.2166,85700
Chumphon,Chumphon,Thailand,10.5127,99.1872,85686
Sokcho,Gangwon-do,South Korea,38.2087,128.5912,85430
Versailles,Île-de-France,France,48.8005,2.1333,85416
Paulo Afonso,Bahia,Brazil,-9.3307,-38.2657,85350
Ituiutaba,Minas Gerais,Brazil,-18.97,-49.46,85345
Cáceres,Mato Grosso,Brazil,-16.05,-57.51,85274
Kennewick,WA,United States,46.1976,-119.1759,85158
Liepaga,Liepaja,Latvia,56.51,21.01,85132
Ballarat,Victoria,Australia,-37.5596,143.84,85109
Medford,OR,United States,42.3369,-122.8518,85098
Louga,Louga,Senegal,15.6104,-16.25,85075
Junín,Ciudad de Buenos Aires,Argentina,-34.5846,-60.9589,85007
Limón,Limón,Costa Rica,10.0,-83.0333,85001
Lorient,Bretagne,France,47.7504,-3.3666,84952
San Ramon,CA,United States,37.7653,-121.932,84929
Nanaimo,British Columbia,Canada,49.146,-123.9343,84905
Savannakhet,Savannakhét,Laos,16.5376,104.773,84898
Folsom,CA,United States,38.6666,-121.1416,84782
Sumenep,Jawa Timur,Indonesia,-7.0049,113.8496,84656
Guider,Nord,Cameroon,9.9304,13.94,84647
Warner Robins,GA,United States,32.5971,-83.6539,84537
South Jordan,UT,United States,40.5569,-111.9786,84528
Linjiang,Jilin,China,41.8363,126.936,84315
Trinidad,El Beni,Bolivia,-14.8334,-64.9,84259
Yurga,Kemerovo,Russia,55.7258,84.8854,84220
Whittier,CA,United States,33.9668,-118.0201,84143
Baytown,TX,United States,29.7648,-94.9675,84067
Gastonia,NC,United States,35.249,-81.1848,83942
Porto Santana,Amapá,Brazil,-0.0396,-51.18,83927
Auburn,WA,United States,47.3038,-122.21,83870
New Rochelle,NY,United States,40.9232,-73.7793,83742
Mbarara,Kashari,Uganda,-0.5996,30.65,83700
Anzhero Sudzhensk,Kemerovo,Russia,56.08,86.04,83692
Bethlehem,Orange Free State,South Africa,-28.2196,28.3,83654
Londonderry/Derry,Derry,United Kingdom,55.0004,-7.3333,83652
Peterborough,Ontario,Canada,44.3,-78.3333,83627
Gisenyi,Western,Rwanda,-1.6847,29.2629,83623
Layton,UT,United States,41.0774,-111.9607,83516
Ocaña,Norte de Santander,Colombia,8.2404,-73.35,83511
Ouidah,Atlantique,Benin,6.3604,2.09,83503
Hawthorne,CA,United States,33.9148,-118.3481,83364
Reșița,Caras-Severin,Romania,45.297,21.8865,83324
Codó,Maranhão,Brazil,-4.4796,-43.88,83288
Longview,TX,United States,32.5193,-94.7646,83236
Kampong Cham,Kâmpóng Cham,Cambodia,12.0004,105.45,83233
Izmayil,Odessa,Ukraine,45.3503,28.8374,83194
Tulcán,Carchi,Ecuador,0.822,-77.732,83000
Warwick,RI,United States,41.7031,-71.4203,82999
Antsiranana,Antsiranana,Madagascar,-12.2765,49.3115,82937
Livermore,CA,United States,37.687,-121.7598,82908
Amasya,Amasya,Turkey,40.6537,35.833,82896
Yacuíba,Salta,Argentina,-22.03,-63.7,82803
Wiener Neustadt,Niederösterreich,Austria,47.816,16.25,82762
Newport Beach,CA,United States,33.5973,-117.8904,82637
Cranston,RI,United States,41.7697,-71.485,82635
Rancho Cordova,CA,United States,38.5771,-121.2362,82605
Araxá,Minas Gerais,Brazil,-19.5796,-46.95,82595
Westland,MI,United States,42.3192,-83.3808,82574
Muş,Mus,Turkey,38.749,41.4969,82536
Farmington Hills,MI,United States,42.4856,-83.376,82528
Daytona Beach,FL,United States,29.1907,-81.0971,82485
Nan,Nan,Thailand,18.7868,100.7715,82483
Pernik,Pernik,Bulgaria,42.61,23.0227,82467
Bagamoyo,Pwani,Tanzania,-6.4396,38.89,82426
Chukai,Trengganu,Malaysia,4.2332,103.4479,82425
Palmerston North,Manawatu-Wanganui,New Zealand,-40.3527,175.6072,82400
Nangong,Hebei,China,37.3704,115.37,82386
Chimaltenango,Chimaltenango,Guatemala,14.662,-90.82,82370
Gießen,Hessen,Germany,50.5837,8.65,82358
Troitsk,Chelyabinsk,Russia,54.1056,61.5702,82338
Banská Bystrica,Banskobystrický,Slovakia,48.7333,19.15,82336
Kanoya,Kagoshima,Japan,31.3833,130.85,82335
Kilis,Gaziantep,Turkey,36.7204,37.12,82301
Fier,Fier,Albania,40.73,19.573,82297
Polatsk,Vitsyebsk,Belarus,55.4894,28.786,82258
Largo,FL,United States,27.9059,-82.7672,82248
Asela,Addis Ababa,Ethiopia,7.9504,39.1399,82240
Bolgatanga,Upper East,Ghana,10.7904,-0.85,82177
Abomey,Zou,Benin,7.1904,1.99,82154
Chililabombwe,Copperbelt,Zambia,-12.3696,27.82,82068
Auburn,AL,United States,32.6078,-85.4947,82025
Brooklyn Park,MN,United States,45.1109,-93.3491,82017
Qasserine,Kassérine,Tunisia,35.1804,8.83,81987
Buena Park,CA,United States,33.8574,-118.0074,81958
Presidencia Roque Saenz Pena,Chaco,Argentina,-26.79,-60.45,81879
Mountain View,CA,United States,37.3997,-122.0793,81785
Agboville,Agnéby,Ivory Coast,5.9403,-4.28,81770
Kaspiysk,Dagestan,Russia,42.8747,47.6244,81752
Luján,Ciudad de Buenos Aires,Argentina,-34.5796,-59.11,81749
Homestead,FL,United States,25.4663,-80.443,81659
Bendigo,Victoria,Australia,-36.76,144.28,81657
Watampone,Sulawesi Selatan,Indonesia,-4.5328,120.3334,81629
Campana,Ciudad de Buenos Aires,Argentina,-34.16,-58.96,81612
Sukhumi,Abkhazia,Georgia,43.02,41.02,81546
Lavras,Minas Gerais,Brazil,-21.2496,-45.01,81472
Béziers,Languedoc-Roussillon,France,43.3505,3.21,81438
Castle Rock,CO,United States,39.3762,-104.8529,81415
Balqash,Qaraghandy,Kazakhstan,46.8532,74.9502,81364
Bistrița,Bistrita-Nasaud,Romania,47.138,24.513,81318
Avaré,São Paulo,Brazil,-23.11,-48.93,81285
Kissimmee,FL,United States,28.3028,-81.4178,81269
Boynton Beach,FL,United States,26.5283,-80.0807,81267
Asbest,Sverdlovsk,Russia,57.023,61.458,81248
Formosa,Goiás,Brazil,-15.5395,-47.34,81232
Pisco,Ica,Peru,-13.71,-76.22,81207
Johns Creek,GA,United States,34.0327,-84.2038,81108
Salina Cruz,Oaxaca,Mexico,16.1671,-95.2,81063
Linares,Maule,Chile,-35.84,-71.59,81015
Cicero,IL,United States,41.8445,-87.7593,81004
Redwood City,CA,United States,37.5153,-122.2137,80996
Zomba,Zomba,Malawi,-15.39,35.31,80932
Natitingou,Atakora,Benin,10.3204,1.39,80892
Hobart,Tasmania,Australia,-42.85,147.295,80870
Abu Kamal,Dayr Az Zawr,Syria,34.4504,40.9186,80808
Klin,Moskovsskaya,Russia,56.3431,36.6987,80778
Atakpamé,Plateaux,Togo,7.53,1.12,80683
Jonesboro,AR,United States,35.8198,-90.679,80650
Perris,CA,United States,33.7898,-117.2222,80603
Bingöl,Bingöl,Turkey,38.885,40.498,80568
Necochea,Ciudad de Buenos Aires,Argentina,-38.56,-58.75,80478
Huacho,Lima,Peru,-11.11,-77.62,80474
Pharr,TX,United States,26.1678,-98.1902,80410
Somerville,MA,United States,42.3904,-71.101,80407
Uvinza,Kigoma,Tanzania,-5.1196,30.39,80350
Kilifi,Coast,Kenya,-3.6096,39.85,80339
Redmond,WA,United States,47.6779,-122.1153,80280
Mbalmayo,Centre,Cameroon,3.5204,11.5,80206
Musan,Hamgyong-bukto,North Korea,42.2304,129.2304,80146
Meiganga,Adamaoua,Cameroon,6.5205,14.29,80100
Leander,TX,United States,30.5743,-97.8617,80067
Al Karak,Karak,Jordan,31.1851,35.7047,80062
Vorkuta,Komi,Russia,67.5,64.01,80039
Pasco,WA,United States,46.2661,-119.1214,80038
Capenda-Camulemba,Lunda Norte,Angola,-9.4196,18.43,80000
Koktokay,Xinjiang Uygur,China,47.0004,89.4666,80000
Xigaze,Xizang,China,29.25,88.8833,80000
Nabatiye et Tahta,An Nabatiyah,Lebanon,33.3833,35.45,80000
Jabal Ali,Dubay,United Arab Emirates,24.9762,55.0107,80000
Ciudad Mante,Tamaulipas,Mexico,22.7334,-98.95,79981
Alhambra,CA,United States,34.0836,-118.1364,79776
Prachin Buri,Prachin Buri,Thailand,14.0572,101.3768,79757
Khaskovo,Haskovo,Bulgaria,41.9438,25.5633,79699
Quillota,Valparaíso,Chile,-32.88,-71.26,79686
Flint,MI,United States,43.0244,-83.692,79661
Erdenet,Orhon,Mongolia,49.0533,104.1183,79647
Lake Charles,LA,United States,30.199,-93.2108,79633
Miami Beach,FL,United States,25.8106,-80.1489,79607
Kropotkin,Krasnodar,Russia,45.4471,40.5821,79599
Itumbiara,Goiás,Brazil,-18.3996,-49.21,79582
Beni Mazar,Al Minya,Egypt,28.4904,30.81,79553
Woodbury,MN,United States,44.9063,-92.9237,79538
Lynchburg,VA,United States,37.399,-79.1955,79535
Yalta,Crimea,Russia,44.4993,34.1594,79509
Ouahigouya,Yatenga,Burkina Faso,13.5704,-2.42,79504
Shadrinsk,Kurgan,Russia,56.0837,63.6333,79479
Flower Mound,TX,United States,33.0379,-97.1134,79445
Abaetetuba,Pará,Brazil,-1.7245,-48.8849,79420
Rapid City,SD,United States,44.0711,-103.2179,79404
Doral,FL,United States,25.816,-80.3576,79359
Loveland,CO,United States,40.4169,-105.0631,79352
Kadoma,Mashonaland West,Zimbabwe,-18.33,29.9099,79174
Paysandú,Paysandú,Uruguay,-32.33,-58.08,79016
Inowrocław,Kuyavian-Pomeranian,Poland,52.7799,18.25,79007
Slatina,Olt,Romania,44.435,24.371,78988
Parma,OH,United States,41.3836,-81.7286,78951
Kupyansk,Kharkiv,Ukraine,49.7218,37.5981,78870
Bloomington,IN,United States,39.1637,-86.5243,78840
Shulan,Jilin,China,44.4091,126.9487,78764
Sagaing,Sagaing,Myanmar,21.88,95.962,78739
Hania,Kriti,Greece,35.5122,24.0156,78728
Três Lagoas,Mato Grosso do Sul,Brazil,-20.79,-51.72,78712
Biel,Bern,Switzerland,47.1666,7.25,78708
Upland,CA,United States,34.1161,-117.6599,78699
Gualeguaychú,Entre Ríos,Argentina,-33.02,-58.52,78676
Ceuta,Ceuta,Spain,35.889,-5.307,78674
Dondo,Sofala,Mozambique,-19.6196,34.73,78648
São João del Rei,Minas Gerais,Brazil,-21.13,-44.25,78592
Bloomington,IL,United States,40.4758,-88.9699,78587
Mansfield,TX,United States,32.5692,-97.1205,78542
St.-Jerome,Québec,Canada,45.7666,-74.0,78439
Bethlehem,PA,United States,40.6264,-75.3679,78300
Pingyi,Shandong,China,35.5104,117.62,78254
Umeå,Västerbotten,Sweden,63.83,20.24,78197
Zahlé,Mount Lebanon,Lebanon,33.8501,35.9042,78145
Lakewood,CA,United States,33.8471,-118.1219,78135
Wa,Upper West,Ghana,10.0604,-2.5,78107
Gangtok,Sikkim,India,27.3333,88.6166,77900
Marsala,Sicily,Italy,37.8054,12.4387,77784
Missoula,MT,United States,46.8744,-114.0261,77757
Linkou,Heilongjiang,China,45.2819,130.2519,77754
Tustin,CA,United States,33.7309,-117.8106,77704
Hakkâri,Hakkari,Turkey,37.5744,43.7408,77699
Plymouth,MN,United States,45.0223,-93.4629,77648
Numan,Adamawa,Nigeria,9.4604,12.04,77617
Cedar Park,TX,United States,30.5102,-97.8186,77516
Napa,CA,United States,38.2979,-122.3007,77492
Kars,Kars,Turkey,40.6085,43.0975,77486
Wyoming,MI,United States,42.8903,-85.7067,77451
Itaúna,Minas Gerais,Brazil,-20.06,-44.57,77400
Söke,Aydin,Turkey,37.7512,27.4103,77341
Milpitas,CA,United States,37.4331,-121.8909,77321
Chino Hills,CA,United States,33.943,-117.7256,77212
Kayes,Kayes,Mali,14.45,-11.44,77207
Ende,Nusa Tenggara Timur,Indonesia,-8.8623,121.6489,77205
San Carlos,Cojedes,Venezuela,9.658,-68.59,77192
Jiexiu,Shanxi,China,37.04,111.9,77178
Ovalle,Coquimbo,Chile,-30.59,-71.2001,77138
São Mateus,Espírito Santo,Brazil,-18.7296,-39.86,77117
Butare,Southern,Rwanda,-2.5896,29.73,77000
La Rochelle,Poitou-Charentes,France,46.1667,-1.15,76997
Thakhek,Khammouan,Laos,17.4112,104.8361,76928
Sarqan,Almaty,Kazakhstan,45.4203,79.9149,76919
Karur,Tamil Nadu,India,10.9504,78.0833,76915
Broomfield,CO,United States,39.9536,-105.0508,76860
Missouri City,TX,United States,29.5629,-95.536,76773
Pori,Satakunta,Finland,61.4789,21.7749,76772
San Felipe,Yaracuy,Venezuela,10.336,-68.746,76766
Oudtshoorn,Western Cape,South Africa,-33.58,22.19,76708
Uttaradit,Uttaradit,Thailand,17.6316,100.0972,76630
Racine,WI,United States,42.7256,-87.8142,76602
Flagstaff,AZ,United States,35.1852,-111.6207,76586
Queen Creek,AZ,United States,33.2394,-111.6133,76570
Jataí,Goiás,Brazil,-17.8796,-51.75,76547
São João da Boa Vista,São Paulo,Brazil,-21.98,-46.79,76540
Al Musayyib,Babil,Iraq,32.7786,44.29,76454
Tucuruí,Pará,Brazil,-3.68,-49.72,76337
Honiara,Guadalcanal,Solomon Islands,-9.438,159.9498,76328
Masvingo,Masvingo,Zimbabwe,-20.0596,30.82,76311
Babahoyo,Los Rios,Ecuador,-1.7996,-79.54,76279
Kasserine,Kasssrine,Tunisia,35.2167,8.7167,76243
Lakeville,MN,United States,44.6761,-93.2517,76243
Tuban,Jawa Timur,Indonesia,-6.8995,112.05,76242
Sakhon Nakhon,Sakon Nakhon,Thailand,17.1679,104.1479,76237
Bowling Green,KY,United States,36.9757,-86.436,76212
Hammond,IN,United States,41.6187,-87.4949,76193
Birobidzhan,Yevrey,Russia,48.7974,132.9508,76146
Rochester Hills,MI,United States,42.6635,-83.1592,76002
Tamanrasset,Tamanghasset,Algeria,22.785,5.5228,76000
Tailai,Heilongjiang,China,46.3904,123.41,75992
Mackay,Queensland,Australia,-21.1439,149.15,75922
Kamensk Shakhtinskiy,Rostov,Russia,48.3318,40.2518,75814
Scranton,PA,United States,41.4042,-75.6659,75805
Pittsburg,CA,United States,38.0168,-121.8969,75803
Buynaksk,Dagestan,Russia,42.8335,47.113,75800
Schaumburg,IL,United States,42.0289,-88.0838,75750
Southfield,MI,United States,42.4746,-83.2595,75687
Iowa City,IA,United States,41.6557,-91.5309,75678
Rock Hill,SC,United States,34.9382,-81.0192,75654
Galway,Galway,Ireland,53.2724,-9.0488,75594
Nevşehir,Nevsehir,Turkey,38.624,34.724,75527
Campo Murao,Paraná,Brazil,-24.0496,-52.42,75401
Alameda,CA,United States,37.7419,-122.2599,75353
Pawtucket,RI,United States,41.8748,-71.3733,75321
Kompong Chhnang,Kâmpóng Chhnang,Cambodia,12.2505,104.6666,75244
Agrinio,Dytiki Ellada,Greece,38.6218,21.4077,75233
Bellflower,CA,United States,33.8878,-118.1273,75122
Bismarck,ND,United States,46.8146,-100.7701,75092
Idah,Kogi,Nigeria,7.1104,6.7399,75087
Evanston,IL,United States,42.0464,-87.6944,75070
Apple Valley,CA,United States,34.5334,-117.2104,75036
Gode,Somali,Ethiopia,5.95,43.45,75000
Bombo,Bamunanika,Uganda,0.5833,32.5333,75000
Red Deer,Alberta,Canada,52.2666,-113.8,74857
Darkhan,Selenge,Mongolia,49.6167,106.35,74738
Appleton,WI,United States,44.2789,-88.3883,74719
Cachoeira do Sul,Rio Grande do Sul,Brazil,-30.03,-52.91,74694
Pleasanton,CA,United States,37.6672,-121.8812,74653
Greenock,Inverclyde,United Kingdom,55.9333,-4.75,74635
Toledo,Castilla-La Mancha,Spain,39.867,-4.0167,74632
Manokwari,Irian Jaya Barat,Indonesia,-0.8711,134.0693,74504
Arlington Heights,IL,United States,42.0974,-87.9817,74495
Shanxian,Shandong,China,34.7904,116.08,74459
Ankeny,IA,United States,41.7302,-93.6025,74458
Karlstad,Värmland,Sweden,59.3671,13.4999,74141
Kara Balta,Bishkek,Kyrgyzstan,42.8306,73.8857,74133
Bolingbrook,IL,United States,41.6881,-88.101,74088
New Britain,CT,United States,41.6766,-72.7862,74080
San Ramón de la Nueva Orán,Salta,Argentina,-23.14,-64.32,74059
Rogers,AR,United States,36.3181,-94.1523,74035
Standerton,Mpumalanga,South Africa,-26.9395,29.24,74021
Riberalta,El Beni,Bolivia,-10.983,-66.1,74014
Prey Veng,Prey Ving,Cambodia,11.484,105.324,74000
Lauderhill,FL,United States,26.1622,-80.2244,73974
Cozumel,Quintana Roo,Mexico,20.51,-86.95,73934
Kiffa,Assaba,Mauritania,16.62,-11.4,73930
Noblesville,IN,United States,40.0353,-86.0002,73916
Blaine,MN,United States,45.1705,-93.2061,73774
Grand Bassam,Lagunes,Ivory Coast,5.2004,-3.75,73772
Farah,Farah,Afghanistan,32.3917,62.0968,73647
Munchon,Kangwon-do,North Korea,39.3813,127.2517,73619
Bawku,Upper East,Ghana,11.0604,-0.24,73594
Rocklin,CA,United States,38.8069,-121.2497,73472
Sundsvall,Västernorrland,Sweden,62.4001,17.3167,73389
Onitsha,Anambra,Nigeria,6.1404,6.78,73374
Mandurah,Western Australia,Australia,-32.5235,115.7471,73356
Mpanda,Rukwa,Tanzania,-6.3596,31.05,73338
Johnson City,TN,United States,36.3423,-82.3809,73337
Skien,Telemark,Norway,59.2,9.6,73330
Roanne,Rhône-Alpes,France,46.0333,4.0667,73315
Bonao,Monseñor Nouel,Dominican Republic,18.942,-70.409,73269
Cuamba,Nassa,Mozambique,-14.7896,36.54,73268
Călărași,Calarasi,Romania,44.2063,27.3259,73224
Tatvan,Bitlis,Turkey,38.5066,42.2816,73222
General Roca,Río Negro,Argentina,-39.02,-67.61,73212
Tokar,Red Sea,Sudan,18.4333,37.7333,73202
Kalamazoo,MI,United States,42.2752,-85.5885,73126
Lake Elsinore,CA,United States,33.686,-117.3354,73028
Nekemte,Addis Ababa,Ethiopia,9.0905,36.53,73018
Korosten,Zhytomyr,Ukraine,50.9504,28.65,72984
San Juan,San Juan,Dominican Republic,18.8089,-71.2309,72950
Marysville,WA,United States,48.0802,-122.1543,72916
Dabou,Lagunes,Ivory Coast,5.3204,-4.3899,72913
Jacksonville,NC,United States,34.7297,-77.3937,72879
Guadalajara,Castilla-La Mancha,Spain,40.6337,-3.1666,72850
Greenville,SC,United States,34.8369,-82.363,72824
Gulfport,MS,United States,30.4195,-89.069,72823
Quảng Trị,Qu?ng Tr?,Vietnam,16.7504,107.2,72722
Tamazunchale,San Luis Potosí,Mexico,21.2704,-98.7799,72685
Georgievsk,Stavropol',Russia,44.1599,43.4699,72649
Carlisle,Cumbria,United Kingdom,54.88,-2.93,72633
Redlands,CA,United States,34.0535,-117.1705,72556
Lanxi,Heilongjiang,China,46.2664,126.276,72528
Launceston,Tasmania,Australia,-41.4498,147.1302,72458
Keshan,Heilongjiang,China,48.0263,125.8659,72403
Bacabal,Maranhão,Brazil,-4.23,-44.8,72372
Tamarac,FL,United States,26.2033,-80.256,72372
Venado Tuerto,Santa Fe,Argentina,-33.7496,-61.97,72340
Bourges,Centre,France,47.0837,2.4,72340
Goya,Corrientes,Argentina,-29.14,-59.27,72304
Montepuez,Cabo Delgado,Mozambique,-13.1196,39.0,72279
As Suwayda,As Suwayda',Syria,32.7004,36.5666,72248
Apex,NC,United States,35.7246,-78.8787,72225
Esbjerg,Syddanmark,Denmark,55.467,8.45,72205
West Des Moines,IA,United States,41.5499,-93.7814,72205
Chusovoy,Perm',Russia,58.2934,57.813,72113
Turlock,CA,United States,37.5055,-120.8593,72100
Nizwa,Ad Dakhliyah,Oman,22.9264,57.5314,72076
Framingham,MA,United States,42.3079,-71.4362,71875
Chalkida,Stereá Elláda,Greece,38.464,23.6124,71842
Kalamata,Peloponnisos,Greece,37.0389,22.1142,71823
St. Charles,MO,United States,38.7957,-90.5154,71800
Andkhvoy,Faryab,Afghanistan,36.9317,65.1015,71730
Wilmington,DE,United States,39.7357,-75.5321,71675
Vratsa,Vratsa,Bulgaria,43.21,23.5625,71633
Chernogorsk,Khakass,Russia,53.8313,91.2227,71582
Porto União,Santa Catarina,Brazil,-26.2396,-51.08,71578
San Marcos,TX,United States,29.8724,-97.936,71569
Goiana,Pernambuco,Brazil,-7.5596,-35.0,71549
Monastir,Monastir,Tunisia,35.7307,10.7673,71546
Harlingen,TX,United States,26.1912,-97.6974,71510
Çankırı,Çankiri,Turkey,40.607,33.621,71379
Upington,Northern Cape,South Africa,-28.46,21.23,71373
Mardin,Mardin,Turkey,37.3115,40.7427,71373
Kovel,Volyn,Ukraine,51.2171,24.7166,71301
Maple Grove,MN,United States,45.1128,-93.463,71288
Sotik,Rift Valley,Kenya,-0.6796,35.12,71285
Asti,Piemonte,Italy,44.93,8.21,71276
Zadar,Zadarska,Croatia,44.1201,15.2623,71258
Dothan,AL,United States,31.2337,-85.4068,71258
Lafayette,IN,United States,40.3994,-86.8628,71216
Ijuí,Rio Grande do Sul,Brazil,-28.3895,-53.9199,71202
Anlu,Hubei,China,31.27,113.67,71198
Salima,Salima,Malawi,-13.7829,34.4333,71181
Mount Vernon,NY,United States,40.9131,-73.8293,71168
Mamou,Mamou,Guinea,10.3804,-12.1,71153
Sur,Ash Sharqiyah,Oman,22.5758,59.5348,71152
Comayagua,Comayagua,Honduras,14.4604,-87.65,71142
Camden,NJ,United States,39.9368,-75.1066,71100
Tulare,CA,United States,36.1994,-119.3419,71092
Muyinga,Muyinga,Burundi,-2.8523,30.3173,71076
Sunshine Coast,Queensland,Australia,-26.68,153.05,71043
Maricopa,AZ,United States,33.0419,-111.9993,71022
St. Cloud,MN,United States,45.5267,-94.171,71013
Altamira,Pará,Brazil,-3.1996,-52.21,70888
Saraburi,Saraburi,Thailand,14.5304,100.88,70769
Debre Markos,Amhara,Ethiopia,10.34,37.72,70758
Paracatu,Minas Gerais,Brazil,-17.1996,-46.87,70753
Şirvan,?li Bayramli,Azerbaijan,39.9323,48.9203,70684
North Richland Hills,TX,United States,32.8606,-97.2191,70658
St. Joseph,MO,United States,39.7595,-94.8211,70634
Lethbridge,Alberta,Canada,49.7005,-112.8333,70617
Mindelo,,Cape Verde,16.8838,-25.0,70611
Byumba,Northern,Rwanda,-1.5796,30.06,70593
Saint Gallen,Sankt Gallen,Switzerland,47.423,9.362,70572
Scarborough,North Yorkshire,United Kingdom,54.2804,-0.43,70571
Eau Claire,WI,United States,44.8183,-91.4948,70542
Tatabánya,Komárom-Esztergom,Hungary,47.55,18.433,70541
Eastvale,CA,United States,33.9633,-117.5824,70510
Volsk,Saratov,Russia,52.0347,47.3743,70500
Baiquan,Heilongjiang,China,47.6018,126.0819,70472
Waukesha,WI,United States,43.0091,-88.2451,70446
Kastamonu,Kastamonu,Turkey,41.389,33.783,70402
Iguatu,Ceará,Brazil,-6.36,-39.3,70380
Bayonne,NJ,United States,40.6625,-74.1102,70300
Sunyani,Brong Ahafo,Ghana,7.336,-2.336,70299
Châu Đốc,An Giang,Vietnam,10.7004,105.1167,70239
Belogorsk,Amur,Russia,50.9191,128.4637,70203
Karakol,Ysyk-Köl,Kyrgyzstan,42.492,78.3818,70171
Lisala,Équateur,Congo (Kinshasa),2.14,21.51,70087
Rongzhag,Sichuan,China,30.9504,101.9167,70000
Lobatse,South-East,Botswana,-25.2196,25.68,69804
Trnava,Trnavský,Slovakia,48.3666,17.6,69785
Totonicapán,Totonicapán,Guatemala,14.914,-91.358,69734
Ouezzane,Gharb - Chrarda - Béni Hssen,Morocco,34.8103,-5.57,69658
Arba Minch,"Southern Nations, Nationalities and Peoples",Ethiopia,6.04,37.55,69622
Paragominas,Pará,Brazil,-2.9596,-47.49,69613
Rio Verde,San Luis Potosí,Mexico,21.93,-99.98,69613
Tuy Hòa,Phú Yên,Vietnam,13.082,109.316,69596
Guajara-Miram,Rondônia,Brazil,-10.8,-65.3499,69586
Conway,AR,United States,35.0744,-92.467,69580
Gaithersburg,MD,United States,39.1486,-77.1951,69563
East Orange,NJ,United States,40.7651,-74.2117,69556
Camarillo,CA,United States,34.2218,-119.0322,69514
Villa Carlos Paz,Córdoba,Argentina,-31.42,-64.5,69451
Shawnee,KS,United States,39.0175,-94.8058,69417
Grand Junction,CO,United States,39.0891,-108.5675,69412
Jaboticabal,São Paulo,Brazil,-21.25,-48.33,69394
Arecibo,,Puerto Rico,18.44,-66.73,69307
Bafia,Centre,Cameroon,4.7504,11.23,69270
Kolda,Kolda,Senegal,12.9104,-14.95,69267
Arauca,Arauca,Colombia,7.0907,-70.7616,69264
Vaslui,Vaslui,Romania,46.6333,27.7333,69225
Hasselt,Limburg,Belgium,50.964,5.484,69222
Canton,OH,United States,40.8077,-81.3672,69197
Ongjin,Hwanghae-namdo,North Korea,37.9371,125.3571,69195
Walnut Creek,CA,United States,37.9027,-122.0405,69152
Dublin,CA,United States,37.7161,-121.8962,69128
Portland,ME,United States,43.6332,-70.1853,69104
Azogues,Cañar,Ecuador,-2.74,-78.84,69087
Giurgiu,Giurgiu,Romania,43.93,25.84,69067
Potenza,Basilicata,Italy,40.642,15.799,69060
Ayr,South Ayrshire,United Kingdom,55.4504,-4.6167,69042
Jorhat,Assam,India,26.75,94.2167,69033
Mocuba,Zambezia,Mozambique,-16.8496,38.26,68984
Ragusa,Sicily,Italy,36.93,14.73,68956
Liuhe,Jilin,China,42.2789,125.7173,68938
Güines,La Habana,Cuba,22.8361,-82.028,68935
Passaic,NJ,United States,40.8576,-74.1291,68903
Timbuktu,Timbuktu,Mali,16.7666,-3.0166,68872
Wum,Nord-Ouest,Cameroon,6.4004,10.07,68836
Chulucanas,Piura,Peru,-5.0896,-80.17,68835
Tuymazy,Bashkortostan,Russia,54.6048,53.6943,68829
Baldwin Park,CA,United States,34.0828,-117.9713,68806
Oranjestad,,Aruba,12.5304,-70.029,68775
Al Ahmadi,Al Ahmadi,Kuwait,29.0769,48.0838,68763
Saywun,Hadramawt,Yemen,15.943,48.7873,68747
Kamloops,British Columbia,Canada,50.6667,-120.3333,68714
Decatur,IL,United States,39.856,-88.9337,68670
Yuba City,CA,United States,39.1298,-121.6415,68666
Gävle,Gävleborg,Sweden,60.667,17.1666,68635
Borisoglebsk,Voronezh,Russia,51.3687,42.0887,68597
Schenectady,NY,United States,42.8026,-73.9272,68544
Sabanalarga,Atlántico,Colombia,10.64,-74.92,68535
L'Aquila,Abruzzo,Italy,42.3504,13.39,68503
Ocala,FL,United States,29.1775,-82.151,68426
Caldwell,ID,United States,43.6459,-116.6593,68336
Türkmenbaşy,Balkan,Turkmenistan,40.023,52.9697,68292
Saldanha,Western Cape,South Africa,-33.01,17.93,68284
Jackson,TN,United States,35.6541,-88.835,68264
Commerce City,CO,United States,39.8828,-104.7949,68245
Lodja,Kasaï-Oriental,Congo (Kinshasa),-3.4896,23.42,68244
Matara,Matara,Sri Lanka,5.949,80.5428,68244
Oturkpo,Benue,Nigeria,7.1904,8.13,68220
Weston,FL,United States,26.1004,-80.4021,68181
Narathiwat,Narathiwat,Thailand,6.4318,101.8214,68112
Madera,CA,United States,36.9658,-120.0862,68079
Artemisa,La Habana,Cuba,22.8134,-82.7619,68073
Balsas,Maranhão,Brazil,-7.52,-46.05,68056
Idaho Falls,ID,United States,43.4889,-112.0363,68001
Putrajaya,Selangor,Malaysia,2.914,101.7019,67964
Calbayog,Samar,Philippines,12.0672,124.6042,67921
Concepción del Uruguay,Entre Ríos,Argentina,-32.48,-58.24,67895
Garissa,North-Eastern,Kenya,-0.4396,39.67,67861
Minxian,Gansu,China,34.4362,104.0306,67826
Deva,Hunedoara,Romania,45.8833,22.9167,67802
Khanty Mansiysk,Khanty-Mansiy,Russia,61.0015,69.0015,67800
Ishim,Tyumen',Russia,56.1502,69.4498,67762
Redondo Beach,CA,United States,33.8495,-118.4008,67749
Matehuala,San Luis Potosí,Mexico,23.6604,-100.65,67717
Lodi,CA,United States,38.1216,-121.2908,67679
Boorama,,Somaliland,9.9404,43.18,67664
Gary,IN,United States,41.5907,-87.3471,67652
Juchitan,Oaxaca,Mexico,16.43,-95.02,67637
Delray Beach,FL,United States,26.4559,-80.0904,67536
Soyo,Zaire,Angola,-6.1296,12.37,67491
Santa Inês,Maranhão,Brazil,-3.66,-45.39,67424
Haverhill,MA,United States,42.7829,-71.0874,67415
El Bayadh,El Bayadh,Algeria,33.6904,1.01,67413
Eagan,MN,United States,44.8152,-93.1628,67396
Dimbokro,N'zi-Comoé,Ivory Coast,6.6505,-4.71,67349
Rockville,MD,United States,39.0837,-77.1556,67297
Tejen,Ahal,Turkmenistan,37.3786,60.496,67294
Kasese,Kasese,Uganda,0.2325,29.9883,67269
Tzaneen,Limpopo,South Africa,-23.8195,30.17,67245
Jelgava,Jelgava,Latvia,56.6527,23.7128,67207
Lao Chi,Lào Cai,Vietnam,22.5014,103.966,67206
Puerto Maldonado,Madre de Dios,Peru,-12.6,-69.1833,67155
Mbaïki,Lobaye,Central African Republic,3.8704,18.0,67132
Alpharetta,GA,United States,34.0709,-84.2726,67056
Jaltipan,Veracruz,Mexico,17.94,-94.74,66998
Narva,Ida-Viru,Estonia,59.3776,28.1603,66980
Apatity,Murmansk,Russia,67.5731,33.393,66907
Kati,Bamako,Mali,12.7504,-8.08,66895
Aleksin,Tula,Russia,54.5143,37.0944,66885
Albany,GA,United States,31.5781,-84.1762,66877
Kissidougou,Faranah,Guinea,9.1905,-10.12,66815
Rowlett,TX,United States,32.9159,-96.5486,66813
Baní,Peravia,Dominican Republic,18.28,-70.331,66709
Las Heras,Mendoza,Argentina,-32.825,-68.8017,66663
Nalut,Ghadamis,Libya,31.8804,10.97,66609
Waterloo,IA,United States,42.4923,-92.3519,66606
Mansehra,N.W.F.P.,Pakistan,34.3418,73.1968,66486
St. Cloud,FL,United States,28.2352,-81.284,66448
Kungur,Perm',Russia,57.4348,56.9543,66389
Klintsy,Bryansk,Russia,52.7652,32.2448,66336
Neryungri,Sakha (Yakutia),Russia,56.674,124.7104,66320
Huinan,Jilin,China,42.6229,126.2614,66315
Novi,MI,United States,42.4785,-83.4868,66314
Greenwood,IN,United States,39.603,-86.1085,66296
Lahij,Lahij,Yemen,13.0582,44.8838,66288
Leninogorsk,Tatarstan,Russia,54.5987,52.4487,66263
Pyongsan,Hwanghae-bukto,North Korea,38.3367,126.3866,66260
Oshkosh,WI,United States,44.0232,-88.5623,66184
Burdur,Burdur,Turkey,37.7167,30.2833,66158
Yorba Linda,CA,United States,33.889,-117.7721,66147
Janesville,WI,United States,42.6847,-89.0132,66102
Hastings,Gisborne,New Zealand,-39.6382,176.8368,66100
Alba Lulia,Alba,Romania,46.077,23.58,66085
Morón,Ciego de Ávila,Cuba,22.1099,-78.6275,66060
Port Orange,FL,United States,29.1134,-81.0132,65966
Lesosibirsk,Krasnoyarsk,Russia,58.2433,92.4833,65945
Lahat,Sumatera Selatan,Indonesia,-3.8,103.5333,65906
Palo Alto,CA,United States,37.3965,-122.1431,65882
Rockhampton,Queensland,Australia,-23.3639,150.52,65850
Davis,CA,United States,38.5561,-121.7378,65832
Chabahar,Sistan and Baluchestan,Iran,25.3004,60.6299,65801
Victoria,TX,United States,28.8285,-96.986,65800
Polevskoy,Sverdlovsk,Russia,56.4434,60.188,65770
Sodo,"Southern Nations, Nationalities and Peoples",Ethiopia,6.9,37.75,65737
Ames,IA,United States,42.0263,-93.6213,65686
Phyarpon,Ayeyarwady,Myanmar,16.2933,95.6829,65601
Rio Negro,Paraná,Brazil,-26.1,-49.79,65597
Panaji,Goa,India,15.492,73.818,65586
Quiemo,Xinjiang Uygur,China,38.1338,85.5333,65572
Prince George,British Columbia,Canada,53.9167,-122.7667,65558
Santo Ângelo,Rio Grande do Sul,Brazil,-28.3,-54.28,65420
Union City,CA,United States,37.6028,-122.0188,65414
Sanford,FL,United States,28.7894,-81.2756,65394
Bani Walid,Bani Walid,Libya,31.7704,13.99,65392
Masaka,Masaka,Uganda,-0.3296,31.73,65373
Lorain,OH,United States,41.4388,-82.1797,65337
Kumertau,Bashkortostan,Russia,52.7748,55.7843,65321
Pflugerville,TX,United States,30.4478,-97.6021,65301
Birni Nkonni,Tahoua,Niger,13.7904,5.2599,65252
Debre Birhan,Amhara,Ethiopia,9.6804,39.53,65231
Békéscsaba,Békés,Hungary,46.672,21.101,65206
Cobán,Alta Verapaz,Guatemala,15.47,-90.38,65194
Cheyenne,WY,United States,41.1273,-104.7902,65168
Malden,MA,United States,42.4294,-71.0587,65133
Brentwood,CA,United States,37.9356,-121.719,65126
Sammamish,WA,United States,47.5943,-122.0381,65116
Muncie,IN,United States,40.1988,-85.3951,65081
Ji-Paraná,Rondinia,Brazil,-10.8333,-61.967,65016
Borås,Västra Götaland,Sweden,57.7304,12.92,65008
Solwezi,North-Western,Zambia,-12.1796,26.4,65000
Saki,S?ki,Azerbaijan,41.1923,47.1705,64968
Skokie,IL,United States,42.036,-87.74,64937
Krasnoturinsk,Sverdlovsk,Russia,59.7948,60.4848,64878
Palatine,IL,United States,42.1165,-88.0444,64869
Tan Tan,Guelmim - Es-Semara,Morocco,28.4304,-11.1,64868
Gurupi,Tocantins,Brazil,-11.7196,-49.06,64789
Burnsville,MN,United States,44.7644,-93.2794,64772
Rafha,Al Hudud ash Shamaliyah,Saudi Arabia,29.6202,43.4948,64755
Feyzabad,Badakhshan,Afghanistan,37.1298,70.5792,64704
Huntersville,NC,United States,35.4068,-80.8687,64688
Mazatenango,Suchitepéquez,Guatemala,14.5304,-91.51,64652
Binga,Cquateur,Congo (Kinshasa),2.3834,20.42,64639
Puerto Madryn,Chubut,Argentina,-42.77,-65.04,64555
North Little Rock,AR,United States,34.7818,-92.2351,64531
Waltham,MA,United States,42.3889,-71.2423,64477
Union City,NJ,United States,40.7674,-74.0323,64462
Parintins,Amazonas,Brazil,-2.61,-56.74,64428
Nepalganj,Banke,Nepal,28.0503,81.6167,64400
Tikhoretsk,Krasnodar,Russia,45.8531,40.1377,64387
Taloqan,Takhar,Afghanistan,36.73,69.54,64256
Qinggang,Heilongjiang,China,46.69,126.1,64182
Arras,Nord-Pas-de-Calais,France,50.2833,2.7833,64165
Ciudad Hidalgo,Michoacán,Mexico,19.68,-100.57,64154
Zrenjanin,Srednje-Banatski,Serbia,45.3786,20.3995,64053
Mazabuka,Southern,Zambia,-15.86,27.76,64006
Curvelo,Minas Gerais,Brazil,-18.7596,-44.43,63954
Bellevue,NE,United States,41.1633,-95.9033,63922
Colón,Matanzas,Cuba,22.7196,-80.9058,63882
Kangar,Perlis,Malaysia,6.433,100.19,63869
Ramla,HaMerkaz,Israel,31.9167,34.8667,63860
Kristiansand,Vest-Agder,Norway,58.1666,8.0,63814
Richland,WA,United States,46.2841,-119.294,63757
Casa Grande,AZ,United States,32.9069,-111.7635,63743
Caçador,Santa Catarina,Brazil,-26.77,-51.02,63726
Kanchanaburi,Kanchanaburi,Thailand,14.0174,99.522,63699
Irecê,Bahia,Brazil,-11.3,-41.87,63626
Svobodnyy,Amur,Russia,51.4062,128.1312,63620
Hendersonville,TN,United States,36.3073,-86.5989,63618
Utica,NY,United States,43.0964,-75.226,63607
Catalão,Goiás,Brazil,-18.18,-47.95,63544
Zarafshon,Navoi,Uzbekistan,41.5822,64.2018,63543
Samut Sakhon,Samut Sakhon,Thailand,13.536,100.274,63498
Moore,OK,United States,35.3285,-97.4748,63470
Kakamega,Western,Kenya,0.2904,34.73,63426
Sefra,Naâma,Algeria,32.7604,-0.5799,63420
Rzhev,Tver',Russia,56.2574,34.3275,63414
Cahul,Cahul,Moldova,45.9079,28.1944,63407
Coon Rapids,MN,United States,45.1764,-93.3115,63377
Bhairawa,Lumbini,Nepal,27.5333,83.3833,63367
Kenner,LA,United States,30.0102,-90.2548,63333
Molepolole,Kweneng,Botswana,-24.4,25.51,63248
Lynwood,CA,United States,33.924,-118.2017,63234
Zalău,Salaj,Romania,47.175,23.063,63232
Valença,Bahia,Brazil,-13.3596,-39.08,63231
Vilhena,Rondônia,Brazil,-12.7166,-60.1166,63231
Medicine Hat,Alberta,Canada,50.0333,-110.6833,63138
South San Francisco,CA,United States,37.6551,-122.3762,63123
Knysna,Western Cape,South Africa,-34.0329,23.0333,63106
Balakhna,Nizhegorod,Russia,56.4943,43.5944,63083
Bossangoa,Ouham,Central African Republic,6.4837,17.45,63064
Sopore,Jammu and Kashmir,India,34.3,74.4667,63035
Belize City,Belize,Belize,17.4987,-88.1884,63028
Kasongo,Maniema,Congo (Kinshasa),-4.45,26.66,63000
Hamilton,OH,United States,39.3934,-84.5658,62997
Coffs Harbour,New South Wales,Australia,-30.3071,153.1123,62978
Machiques,Zulia,Venezuela,10.0704,-72.5499,62968
Itapeva,São Paulo,Brazil,-23.9796,-48.88,62957
Beledweyne,Hiiraan,Somalia,4.74,45.2,62945
Laguna Niguel,CA,United States,33.5287,-117.7013,62899
Graaff Reinet,Eastern Cape,South Africa,-32.3,24.54,62896
Balboa,Panama,Panama,8.95,-79.5667,62882
Porterville,CA,United States,36.0635,-119.0336,62876
Bitlis,Bitlis,Turkey,38.394,42.123,62811
Marietta,GA,United States,33.9536,-84.5425,62769
Parker,CO,United States,39.5059,-104.7758,62743
Bossier City,LA,United States,32.5237,-93.6554,62738
Guamúchil,Sinaloa,Mexico,25.4704,-108.09,62695
Nkawkaw,Eastern,Ghana,6.5505,-0.78,62667
Belebey,Bashkortostan,Russia,54.1291,54.1187,62582
Tataouine,Tataouine,Tunisia,33.0,10.4667,62577
Kyle,TX,United States,29.9941,-97.8833,62548
Surin,Surin,Thailand,14.8868,103.4915,62536
Kayes,Bouenza,Congo (Brazzaville),-4.18,13.28,62521
Singida,Singida,Tanzania,-4.8196,34.74,62432
Council Bluffs,IA,United States,41.236,-95.8532,62399
Tanjung Pandan,Bangka-Belitung,Indonesia,-2.75,107.65,62374
San Clemente,CA,United States,33.4491,-117.6131,62313
Lakewood,WA,United States,47.1641,-122.5281,62303
Assen,Drenthe,Netherlands,53.0,6.55,62237
Millcreek,UT,United States,40.689,-111.8296,62205
Chistopol,Tatarstan,Russia,55.3648,50.6407,62200
Eden Prairie,MN,United States,44.8496,-93.4587,62166
Bambari,Ouaka,Central African Republic,5.762,20.6672,62098
Tikhvin,Leningrad,Russia,59.6448,33.5144,62075
Sagua la Grande,Villa Clara,Cuba,22.809,-80.0711,62073
Chapel Hill,NC,United States,35.9283,-79.0414,62043
Tupã,São Paulo,Brazil,-21.93,-50.52,62035
Veszprém,Veszprém,Hungary,47.091,17.911,62023
Madang,Madang,Papua New Guinea,-5.2248,145.7853,62023
Ferkessédougou,Savanes,Ivory Coast,9.6004,-5.2,62008
Labinsk,Krasnodar,Russia,44.6348,40.7443,61945
Fernandópolis,São Paulo,Brazil,-20.2696,-50.26,61931
Apia,,Samoa,-13.8415,-171.7386,61916
Zalaegerszeg,Zala,Hungary,46.844,16.84,61898
Bamian,Bamyan,Afghanistan,34.8211,67.521,61863
Bassar,Kara,Togo,9.261,0.789,61845
Moca,Espaillat,Dominican Republic,19.397,-70.523,61834
Iskitim,Novosibirsk,Russia,54.6509,83.2865,61827
Berbérati,Mambéré-Kadéï,Central African Republic,4.25,15.78,61815
Benevento,Campania,Italy,41.1337,14.75,61791
Chinhoyi,Mashonaland West,Zimbabwe,-17.3596,30.18,61739
Medenine,MUdenine,Tunisia,33.4,10.4167,61705
Troyes,Champagne-Ardenne,France,48.3404,4.0834,61703
Pontiac,MI,United States,42.6492,-83.2874,61689
Vyska,Nizhegorod,Russia,55.3247,42.1644,61664
Wellington,FL,United States,26.649,-80.2672,61634
Bristol,CT,United States,41.6816,-72.9407,61601
Pula,Istarska,Croatia,44.8687,13.8481,61599
Sibay,Bashkortostan,Russia,52.7091,58.6387,61590
Cayenne,Guinaa,France,4.933,-52.33,61550
Ponta Delgada,Azores,Portugal,37.7483,-25.6666,61526
Santa Cruz,CA,United States,36.9744,-122.0353,61501
Fengcheng,Jiangxi,China,28.2004,115.77,61469
Stralsund,Mecklenburg-Vorpommern,Germany,54.3004,13.1,61368
Shoreline,WA,United States,47.7569,-122.3455,61353
Civitavecchia,Lazio,Italy,42.1004,11.8,61316
Jupiter,FL,United States,26.9186,-80.1169,61291
White Plains,NY,United States,41.0238,-73.751,61288
Taylor,MI,United States,42.2253,-83.2677,61241
Portimão,Faro,Portugal,37.1337,-8.5333,61226
Gaalkacyo,Mudug,Somalia,6.77,47.43,61200
Palm Beach Gardens,FL,United States,26.8488,-80.1671,61146
Woodland,CA,United States,38.6712,-121.75,61123
Corvallis,OR,United States,44.5699,-123.2783,61087
Springfield,OR,United States,44.0538,-122.9811,61085
Wylie,TX,United States,33.0358,-96.5202,61078
Coburg,Bayern,Germany,50.2666,10.9666,61054
Yopal,Casanare,Colombia,5.347,-72.406,61029
Salsk,Rostov,Russia,46.4775,41.542,61000
Cherbourg,Basse-Normandie,France,49.6504,-1.65,60991
La Habra,CA,United States,33.9279,-117.9516,60991
El Carmen de Bolívar,Bolívar,Colombia,9.7204,-75.13,60980
Bouaflé,Marahoué,Ivory Coast,6.978,-5.748,60962
Dearborn Heights,MI,United States,42.3357,-83.2888,60872
Rason,Hamgyong-bukto,North Korea,42.3377,130.4027,60864
Madison,AL,United States,34.7105,-86.7623,60854
Encinitas,CA,United States,33.0506,-117.2636,60841
Tartagal,Salta,Argentina,-22.55,-63.81,60819
Canela,Rio Grande do Sul,Brazil,-29.36,-50.81,60806
Nelson,Nelson,New Zealand,-41.2926,173.2474,60800
Vineland,NJ,United States,39.465,-74.9971,60797
San Fernando,Libertador General Bernardo O'Higgins,Chile,-34.58,-70.99,60746
Shuya,Ivanovo,Russia,56.8543,41.3643,60705
Sfintu-Gheorghe,Covasna,Romania,45.868,25.793,60677
Stonecrest,GA,United States,33.6807,-84.1453,60677
Tidore,Maluku Utara,Indonesia,0.6964,127.436,60611
Lokoja,Kogi,Nigeria,7.8004,6.7399,60579
Langzhong,Sichuan,China,31.5759,105.9656,60542
Blue Springs,MO,United States,39.012,-94.2676,60539
La Mesa,CA,United States,32.7695,-117.0219,60537
Great Falls,MT,United States,47.5025,-111.3,60422
Pirassununga,São Paulo,Brazil,-21.99,-47.43,60413
Taunton,MA,United States,41.9033,-71.095,60412
Khujayli,Karakalpakstan,Uzbekistan,42.4047,59.4517,60401
Banfora,Komoé,Burkina Faso,10.6304,-4.76,60288
Zima,Irkutsk,Russia,53.9331,102.0331,60239
Mbanza-Congo,Zaire,Angola,-6.2696,14.24,60182
Lankaran,Astara,Azerbaijan,38.754,48.8511,60180
Pirapora,Minas Gerais,Brazil,-17.33,-44.93,60164
Owensboro,KY,United States,37.7571,-87.1167,60140
Meriden,CT,United States,41.5368,-72.7945,60111
Laascaanood,,Somaliland,8.4333,47.3167,60100
Caratinga,Minas Gerais,Brazil,-19.79,-42.14,60066
Herriman,UT,United States,40.4917,-112.0203,60049
Burlington,NC,United States,36.0761,-79.4683,60032
Montebello,CA,United States,34.0154,-118.111,60015
Crotone,Calabria,Italy,39.0833,17.1233,60010
Uíge,Uíge,Angola,-7.62,15.05,60008
Hanford,CA,United States,36.3277,-119.6546,59938
Kokomo,IN,United States,40.464,-86.1273,59890
Kotlas,Arkhangel'sk,Russia,61.2631,46.6631,59879
Gorno Altaysk,Gorno-Altay,Russia,51.9613,85.9577,59868
Nkhotakota,Nkhotakota,Malawi,-12.9163,34.3,59854
Linares,Andalucía,Spain,38.0833,-3.6334,59761
Itapetinga,Bahia,Brazil,-15.25,-40.25,59721
Euless,TX,United States,32.8494,-97.0786,59686
São Borja,Rio Grande do Sul,Brazil,-28.6596,-56.01,59613
Växjö,Kronoberg,Sweden,56.8837,14.8167,59600
Leticia,Amazonas,Colombia,-4.2012,-69.9553,59575
Béja,Béja,Tunisia,36.7304,9.19,59567
San Rafael,CA,United States,37.981,-122.5069,59555
Drummondville,Québec,Canada,45.8833,-72.4834,59489
Santee,CA,United States,32.855,-116.9861,59478
Bentonville,AR,United States,36.3527,-94.2312,59471
Truc Giang,B?n Tre,Vietnam,10.235,106.375,59442
Carazinho,Rio Grande do Sul,Brazil,-28.29,-52.8,59417
St. Peters,MO,United States,38.7816,-90.6042,59413
Dengzhou,Henan,China,32.6804,112.08,59338
Kannapolis,NC,United States,35.4799,-80.6475,59321
San Felipe,Valparaíso,Chile,-32.75,-70.72,59294
Santa Rosa,Rio Grande do Sul,Brazil,-27.8695,-54.46,59281
Lappeenranta,South Karelia,Finland,61.0671,28.1833,59276
Lake Havasu City,AZ,United States,34.4998,-114.3109,59257
Kavala,Anatoliki Makedonia kai Thraki,Greece,40.9412,24.4018,59240
Gannan,Heilongjiang,China,47.9204,123.51,59239
Pico Rivera,CA,United States,33.9895,-118.0893,59189
Azua,Azua,Dominican Republic,18.454,-70.729,59139
Viedma,Ciudad de Buenos Aires,Argentina,-40.8,-63.0,59122
Concepción,Concepción,Paraguay,-23.4064,-57.4344,59118
Weymouth Town,MA,United States,42.2073,-70.9437,59114
Apopka,FL,United States,28.7017,-81.5318,59113
Youngstown,OH,United States,41.0991,-80.6459,59108
Manacapuru,Amazonas,Brazil,-3.2896,-60.62,59102
Mt.  Hagen,Western Highlands,Papua New Guinea,-5.8632,144.2168,59064
San Francisco,Córdoba,Argentina,-31.43,-62.09,59062
North Miami,FL,United States,25.9008,-80.1686,59008
Kabinda,Kasaï-Oriental,Congo (Kinshasa),-6.1296,24.48,59004
Grand Forks,ND,United States,47.9196,-97.0873,58921
Mikhaylovka,Volgograd,Russia,50.0679,43.2175,58898
Solnechnogorsk,Moskovsskaya,Russia,56.1807,36.9809,58891
Telêmaco Borba,Paraná,Brazil,-24.33,-50.62,58880
Guanambi,Bahia,Brazil,-14.2296,-42.79,58877
Dubuque,IA,United States,42.4989,-90.7073,58877
West Allis,WI,United States,43.0072,-88.029,58874
Tezpur,Assam,India,26.6338,92.8,58851
Petaluma,CA,United States,38.2423,-122.6288,58800
Kamphaeng Phet,Kamphaeng Phet,Thailand,16.473,99.529,58787
Medford,MA,United States,42.4238,-71.1092,58744
Casper,WY,United States,42.8421,-106.3213,58720
Arsenyev,Primor'ye,Russia,44.1623,133.2823,58700
Embu,Eastern,Kenya,-0.5196,37.45,58620
Aketi,Orientale,Congo (Kinshasa),2.7405,23.78,58601
Margate,FL,United States,26.248,-80.2112,58593
Lenexa,KS,United States,38.9653,-94.8039,58536
Terre Haute,IN,United States,39.4642,-87.376,58502
Little Elm,TX,United States,33.1925,-96.92,58496
Beaumont,CA,United States,33.8767,-116.953,58463
San Pedro,Jujuy,Argentina,-24.2196,-64.87,58430
Marana,AZ,United States,32.4659,-111.1354,58430
Gardena,CA,United States,33.8944,-118.3075,58377
Chaiyaphum,Chaiyaphum,Thailand,15.804,102.0386,58350
Lacey,WA,United States,47.0431,-122.7982,58326
Decatur,AL,United States,34.573,-86.9899,58321
Bondoukou,Zanzan,Ivory Coast,8.0304,-2.8,58297
Korçë,Korçë,Albania,40.6167,20.7667,58259
San Andrés,,Colombia,12.5621,-81.6903,58257
Gilroy,CA,United States,37.0064,-121.5853,58250
Hempstead,NY,United States,40.7044,-73.6194,58225
Agen,Aquitaine,France,44.2004,0.6333,58223
Kırklareli,Kirklareli,Turkey,41.743,27.226,58223
Kogalym,Khanty-Mansiy,Russia,62.0446,74.4941,58192
Rundu,Kavango,Namibia,-17.92,19.7499,58172
Ariquemes,Rondônia,Brazil,-9.9396,-63.08,58096
Midwest City,OK,United States,35.4588,-97.3746,58086
Springfield,OH,United States,39.9289,-83.7942,58082
Pocatello,ID,United States,42.8727,-112.4638,58064
Carson City,NV,United States,39.1531,-119.7474,58036
Hai Duong,H?i Duong,Vietnam,20.942,106.331,58030
Ushuaia,Tierra del Fuego,Argentina,-54.79,-68.31,58028
Des Plaines,IL,United States,42.0344,-87.9011,58010
Revere,MA,United States,42.421,-70.9904,57954
Brookhaven,GA,United States,33.8612,-84.3385,57945
Allanmyo,Magway,Myanmar,19.3783,95.2279,57897
Borovichi,Novgorod,Russia,58.3978,33.8974,57887
Monterey Park,CA,United States,34.0484,-118.1332,57877
Angoche,Nampula,Mozambique,-16.23,39.91,57835
Napier,Gisborne,New Zealand,-39.49,176.9265,57800
Suileng,Heilongjiang,China,47.246,127.106,57789
Lop Buri,Lop Buri,Thailand,14.804,100.6186,57761
Qunghirot,Karakalpakstan,Uzbekistan,43.0704,58.9,57758
Westfield,IN,United States,40.036,-86.1522,57746
Linares,Nuevo León,Mexico,24.8604,-99.57,57731
Tiznit,Souss - Massa - Draâ,Morocco,29.7104,-9.74,57705
Coconut Creek,FL,United States,26.2809,-80.1847,57694
Spring Hill,TN,United States,35.7466,-86.9168,57637
Sarasota,FL,United States,27.3383,-82.5437,57602
St. Clair Shores,MI,United States,42.493,-82.8909,57548
Timbaúba,Pernambuco,Brazil,-7.4996,-35.32,57534
Picos,Piauí,Brazil,-7.08,-41.44,57495
Stepanakert,Xocali,Azerbaijan,39.8156,46.752,57473
Royal Oak,MI,United States,42.5078,-83.1539,57452
Smyrna,TN,United States,35.969,-86.5286,57418
Kentau,South Kazakhstan,Kazakhstan,43.5165,68.5199,57408
Cheremkhovo,Irkutsk,Russia,53.1588,103.0739,57395
Caborca,Sonora,Mexico,30.7161,-112.1642,57357
Bozeman,MT,United States,45.6832,-111.0538,57305
Cupertino,CA,United States,37.3194,-122.045,57285
Bowie,MD,United States,38.9547,-76.7388,57254
Punta Alta,Ciudad de Buenos Aires,Argentina,-38.88,-62.08,57209
Bragança,Pará,Brazil,-1.05,-46.77,57163
Arcoverde,Pernambuco,Brazil,-8.42,-37.07,57163
Lancaster,PA,United States,40.0421,-76.301,57153
Al Mafraq,Mafraq,Jordan,32.2833,36.2333,57118
Winter Haven,FL,United States,28.0458,-81.7327,57109
Puntarenas,Puntarenas,Costa Rica,9.9702,-84.8336,57102
Taylorsville,UT,United States,40.6569,-111.9493,57098
Bradenton,FL,United States,27.4898,-82.5768,57076
Orland Park,IL,United States,41.6081,-87.8593,57074
Mafetang,Mafeteng,Lesotho,-29.8166,27.25,57059
Albany,OR,United States,44.6269,-123.0967,57053
General Pico,La Pampa,Argentina,-35.6596,-63.77,57029
Vaasa,Western Finland,Finland,63.1,21.6,57014
Hoboken,NJ,United States,40.7453,-74.0279,57010
Roslavl,Smolensk,Russia,53.9509,32.8604,56971
Rodos,Notio Aigaio,Greece,36.4412,28.2225,56969
Eagle Mountain,UT,United States,40.3143,-112.0117,56932
Adrar,Adrar,Algeria,27.87,-0.29,56910
Coeur d'Alene,ID,United States,47.7035,-116.7939,56894
Kitgum,Kitgum,Uganda,3.3004,32.87,56891
Kettering,OH,United States,39.696,-84.1504,56876
Cruzeiro do Sul,Acre,Brazil,-7.63,-72.67,56862
Los Andes,Valparaíso,Chile,-32.8296,-70.6,56859
Southaven,MS,United States,34.951,-89.9777,56851
Serrinha,Bahia,Brazil,-11.6496,-39.01,56829
Jijiga,Somali,Ethiopia,9.3504,42.79,56821
Vacaria,Rio Grande do Sul,Brazil,-28.4996,-50.94,56765
Ridder,East Kazakhstan,Kazakhstan,50.3554,83.5149,56756
Kingsport,TN,United States,36.5194,-82.5434,56704
Eger,Heves,Hungary,47.895,20.383,56647
Texas City,TX,United States,29.4337,-94.8927,56609
Puerto Barrios,Izabal,Guatemala,15.7175,-88.5927,56605
Garzón,Huila,Colombia,2.2104,-75.65,56603
Tikrit,Sala ad-Din,Iraq,34.597,43.677,56591
Janaúba,Minas Gerais,Brazil,-15.7996,-43.31,56572
Smyrna,GA,United States,33.8626,-84.5161,56566
Kaga Bandoro,Nana-Grébizi,Central African Republic,6.9804,19.18,56520
Magong,Penghu,Taiwan,23.5667,119.5833,56435
Formiga,Minas Gerais,Brazil,-20.46,-45.43,56404
Alxa Zuoqi,Nei Mongol,China,38.839,105.6686,56387
Pol-e Khomri,Baghlan,Afghanistan,35.9511,68.7011,56369
Zouirat,Tiris Zemmour,Mauritania,22.7304,-12.4833,56345
Bonita Springs,FL,United States,26.355,-81.7842,56229
Highland,CA,United States,34.1135,-117.1657,56202
Rotorua,Auckland,New Zealand,-38.1317,176.2483,56200
Hof,Bayern,Germany,50.317,11.9167,56153
Paita,Piura,Peru,-5.09,-81.12,56151
Nizhnyaya Tura,Sverdlovsk,Russia,58.6436,59.7983,56084
Bartlett,TN,United States,35.2342,-89.8203,56030
Nova Viçosa,Bahia,Brazil,-17.88,-39.37,55980
Bungoma,Western,Kenya,0.5704,34.56,55962
Lautoka,Western,Fiji,-17.6161,177.4666,55894
Seres,Kentriki Makedonia,Greece,41.086,23.5497,55886
New Brunswick,NJ,United States,40.4867,-74.4444,55846
West Sacramento,CA,United States,38.5544,-121.5487,55842
Changling,Jilin,China,44.27,123.99,55841
Itapipoca,Ceará,Brazil,-3.4995,-39.58,55784
Ełk,Warmian-Masurian,Poland,53.8337,22.35,55769
Umm Ruwaba,North Kurdufan,Sudan,12.9104,31.2,55742
DeSoto,TX,United States,32.5993,-96.8629,55740
Oak Lawn,IL,United States,41.7139,-87.7528,55734
Olympia,WA,United States,47.0406,-122.895,55733
Parachinar,F.A.T.A.,Pakistan,33.8992,70.1008,55685
Halmstad,Halland,Sweden,56.6718,12.8556,55657
Estância,Sergipe,Brazil,-11.2696,-37.45,55654
Sayanogorsk,Krasnoyarsk,Russia,53.0894,91.4004,55642
Évora,Évora,Portugal,38.56,-7.906,55620
Tigard,OR,United States,45.4229,-122.7844,55590
Port Arthur,TX,United States,29.9,-93.8944,55547
Arqalyq,Qostanay,Kazakhstan,50.2418,66.8976,55521
Gelendzhik,Krasnodar,Russia,44.5748,38.0644,55508
Vyazma,Smolensk,Russia,55.2122,34.2918,55500
Melo,Cerro Largo,Uruguay,-32.3595,-54.18,55494
Maldonado,Maldonado,Uruguay,-34.91,-54.96,55478
Fountain Valley,CA,United States,33.7106,-117.9511,55468
Brive,Limousin,France,45.1504,1.5333,55448
San Jacinto,CA,United States,33.7989,-116.9959,55440
São Gabriel,Rio Grande do Sul,Brazil,-30.32,-54.32,55434
Xinqing,Heilongjiang,China,48.2363,129.5059,55415
Placetas,Villa Clara,Cuba,22.3158,-79.6555,55408
Wagga Wagga,New South Wales,Australia,-35.1222,147.34,55381
Nakhon Phanom,Nakhon Phanom,Thailand,17.3945,104.7695,55377
Concórdia,Santa Catarina,Brazil,-27.23,-52.03,55367
Apple Valley,MN,United States,44.7453,-93.1994,55336
São José de Ribamar,Maranhão,Brazil,-2.55,-44.07,55265
Logan,UT,United States,41.7403,-111.8418,55250
Perth Amboy,NJ,United States,40.5202,-74.2713,55249
National City,CA,United States,32.6659,-117.0974,55236
Kribi,Sud,Cameroon,2.9404,9.91,55224
Burleson,TX,United States,32.5165,-97.3274,55220
Anderson,IN,United States,40.0898,-85.6894,55199
Abancay,Apurímac,Peru,-13.6396,-72.89,55111
Tadmur,Homs (Hims),Syria,34.5504,38.2833,55111
Kalasin,Kalasin,Thailand,16.428,103.509,55102
Marzuq,Murzuq,Libya,25.9044,13.8972,55071
Karlovac,Karlovacka,Croatia,45.4872,15.5478,55063
Valdosta,GA,United States,30.8501,-83.2788,55025
Twin Falls,ID,United States,42.5647,-114.4606,54943
Caicó,Rio Grande do Norte,Brazil,-6.4596,-37.1,54934
Tarbes,Midi-Pyrénées,France,43.2333,0.0833,54854
Chicopee,MA,United States,42.1776,-72.5702,54838
Nuevo Casas Grandes,Chihuahua,Mexico,30.4185,-107.9119,54826
West Haven,CT,United States,41.2721,-72.9675,54790
Juigalpa,Chontales,Nicaragua,12.11,-85.38,54731
Plainfield,NJ,United States,40.6154,-74.4158,54670
Ningan,Heilongjiang,China,44.3313,129.4659,54636
Lincoln,CA,United States,38.8745,-121.2929,54538
El Banco,Magdalena,Colombia,9.0003,-73.98,54522
Moquegua,Moquegua,Peru,-17.19,-70.94,54517
Chivilcoy,Ciudad de Buenos Aires,Argentina,-34.9,-60.04,54514
Penápolis,São Paulo,Brazil,-21.41,-50.08,54477
Berwyn,IL,United States,41.8433,-87.7909,54414
Ajaccio,Corse,France,41.9271,8.7283,54364
Wake Forest,NC,United States,35.9644,-78.5133,54337
Krasnokamensk,Chita,Russia,50.0665,118.0265,54316
Mocambique,Nampula,Mozambique,-15.0399,40.6822,54315
Mount Prospect,IL,United States,42.0642,-87.9374,54298
Tacuarembó,Tacuarembó,Uruguay,-31.71,-55.98,54277
Ash Shihr,Hadramawt,Yemen,14.7593,49.6092,54274
Rocky Mount,NC,United States,35.9693,-77.8038,54245
Aveiro,Aveiro,Portugal,40.641,-8.651,54162
Arcadia,CA,United States,34.1327,-118.0363,54157
Illichivsk,Odessa,Ukraine,46.3,30.6666,54102
Peabody,MA,United States,42.5343,-70.9694,54056
Nuevitas,Camagüey,Cuba,21.5456,-77.2644,54022
Andorra,,Andorra,42.5,1.5165,53998
Kentwood,MI,United States,42.8848,-85.5925,53987
Ruteng,Nusa Tenggara Timur,Indonesia,-8.6118,120.4698,53976
Chiquinquirá,Boyacá,Colombia,5.6204,-73.8199,53975
Yucaipa,CA,United States,34.0336,-117.0429,53947
Azul,Ciudad de Buenos Aires,Argentina,-36.7796,-59.87,53941
Chicoutimi,Québec,Canada,48.4333,-71.0667,53940
Jihlava,Kraj Vysocina,Czechia,49.4004,15.5833,53921
Severomorsk,Murmansk,Russia,69.0731,33.4231,53921
Tinley Park,IL,United States,41.5686,-87.8042,53886
Bijar,Kordestan,Iran,35.8741,47.5937,53871
Vyshnniy Volochek,Tver',Russia,57.583,34.5631,53800
Markala,Ségou,Mali,13.6704,-6.07,53738
Bắc Giang,B?c Giang,Vietnam,21.267,106.2,53728
Pensacola,FL,United States,30.441,-87.1912,53724
Mooresville,NC,United States,35.5837,-80.8278,53721
Yevlax,Yevlax,Azerbaijan,40.6172,47.15,53716
San Pedro de las Colonias,Coahuila,Mexico,25.7592,-102.9827,53688
Upata,Bolívar,Venezuela,8.0204,-62.41,53685
Manhattan,KS,United States,39.1883,-96.6059,53682
Charikar,Parwan,Afghanistan,35.0183,69.1679,53676
Pamplona,Norte de Santander,Colombia,7.3904,-72.66,53587
Buguruslan,Orenburg,Russia,53.663,52.433,53511
Elkhart,IN,United States,41.6915,-85.9622,53484
Ilo,Moquegua,Peru,-17.64,-71.34,53476
Pinellas Park,FL,United States,27.8589,-82.7082,53456
Methuen Town,MA,United States,42.7426,-71.1787,53455
Supham Buri,Suphan Buri,Thailand,14.471,100.129,53399
Río Tercero,Córdoba,Argentina,-32.1796,-64.12,53389
Joensuu,North Karelia,Finland,62.6,29.7666,53388
Colton,CA,United States,34.0545,-117.325,53357
Edina,MN,United States,44.8911,-93.3598,53348
Coari,Amazonas,Brazil,-4.08,-63.13,53305
Katerini,Kentriki Makedonia,Greece,40.2723,22.5025,53293
Registro,São Paulo,Brazil,-24.49,-47.84,53273
Galveston,TX,United States,29.1863,-94.9658,53237
St.-Brieuc,Bretagne,France,48.5167,-2.7833,53223
Taxco,Guerrero,Mexico,18.5704,-99.62,53217
Qingan,Heilongjiang,China,46.8719,127.5118,53206
Tingo María,Huánuco,Peru,-9.2896,-75.99,53177
Camaquã,Rio Grande do Sul,Brazil,-30.8396,-51.81,53169
Elyria,OH,United States,41.3728,-82.108,53117
Turnovo,Veliko Tarnovo,Bulgaria,43.0862,25.6555,53115
Banes,Holguín,Cuba,20.9629,-75.7186,53104
Joplin,MO,United States,37.0752,-94.5013,53095
Alexandroupoli,Anatoliki Makedonia kai Thraki,Greece,40.8486,25.8744,52979
Mercedes,Ciudad de Buenos Aires,Argentina,-34.66,-59.44,52949
Arrecife,,Spain,28.969,-13.5378,52944
Wheaton,IL,United States,41.8568,-88.1081,52938
Crateús,Ceará,Brazil,-5.1656,-40.666,52933
Rockwall,TX,United States,32.9181,-96.4381,52918
Livny,Orel,Russia,52.4248,37.6044,52915
Mandera,Gedo,Somalia,3.9404,41.86,52885
Port Shepstone,KwaZulu-Natal,South Africa,-30.7195,30.46,52793
Lorica,Córdoba,Colombia,9.2419,-75.816,52771
Slobozia,Ialomita,Romania,44.57,27.382,52693
Krasnokamsk,Perm',Russia,58.0747,55.7443,52689
Siena,Toscana,Italy,43.317,11.35,52625
Grand Island,NE,United States,40.9214,-98.3586,52622
Normal,IL,United States,40.5197,-88.9907,52618
Mongu,Western,Zambia,-15.2796,23.12,52534
Saratoga Springs,UT,United States,40.3446,-111.9159,52532
Puerto Ayacucho,Amazonas,Venezuela,5.6639,-67.6236,52526
New Plymouth,Taranaki,New Zealand,-39.0556,174.0748,52500
Porirua,Wellington,New Zealand,-41.1219,174.8524,52500
Thongwa,Yangon,Myanmar,16.7547,96.5193,52496
Jaén,Cajamarca,Peru,-5.7096,-78.81,52493
Pursat,Pouthisat,Cambodia,12.5337,103.9167,52476
Bundaberg,Queensland,Australia,-24.8791,152.3509,52472
Minnetonka,MN,United States,44.9326,-93.4567,52463
Tromsø,Troms,Norway,69.6351,18.992,52436
Mérida,Extremadura,Spain,38.912,-6.338,52423
Andradina,São Paulo,Brazil,-20.9096,-51.3799,52406
Barra do Garças,Mato Grosso,Brazil,-15.8796,-52.26,52398
Cathedral City,CA,United States,33.8355,-116.4631,52356
Fredericton,New Brunswick,Canada,45.95,-66.6333,52337
Hamilton,,Bermuda,32.2942,-64.7839,52320
Naryn,Naryn,Kyrgyzstan,41.4263,75.9911,52300
Basankusu,Cquateur,Congo (Kinshasa),1.2337,19.8,52216
Whangarei,Northland,New Zealand,-35.7256,174.323,52200
Placentia,CA,United States,33.8812,-117.8548,52192
Tayshet,Irkutsk,Russia,55.9277,97.9877,52184
Battle Creek,MI,United States,42.2992,-85.2293,52175
Nyagan,Khanty-Mansiy,Russia,62.1465,65.3814,52137
Kimry,Tver',Russia,56.8691,37.3444,52070
Walvis Bay,Erongo,Namibia,-22.9575,14.5053,52058
Oak Park,IL,United States,41.8872,-87.7899,52055
Diamond Bar,CA,United States,34.0016,-117.8176,52041
Batatais,São Paulo,Brazil,-20.89,-47.59,51976
Palm Desert,CA,United States,33.7376,-116.3641,51951
Chilliwack,British Columbia,Canada,49.1666,-121.95,51942
Huntington Park,CA,United States,33.9792,-118.2174,51942
Usulután,Usulután,El Salvador,13.346,-88.432,51910
Gwadar,Baluchistan,Pakistan,25.139,62.3286,51901
Summerville,SC,United States,33.0058,-80.1793,51884
Novato,CA,United States,38.0851,-122.5483,51722
Dunwoody,GA,United States,33.9414,-84.3127,51713
Maha Sarakham,Maha Sarakham,Thailand,16.184,103.298,51584
Tucupita,Monagas,Venezuela,9.0605,-62.06,51534
Emden,Niedersachsen,Germany,53.3667,7.2167,51526
Columbus,IN,United States,39.2087,-85.9191,51522
Itacoatiara,Amazonas,Brazil,-3.14,-58.44,51509
Delano,CA,United States,35.7664,-119.2642,51500
Middletown,OH,United States,39.503,-84.3649,51478
Tefé,Amazonas,Brazil,-3.36,-64.7,51437
Jendouba,Jendouba,Tunisia,36.5,8.75,51408
Jacundá,Par,Brazil,-4.4395,-49.1157,51375
Tarma,Junín,Peru,-11.41,-75.73,51350
Tulun,Irkutsk,Russia,54.5653,100.5654,51330
La Crosse,WI,United States,43.8247,-91.2246,51327
Collierville,TN,United States,35.0489,-89.6971,51317
Jeffersonville,IN,United States,38.3324,-85.6961,51235
Vejle,Syddanmark,Denmark,55.709,9.535,51177
Séguéla,Worodougou,Ivory Coast,7.9504,-6.67,51157
Florissant,MO,United States,38.7997,-90.3271,51128
Nyeri,Central,Kenya,-0.417,36.951,51084
Harrisonburg,VA,United States,38.4363,-78.8733,51082
Jinotega,Jinotega,Nicaragua,13.091,-86.0,51073
Paramount,CA,United States,33.8989,-118.1666,51072
Kyustendil,Kyustendil,Bulgaria,42.2843,22.6911,51067
Newark,OH,United States,40.0715,-82.4242,51046
Grapevine,TX,United States,32.935,-97.0759,50928
Kyshtym,Chelyabinsk,Russia,55.7,60.5595,50911
Watsonville,CA,United States,36.9236,-121.7724,50867
Mishawaka,IN,United States,41.6766,-86.1654,50842
Ye,Mon,Myanmar,15.2533,97.8679,50798
Campobasso,Molise,Italy,41.563,14.656,50762
West New York,NJ,United States,40.786,-74.0095,50754
Mahalapye,Central,Botswana,-23.1,26.82,50744
Cuyahoga Falls,OH,United States,41.1829,-81.553,50742
Burien,WA,United States,47.4756,-122.3447,50730
Jutiapa,Jutiapa,Guatemala,14.29,-89.9,50681
Mweka,Kasaï-Occidental,Congo (Kinshasa),-4.8396,21.57,50675
Phetchabun,Phetchabun,Thailand,16.419,101.159,50656
Troy,NY,United States,42.7358,-73.6753,50607
Enid,OK,United States,36.4067,-97.8699,50577
Xanthi,Anatoliki Makedonia kai Thraki,Greece,41.1418,24.8836,50570
Passau,Bayern,Germany,48.5755,13.4412,50560
Turbo,Antioquia,Colombia,8.1004,-76.74,50508
Gbadolite,Équateur,Congo (Kinshasa),4.2904,21.0199,50493
Hua Hin,Prachuap Khiri Khan,Thailand,12.5697,99.9443,50456
Araguaína,Tocantins,Brazil,-7.19,-48.21,50444
Milford city,CT,United States,41.2236,-73.0646,50421
Arjona,Bolívar,Colombia,10.26,-75.35,50405
Gallatin,TN,United States,36.3815,-86.467,50355
Sawahlunto,Sumatera Barat,Indonesia,-0.6663,100.7833,50354
Trujillo,Trujillo,Venezuela,9.3804,-70.44,50353
Ma'an,Ma`an,Jordan,30.192,35.736,50350
Everett,MA,United States,42.4059,-71.0546,50318
Sisophon,Bântéay Méanchey,Cambodia,13.5838,102.9833,50302
Aliso Viejo,CA,United States,33.5792,-117.7289,50263
Bothell,WA,United States,47.7735,-122.2044,50213
Ferreñafe,Lambayeque,Peru,-6.63,-79.8,50184
Hoffman Estates,IL,United States,42.0652,-88.153,50179
Ad Nabk,Damascus,Syria,34.017,36.7333,50178
North Bay,Ontario,Canada,46.3,-79.45,50170
Siguiri,Kankan,Guinea,11.4171,-9.1666,50159
Otradnyy,Samara,Russia,53.3778,51.3474,50127
Kampot,Kâmpôt,Cambodia,10.6171,104.1833,50105
Gogrial,Warap,South Sudan,8.5337,28.1167,50065
Prescott Valley,AZ,United States,34.5979,-112.3185,50045
Harrisburg,PA,United States,40.2759,-76.885,50012
Bairin Zuoqi,Nei Mongol,China,43.9837,119.1834,50000
Kahemba,Bandundu,Congo (Kinshasa),-7.2829,19.0,50000
Pa-an,Kayin,Myanmar,16.85,97.6167,50000
Puzi,Chiayi,Taiwan,23.4611,120.2419,50000
Korogwe,Tanga,Tanzania,-5.0896,38.54,50000
El Kharga,Al Wadi at Jadid,Egypt,25.44,30.55,49991
Chake Chake,Kusini-Pemba,Tanzania,-5.2395,39.77,49959
Maun,North-West,Botswana,-19.9896,23.42,49945
Glendora,CA,United States,34.145,-117.8478,49934
Kanash,Chuvash,Russia,55.5091,47.4687,49886
Monchegorsk,Murmansk,Russia,67.9291,32.8287,49868
Odienné,Denguélé,Ivory Coast,9.5104,-7.58,49857
Zaranj,Nimroz,Afghanistan,31.112,61.887,49851
Tacheng,Xinjiang Uygur,China,46.75,82.95,49796
Lota,Bío-Bío,Chile,-37.0896,-73.16,49763
Dosso,Dosso,Niger,13.05,3.2,49750
Chachoengsao,Chachoengsao,Thailand,13.679,101.076,49741
Barnstable Town,MA,United States,41.6615,-70.357,49709
Downers Grove,IL,United States,41.795,-88.0211,49706
St. Louis Park,MN,United States,44.9487,-93.365,49697
Sheboygan,WI,United States,43.7387,-87.7315,49686
Titusville,FL,United States,28.5734,-80.8194,49680
Zyryanovsk,East Kazakhstan,Kazakhstan,49.7453,84.2548,49658
Draper,UT,United States,40.4971,-111.8646,49602
Vryburg,North West,South Africa,-26.96,24.73,49588
Berber,River Nile,Sudan,18.017,33.9833,49556
Murray,UT,United States,40.6507,-111.8866,49553
Ifakara,Morogoro,Tanzania,-8.1296,36.68,49528
Stillwater,OK,United States,36.1315,-97.0745,49525
Kingstown,,Saint Vincent and the Grenadines,13.1483,-61.2121,49485
Fort Pierce,FL,United States,27.4261,-80.3425,49374
Morshansk,Tambov,Russia,53.4547,41.8044,49350
Alexandria,Teleorman,Romania,43.9016,25.2867,49346
Mercedes,San Luis,Argentina,-33.6896,-65.47,49345
Lakewood,OH,United States,41.4833,-81.8011,49337
Quixadá,Ceará,Brazil,-4.97,-39.02,49328
Leesburg,VA,United States,39.1064,-77.5592,49312
Ruzayevka,Mordovia,Russia,54.0643,44.9244,49311
Rosemead,CA,United States,34.0689,-118.0827,49305
Portage,MI,United States,42.197,-85.5914,49302
Waterford,Kilkenny,Ireland,52.2583,-7.1119,49275
Libertador General San Martín,Jujuy,Argentina,-23.8195,-64.79,49267
Ocoee,FL,United States,28.5788,-81.533,49261
Goose Creek,SC,United States,32.9943,-80.0066,49249
San Luis Obispo,CA,United States,35.2662,-120.6684,49244
Timimoun,Adrar,Algeria,29.2365,0.27,49237
Lawrence,IN,United States,39.866,-85.9896,49235
I-n-Salah,Tamanghasset,Algeria,27.2166,2.4666,49223
Invercargill,Southland,New Zealand,-46.4094,168.365,49200
Fengjie,Chongqing,China,31.0504,109.5167,49168
Chesterfield,MO,United States,38.6581,-90.576,49166
Shawinigan,Québec,Canada,46.5504,-72.7333,49161
Cleveland,TN,United States,35.18,-84.8713,49086
Mollendo,Arequipa,Peru,-17.02,-72.02,49033
Verkhnyaya Salda,Sverdlovsk,Russia,58.0502,60.5498,48992
Changyon,Hwanghae-namdo,North Korea,38.2517,125.1021,48984
Slobodskoy,Kirov,Russia,58.7185,50.188,48962
Larnaka,Larnaca,Cyprus,34.917,33.636,48947
Dublin,OH,United States,40.1133,-83.1458,48923
Barra do Corda,Maranhão,Brazil,-5.5096,-45.26,48901
Waingapu,Nusa Tenggara Timur,Indonesia,-9.6582,120.253,48828
Cornwall,Ontario,Canada,45.0171,-74.7333,48821
Cypress,CA,United States,33.8185,-118.0383,48782
Covina,CA,United States,34.0905,-117.8821,48728
Megion,Khanty-Mansiy,Russia,61.0608,76.0953,48691
Luleå,Norrbotten,Sweden,65.5966,22.1584,48638
Clermont,FL,United States,28.5333,-81.7202,48621
Songkhla,Songkhla (Songkhla Lake),Thailand,7.21,100.56,48616
Namtu,Shan,Myanmar,23.0837,97.4,48591
Floriano,Piauí,Brazil,-6.7696,-43.03,48587
Serowe,Central,Botswana,-22.39,26.71,48573
Los Banos,CA,United States,37.0632,-120.8403,48553
Huntsville,TX,United States,30.7005,-95.5549,48552
Port Macquarie,New South Wales,Australia,-31.445,152.9187,48547
Torzhok,Tver',Russia,57.0291,34.9787,48546
Vigan,Ilocos Sur,Philippines,17.5747,120.3869,48545
East Lansing,MI,United States,42.7489,-84.4824,48528
Yamburg,Yamal-Nenets,Russia,67.9221,74.9253,48488
Valladolid,Yucatán,Mexico,20.6704,-88.2,48479
Brea,CA,United States,33.9252,-117.8651,48479
Senhor do Bonfim,Bahia,Brazil,-10.4496,-40.19,48471
Serdar,Balkan,Turkmenistan,38.9755,56.2778,48458
Hattiesburg,MS,United States,31.3073,-89.3174,48414
Cojutepeque,Cuscatlán,El Salvador,13.7167,-88.9333,48411
Cedar Hill,TX,United States,32.5843,-96.9589,48411
Wakema,Ayeyarwady,Myanmar,16.6133,95.1829,48405
Asadabad,Kunar,Afghanistan,34.866,71.15,48400
Ceres,CA,United States,37.5988,-120.9681,48397
Bedford,TX,United States,32.8458,-97.1351,48370
Coral Gables,FL,United States,25.6831,-80.2617,48353
Bulungu,Bandundu,Congo (Kinshasa),-4.5496,18.6,48344
Rio Verde,Goi,Brazil,-17.8196,-50.93,48318
Buchanan,Grand Bassa,Liberia,5.9161,-10.0525,48315
Oro Valley,AZ,United States,32.4207,-110.977,48311
Mao,Valverde,Dominican Republic,19.552,-71.075,48297
Azusa,CA,United States,34.1385,-117.9123,48272
Biloxi,MS,United States,30.4267,-88.9358,48235
Euclid,OH,United States,41.5922,-81.5197,48212
Ponte Nova,Minas Gerais,Brazil,-20.4096,-42.8999,48187
Muğla,Mugla,Turkey,37.2164,28.3639,48183
Smara,Guelmim - Es-Semara,Morocco,26.7333,-11.6833,48149
Lebanon,TN,United States,36.1994,-86.3446,48112
Belaya Kalitva,Rostov,Russia,48.1865,40.7861,48098
Poway,CA,United States,32.9877,-117.0218,48051
Kibuye,Western,Rwanda,-2.05,29.35,48024
Middletown,CT,United States,41.5486,-72.6568,47984
El Kef,Le Kef,Tunisia,36.1826,8.7148,47979
Guaxupé,Minas Gerais,Brazil,-21.29,-46.7099,47889
Goianésia,Goiás,Brazil,-15.3096,-49.13,47883
Mildura,Victoria,Australia,-34.185,142.1514,47867
Huajuapan de León,Oaxaca,Mexico,17.8104,-97.79,47844
Wilson,NC,United States,35.7315,-77.9308,47833
Ratnapura,Ratnapura,Sri Lanka,6.693,80.386,47832
Cutral Có,Neuquén,Argentina,-38.94,-69.24,47814
Luwuk,Sulawesi Tengah,Indonesia,-0.9396,122.79,47778
Ålesund,MOre og Romsdal,Norway,62.5454,6.388,47772
Capanema,Pará,Brazil,-1.19,-47.18,47766
Prescott,AZ,United States,34.5922,-112.4467,47757
Moyobamba,San Martín,Peru,-6.0496,-76.9667,47734
Alayat Samail,Ad Dakhliyah,Oman,23.3032,57.9782,47718
Mansfield,OH,United States,40.7667,-82.5308,47711
Hlotse,Leribe,Lesotho,-28.878,28.056,47675
Autlan,Jalisco,Mexico,19.77,-104.37,47669
Amahai,Maluku,Indonesia,-3.3281,128.9405,47653
Itamaraju,Bahia,Brazil,-17.0396,-39.5299,47628
San Lorenzo,Corrientes,Argentina,-28.12,-58.77,47626
Mtsensk,Orel,Russia,53.2647,36.5472,47609
Niagara Falls,NY,United States,43.0928,-79.0147,47599
Badulla,Badulla,Sri Lanka,6.9837,81.0499,47587
Kafue,Southern,Zambia,-15.78,28.18,47554
Wentzville,MO,United States,38.8165,-90.8708,47497
Campo Belo,Minas Gerais,Brazil,-20.8896,-45.28,47491
Aksum,Tigray,Ethiopia,14.1304,38.72,47487
Sherman,TX,United States,33.6286,-96.6267,47473
Plainfield,IL,United States,41.6303,-88.2453,47448
Montana,Montana,Bulgaria,43.414,23.237,47445
Columbia,TN,United States,35.6238,-87.0425,47445
Gryazi,Lipetsk,Russia,52.4948,39.9343,47413
Ladysmith,KwaZulu-Natal,South Africa,-28.5495,29.78,47375
Minot,ND,United States,48.2361,-101.2775,47373
Itaberaba,Bahia,Brazil,-12.5196,-40.3,47301
Winter Garden,FL,United States,28.5412,-81.5912,47294
Buriram,Buri Ram,Thailand,15.0004,103.1166,47292
Mozhga,Udmurt,Russia,56.4548,52.1843,47270
Gainesville,GA,United States,34.2901,-83.8291,47265
Hämeenlinna,Tavastia Proper,Finland,60.997,24.472,47261
Lamia,Stereá Elláda,Greece,38.899,22.434,47246
Meru,Eastern,Kenya,0.06,37.64,47226
Antalaha,Antsiranana,Madagascar,-14.8833,50.2833,47224
Rosso,Trarza,Mauritania,16.524,-15.8127,47203
Waxahachie,TX,United States,32.4025,-96.8445,47201
Beavercreek,OH,United States,39.7332,-84.0596,47193
Breves,Pará,Brazil,-1.68,-50.49,47164
Shakopee,MN,United States,44.7719,-93.4757,47158
Poti,Samegrelo-Zemo Svaneti,Georgia,42.1557,41.6716,47149
Tres Arroyos,Ciudad de Buenos Aires,Argentina,-38.37,-60.2699,47136
Progreso,Yucatán,Mexico,21.2833,-89.6666,47124
Mandeville,Manchester,Jamaica,18.033,-77.5,47115
Poso,Sulawesi Tengah,Indonesia,-1.3896,120.76,47110
Roswell,NM,United States,33.3734,-104.5294,47109
Busia,Busia,Uganda,0.4544,34.0758,47100
Yishan,Guangxi,China,24.5004,108.6667,47062
Wauwatosa,WI,United States,43.0632,-88.0356,47038
Olive Branch,MS,United States,34.9558,-89.8412,47029
Dila,"Southern Nations, Nationalities and Peoples",Ethiopia,6.4104,38.31,47021
Nacaome,Valle,Honduras,13.53,-87.49,47000
Amursk,Khabarovsk,Russia,50.2228,136.8974,46993
Boosaaso,Bari,Somalia,11.28,49.18,46969
Newark,CA,United States,37.5043,-122.0319,46929
Mentor,OH,United States,41.6902,-81.3359,46929
Sandnes,Rogaland,Norway,58.8454,5.69,46911
Glenview,IL,United States,42.0852,-87.8274,46904
East Providence,RI,United States,41.8004,-71.3593,46900
New Amsterdam,Essequibo Islands-West Demerara,Guyana,6.25,-57.53,46874
Berat,Berat,Albania,40.71,19.972,46866
Charleston,WV,United States,38.3487,-81.6323,46838
Kanye,Southern,Botswana,-24.9696,25.34,46831
Cerritos,CA,United States,33.8677,-118.0695,46797
Choma,Southern,Zambia,-16.8095,26.97,46746
Leopoldina,Minas Gerais,Brazil,-21.53,-42.64,46742
Zhetiqara,Qostanay,Kazakhstan,52.193,61.2399,46740
Urbandale,IA,United States,41.6368,-93.7798,46729
Binghamton,NY,United States,42.1013,-75.9094,46727
Njombe,Iringa,Tanzania,-9.3296,34.77,46724
Kokkola,Western Finland,Finland,63.8333,23.1167,46714
Aweil,North Bahr-al-Ghazal,South Sudan,8.7666,27.4,46705
Roseville,MI,United States,42.5076,-82.9366,46666
Attleboro,MA,United States,41.9317,-71.2945,46654
Safonovo,Smolensk,Russia,55.1465,33.2161,46637
Monroe,LA,United States,32.519,-92.0772,46616
Mikkeli,Southern Savonia,Finland,61.69,27.285,46550
Middelburg,Zeeland,Netherlands,51.502,3.61,46485
Kita,Kayes,Mali,13.0504,-9.4833,46435
Alatyr,Chuvash,Russia,54.8504,46.6,46427
Nadym,Yamal-Nenets,Russia,65.5298,72.5148,46339
Keller,TX,United States,32.9329,-97.2245,46316
Berekum,Brong Ahafo,Ghana,7.4504,-2.59,46287
Holly Springs,NC,United States,35.6533,-78.8408,46271
Kibungo,Eastern,Rwanda,-2.1667,30.5333,46240
Farmington,NM,United States,36.7538,-108.1805,46237
Rancho Santa Margarita,CA,United States,33.6323,-117.599,46182
Östersund,Jämtland,Sweden,63.1833,14.65,46178
Pechora,Komi,Russia,65.1587,57.2087,46113
Manono,Katanga,Congo (Kinshasa),-7.3,27.45,46111
Kohtla-Järve,Ida-Viru,Estonia,59.4,27.2833,46060
Mahdia,Mahdia,Tunisia,35.4839,11.0409,45977
Santiago,Veraguas,Panama,8.1004,-80.9833,45955
Nevers,Bourgogne,France,46.9837,3.1667,45929
Spassk Dalniy,Primor'ye,Russia,44.6002,132.8198,45900
Apsheronsk,Krasnodar,Russia,44.4687,39.7287,45876
Ayakoz,East Kazakhstan,Kazakhstan,47.9647,80.4297,45861
Gbarnga,Bong,Liberia,7.0104,-9.49,45835
Jalapa,Jalapa,Guatemala,14.633,-89.989,45834
Irati,Paraná,Brazil,-25.47,-50.66,45830
Salina,KS,United States,38.8131,-97.6145,45792
Coihaique,Aisén del General Carlos Ibáñez del Campo,Chile,-45.57,-72.07,45787
Mae Sot,Tak,Thailand,16.7162,98.5708,45781
Wajir,North-Eastern,Kenya,1.7504,40.05,45771
Oakley,CA,United States,37.9961,-121.6936,45761
Mankato,MN,United States,44.1711,-93.9764,45742
Hackensack,NJ,United States,40.8894,-74.0457,45736
Mozdok,North Ossetia,Russia,43.7543,44.6544,45702
Buta,Orientale,Congo (Kinshasa),2.82,24.74,45677
Volkhov,Leningrad,Russia,59.9291,32.3387,45673
Puttalan,Puttalam,Sri Lanka,8.033,79.826,45661
Komatini,Anatoliki Makedonia kai Thraki,Greece,41.1333,25.4167,45631
Shaoyang,Hunan,China,27.0,111.2001,45617
Spanish Fork,UT,United States,40.1104,-111.6411,45557
Strongsville,OH,United States,41.313,-81.8317,45511
La Mirada,CA,United States,33.902,-118.009,45505
Yefremov,Tula,Russia,53.1491,38.1215,45497
Sayreville,NJ,United States,40.4669,-74.3202,45496
Blacksburg,VA,United States,37.2313,-80.4267,45485
The Colony,TX,United States,33.0896,-96.9034,45471
Bremerton,WA,United States,47.5399,-122.717,45450
Birak,Ash Shati',Libya,27.5333,14.2834,45421
Liberia,Guanacaste,Costa Rica,10.6338,-85.4333,45380
Sololá,Sololá,Guatemala,14.773,-91.183,45373
Olbia,Sardegna,Italy,40.9143,9.5151,45366
Joliette,Québec,Canada,46.0333,-73.4333,45361
Dédougou,Mou Houn,Burkina Faso,12.455,-3.464,45341
Elmhurst,IL,United States,41.897,-87.9437,45336
Huntington,WV,United States,38.4107,-82.4347,45325
Salcedo,Hermanas,Dominican Republic,19.383,-70.4167,45299
Haltom City,TX,United States,32.8177,-97.2712,45290
Brentwood,TN,United States,35.9939,-86.7708,45265
Altamonte Springs,FL,United States,28.661,-81.3947,45257
Rida,Al Bayda',Yemen,14.4295,44.8341,45233
Palm Springs,CA,United States,33.8034,-116.5383,45218
Moorhead,MN,United States,46.8647,-96.7446,45202
Cametá,Pará,Brazil,-2.2396,-49.51,45200
Shebekino,Belgorod,Russia,50.4143,36.8944,45194
Chernyakhovsk,Kaliningrad,Russia,54.6316,21.8109,45187
Inverness,Highland,United Kingdom,57.4671,-4.2333,45158
Delaware,OH,United States,40.2865,-83.0749,45158
Leiria,Leiria,Portugal,39.739,-8.805,45112
Iganga,Iganga,Uganda,0.6092,33.4686,45024
Laranjal do Jari,Amapi,Brazil,-0.85,-52.48,45000
Shahhat,Al Jabal al Akhdar,Libya,32.8281,21.8622,45000
Usinsk,Komi,Russia,65.923,57.403,45000
Charlottesville,VA,United States,38.0377,-78.4854,44983
Itanagar,Arunachal Pradesh,India,27.1004,93.6166,44971
Newnan,GA,United States,33.3797,-84.7712,44940
Vallenar,Atacama,Chile,-28.57,-70.76,44895
York,PA,United States,39.9648,-76.7318,44867
Piripiri,Piauí,Brazil,-4.2696,-41.79,44864
Angol,La Araucanía,Chile,-37.79,-72.71,44856
Riverton,UT,United States,40.5176,-111.9635,44854
West Lafayette,IN,United States,40.4437,-86.9236,44829
Post Falls,ID,United States,47.7256,-116.9442,44798
Strezhevoy,Tomsk,Russia,60.7332,77.5777,44784
North Lauderdale,FL,United States,26.2125,-80.2214,44784
Chone,Manabi,Ecuador,-0.6896,-80.09,44751
Sisaket,Si Sa Ket,Thailand,15.1203,104.3298,44751
Salem,MA,United States,42.4992,-70.8982,44744
Beaufort West,Western Cape,South Africa,-32.3496,22.57,44737
Linden,Upper Takutu-Upper Essequibo,Guyana,5.99,-58.27,44690
Artemovskiy,Sverdlovsk,Russia,57.3652,61.8698,44689
Hollister,CA,United States,36.8556,-121.3986,44658
Concord,NH,United States,43.2325,-71.5613,44629
Kabale,Kabale,Uganda,-1.2496,29.98,44600
Kamenna Obi,Altay,Russia,53.7936,81.3388,44564
Akhtubinsk,Astrakhan',Russia,48.2787,46.1687,44551
Rohnert Park,CA,United States,38.3476,-122.7009,44546
Trollhättan,Västra Götaland,Sweden,58.2671,12.3,44543
Burlington,VT,United States,44.4919,-73.2389,44528
Zvolen,Banskobystrický,Slovakia,48.5837,19.1332,44502
Camocim,Ceará,Brazil,-2.9,-40.85,44481
Morgan Hill,CA,United States,37.1325,-121.6419,44478
Littleton,CO,United States,39.5904,-105.0201,44451
Fairfield,OH,United States,39.3314,-84.5427,44447
Cobija,Acre,Bolivia,-11.0205,-68.7688,44437
Aliwal North,Eastern Cape,South Africa,-30.6896,26.71,44436
Sierra Vista,AZ,United States,31.5654,-110.3145,44431
Hickory,NC,United States,35.7401,-81.3218,44415
Umm al Qaywayn,Umm Al Qaywayn,United Arab Emirates,25.5653,55.5533,44411
Huancavelica,Huancavelica,Peru,-12.79,-74.99,44388
Greer,SC,United States,34.9333,-82.2308,44387
Bluefields,Atlántico Sur,Nicaragua,12.0,-83.7649,44373
Fond du Lac,WI,United States,43.7722,-88.4403,44300
Aracati,Ceará,Brazil,-4.56,-37.77,44293
Roskilde,Sjaælland,Denmark,55.65,12.0833,44285
Ormond Beach,FL,United States,29.2933,-81.1014,44277
Villa Constitución,Santa Fe,Argentina,-33.23,-60.35,44271
Atar,Adrar,Mauritania,20.5166,-13.05,44265
Winneba,Central,Ghana,5.3504,-0.63,44254
Wilkes-Barre,PA,United States,41.2466,-75.8757,44254
Pärnu,Pärnu,Estonia,58.3747,24.5136,44192
Taree,New South Wales,Australia,-31.8976,152.4618,44182
Bountiful,UT,United States,40.8725,-111.8612,44144
Oakland Park,FL,United States,26.1791,-80.1524,44105
Greenacres,FL,United States,26.627,-80.1376,44103
Padangpanjang,Sumatera Barat,Indonesia,-0.4496,100.4167,44096
Chitré,Herrera,Panama,7.97,-80.42,44082
Inhumas,Goiás,Brazil,-16.36,-49.5,44058
Port Vila,Shefa,Vanuatu,-17.7334,168.3166,44040
Timashevsk,Krasnodar,Russia,45.6247,38.9444,44024
Alapayevsk,Sverdlovsk,Russia,57.8465,61.6915,44000
Voznesensk,Mykolayiv,Ukraine,47.5504,31.3333,43996
Belleville,Ontario,Canada,44.1667,-77.3833,43990
Naivasha,Rift Valley,Kenya,-0.7096,36.43,43983
Linden,NJ,United States,40.6273,-74.2363,43950
Hagere Hiywet,Addis Ababa,Ethiopia,8.9804,37.85,43920
Cleveland Heights,OH,United States,41.5111,-81.5618,43908
Nabire,Papua,Indonesia,-3.3515,135.5134,43898
Comendador,Elias Pina,Dominican Republic,18.876,-71.707,43894
Dzhankoy,Crimea,Russia,45.717,34.4,43879
Lynnwood,WA,United States,47.829,-122.3007,43867
Salinas,Guayas,Ecuador,-2.2,-80.98,43862
Batouri,Est,Cameroon,4.4337,14.3666,43821
Fuquay-Varina,NC,United States,35.5951,-78.7766,43817
Lombard,IL,United States,41.8738,-88.0155,43779
El Centro,CA,United States,32.7864,-115.5602,43772
Cutler Bay,FL,United States,25.5761,-80.334,43762
Freeport,NY,United States,40.6509,-73.5846,43756
Basoko,Orientale,Congo (Kinshasa),1.2404,23.59,43709
Leominster,MA,United States,42.5209,-71.7706,43627
Coachella,CA,United States,33.6904,-116.1431,43590
Hagerstown,MD,United States,39.6402,-77.7227,43553
Novozybkov,Bryansk,Russia,52.5348,31.9449,43534
Phatthalung,Phatthalung,Thailand,7.615,100.081,43522
Alexandria,LA,United States,31.2934,-92.4702,43466
Sambava,Antsiranana,Madagascar,-14.2662,50.1666,43465
Imbituba,Santa Catarina,Brazil,-28.2296,-48.66,43450
Araranguá,Santa Catarina,Brazil,-28.94,-49.5,43444
Oyem,Wouleu-Ntem,Gabon,1.6166,11.5833,43423
Volksrust,Mpumalanga,South Africa,-27.3596,29.89,43378
Lake Worth Beach,FL,United States,26.6197,-80.0587,43346
Nizhneudinsk,Irkutsk,Russia,54.8977,99.0277,43326
Celina,TX,United States,33.3262,-96.7949,43317
Huber Heights,OH,United States,39.8589,-84.1129,43313
Sovetsk,Kaliningrad,Russia,55.0718,21.882,43309
Bullhead City,AZ,United States,35.1274,-114.556,43302
Schertz,TX,United States,29.5633,-98.2509,43239
Al Wajh,Tabuk,Saudi Arabia,26.2324,36.4636,43237
Whanganui,Manawatu-Wanganui,New Zealand,-39.9326,175.0393,43200
Saginaw,MI,United States,43.4199,-83.9502,43185
Vichy,Auvergne,France,46.1171,3.4167,43158
Woonsocket,RI,United States,42.0017,-71.4999,43135
Ambatondrazaka,Toamasina,Madagascar,-17.8329,48.4167,43134
Mariinsk,Kemerovo,Russia,56.2108,87.7604,43122
Krasnoufimsk,Sverdlovsk,Russia,56.5991,57.7586,43121
Macenta,Nzerekore,Guinea,8.5504,-9.48,43102
Banjul,Banjul,The Gambia,13.4539,-16.5917,43094
Pittsfield,MA,United States,42.4518,-73.2607,43076
Lubao,Kasaï-Oriental,Congo (Kinshasa),-5.3896,25.75,43068
Weslaco,TX,United States,26.1605,-97.9877,43053
Lompoc,CA,United States,34.6627,-120.4708,43045
DeLand,FL,United States,29.0227,-81.2865,43009
Bilwi,Atlántico Norte,Nicaragua,14.0333,-83.3834,43001
Danville,CA,United States,37.8121,-121.9698,42999
Yendi,Northern,Ghana,9.4337,-0.0167,42972
Franceville,Haut-Ogooué,Gabon,-1.6333,13.5833,42967
Mount Juliet,TN,United States,36.1992,-86.5095,42912
Ventspils,Ventspils,Latvia,57.3899,21.5606,42884
Indian Trail,NC,United States,35.0686,-80.6512,42854
Genhe,Nei Mongol,China,50.7833,121.5167,42849
North Miami Beach,FL,United States,25.93,-80.1652,42789
Altoona,PA,United States,40.5081,-78.4011,42788
Grove City,OH,United States,39.8858,-83.097,42782
Tehuantepec,Oaxaca,Mexico,16.33,-95.23,42776
Sumter,SC,United States,33.9408,-80.3955,42766
San Antonio de los Baños,La Habana,Cuba,22.8911,-82.4991,42724
Canindé,Ceará,Brazil,-4.35,-39.31,42720
Edmonds,WA,United States,47.8136,-122.3533,42701
Manassas,VA,United States,38.7468,-77.4826,42696
Fort Portal,Kabarole,Uganda,0.671,30.275,42670
Midland,MI,United States,43.6248,-84.232,42663
Arys,South Kazakhstan,Kazakhstan,42.4369,68.8048,42648
Montemorelos,Nuevo León,Mexico,25.19,-99.84,42640
Mango,Savanes,Togo,10.3596,0.4708,42626
Nuku'alofa,,Tonga,-21.1385,-175.2206,42620
Fulshear,TX,United States,29.6924,-95.8866,42616
Cabo San Lucas,Baja California Sur,Mexico,22.8928,-109.9045,42601
Hulin,Heilongjiang,China,45.769,132.9922,42559
Jefferson City,MO,United States,38.5675,-92.1753,42552
Famagusta,,Northern Cyprus,35.125,33.95,42526
Partizansk,Primor'ye,Russia,43.1349,133.1349,42489
Buffalo Grove,IL,United States,42.166,-87.9618,42482
Brighton,CO,United States,39.9657,-104.7942,42477
Dieppe,Haute-Normandie,France,49.9337,1.0833,42461
Shu,Zhambyl,Kazakhstan,43.5953,73.7448,42439
Florence,AL,United States,34.8303,-87.6661,42437
Charlottetown,Prince Edward Island,Canada,46.2493,-63.1313,42402
Kotabumi,Lampung,Indonesia,-4.8333,104.9,42366
Mercedes,Soriano,Uruguay,-33.2595,-58.03,42359
Beverly,MA,United States,42.5567,-70.845,42318
Kapan,Z?ngilan,Azerbaijan,39.2015,46.415,42288
Nandi,Western,Fiji,-17.7996,177.4166,42284
Mansa,Luapula,Zambia,-11.2,28.89,42277
Marion,IA,United States,42.0454,-91.5862,42213
Lovec,Lovech,Bulgaria,43.138,24.719,42211
Puyallup,WA,United States,47.179,-122.2915,42179
Sokol,Vologda,Russia,59.4648,40.1144,42174
Qapshaghay,Almaty,Kazakhstan,43.8844,77.0687,42167
Salgueiro,Pernambuco,Brazil,-8.0596,-39.13,42152
Shelton,CT,United States,41.3046,-73.1392,42144
Peachtree Corners,GA,United States,33.9671,-84.2323,42136
Sdid Bouzid,Sidi Bou Zid,Tunisia,35.0167,9.5,42098
Penedo,Alagoas,Brazil,-10.2696,-36.58,42097
Castro,Paraná,Brazil,-24.79,-50.01,42091
Cottage Grove,MN,United States,44.8133,-92.9143,42056
Miercurea Cuic,Harghita,Romania,46.361,25.524,42029
Yemanzhelinsk,Chelyabinsk,Russia,54.7489,61.2935,42023
Moatize,Tete,Mozambique,-16.0995,33.95,42000
Tizimín,Yucatán,Mexico,21.1304,-88.15,41993
Brumado,Bahia,Brazil,-14.21,-41.67,41989
Moline,IL,United States,41.4823,-90.4934,41965
Lindi,Lindi,Tanzania,-10.0,39.7,41912
Artigas,Artigas,Uruguay,-30.416,-56.486,41909
Brookfield,WI,United States,43.0643,-88.1178,41884
Kiryas Joel,NY,United States,41.3407,-74.1673,41857
Danville,VA,United States,36.5833,-79.4081,41837
Lesozavodsk,Primor'ye,Russia,45.4748,133.4298,41778
Campbell,CA,United States,37.2802,-121.9533,41700
Prosper,TX,United States,33.2413,-96.8124,41660
Woburn,MA,United States,42.4887,-71.1544,41647
Uryupinsk,Volgograd,Russia,50.7734,42.0031,41644
Cotuí,Sánchez Ramírez,Dominican Republic,19.059,-70.152,41641
Gay,Orenburg,Russia,51.4747,58.4543,41619
Fitchburg,MA,United States,42.602,-71.8159,41579
Hallandale Beach,FL,United States,25.984,-80.1408,41547
Chiquimula,Chiquimula,Guatemala,14.797,-89.544,41521
Auxerre,Bourgogne,France,47.8004,3.5666,41516
Victoriaville,Québec,Canada,46.0504,-71.9667,41500
Jaguaquara,Bahia,Brazil,-13.53,-39.97,41498
Canoinhas,Santa Catarina,Brazil,-26.18,-50.4,41498
Zaraza,Guárico,Venezuela,9.3404,-65.32,41483
Lushnjë,Fier,Albania,40.94,19.716,41469
Grand Prairie,Alberta,Canada,55.1666,-118.8,41462
Lancaster,OH,United States,39.7252,-82.6052,41422
Lusambo,Kasaï-Oriental,Congo (Kinshasa),-4.9696,23.43,41416
Coppell,TX,United States,32.9633,-96.9906,41404
San,Ségou,Mali,13.3004,-4.9,41386
Milton,GA,United States,34.1443,-84.3142,41383
Faro,Faro,Portugal,37.0171,-7.9333,41355
Midlothian,TX,United States,32.4694,-96.9907,41352
San Bruno,CA,United States,37.6256,-122.4314,41327
Saurimo,Lunda Sul,Angola,-9.6596,20.39,41316
Zelenokumsk,Stavropol',Russia,44.4091,43.8787,41306
Garça,São Paulo,Brazil,-22.22,-49.66,41302
Oviedo,FL,United States,28.6619,-81.1871,41231
Reynoldsburg,OH,United States,39.9613,-82.7889,41220
Minas,Lavalleja,Uruguay,-34.37,-55.23,41180
Marlborough,MA,United States,42.3496,-71.5472,41179
Owasso,OK,United States,36.2872,-95.8354,41162
Villarrica,Guairá,Paraguay,-25.75,-56.4333,41157
Apache Junction,AZ,United States,33.3828,-111.5405,41153
Mityana,Busujju,Uganda,0.4004,32.05,41131
Cao Bằng,Cao B?ng,Vietnam,22.664,106.268,41112
Rosenberg,TX,United States,29.5499,-95.8214,41104
Palmeira dos Índios,Alagoas,Brazil,-9.4166,-36.6166,41095
Itá,Asunción,Paraguay,-25.5096,-57.36,41090
Birsk,Bashkortostan,Russia,55.4244,55.5444,41014
Bastia,Corse,France,42.7032,9.45,41001
Salinópolis,Pará,Brazil,-0.6095,-47.34,40998
Covington,KY,United States,39.0351,-84.5196,40972
Romeoville,IL,United States,41.6279,-88.1012,40955
Frutal,Minas Gerais,Brazil,-20.03,-48.94,40931
Frolovo,Volgograd,Russia,49.7722,43.6518,40882
Crystal Lake,IL,United States,42.2332,-88.3344,40861
Friendswood,TX,United States,29.5077,-95.2006,40826
Buzmeyin,Ahal,Turkmenistan,38.0517,58.21,40813
Chapadinha,Maranhão,Brazil,-3.7395,-43.36,40804
Aquidauana,Mato Grosso do Sul,Brazil,-20.4696,-55.79,40803
Cedar Falls,IA,United States,42.5191,-92.454,40737
Belleville,IL,United States,38.516,-89.9898,40726
Bom Jesus da Lapa,Bahia,Brazil,-13.2495,-43.44,40691
State College,PA,United States,40.791,-77.8568,40687
Florence,SC,United States,34.1789,-79.7922,40609
Plant City,FL,United States,28.0154,-82.1178,40571
Annapolis,MD,United States,38.9722,-76.5053,40552
Balykchy,Ysyk-Köl,Kyrgyzstan,42.456,76.1854,40527
Lake Stevens,WA,United States,48.0034,-122.0968,40521
Westfield,MA,United States,42.1388,-72.7559,40509
Cape Girardeau,MO,United States,37.3094,-89.5584,40508
Alta Floresta,Mato Grosso,Brazil,-9.9,-55.91,40466
Huaura,Lima,Peru,-11.06,-77.6,40400
West Fargo,ND,United States,46.8564,-96.9048,40400
Pyu,Bago,Myanmar,18.4779,96.4379,40386
Alta Gracia,Córdoba,Argentina,-31.66,-64.43,40384
Yambio,West Equatoria,South Sudan,4.5705,28.4163,40382
Windsor,CO,United States,40.4783,-104.9151,40349
Haugesund,Rogaland,Norway,59.4119,5.2775,40321
Mirny,Sakha (Yakutia),Russia,62.54,113.9614,40308
Bilecik,Bilecik,Turkey,40.15,29.983,40285
Hon Quan,BNnh Phu?c,Vietnam,11.6504,106.6,40279
Amherst Town,MA,United States,42.3635,-72.5073,40277
Germantown,TN,United States,35.082,-89.7826,40267
Arawa,North Solomons,Papua New Guinea,-6.228,155.566,40266
New Berlin,WI,United States,42.972,-88.1292,40260
Lancaster,TX,United States,32.5962,-96.7738,40215
DeKalb,IL,United States,41.9289,-88.7464,40211
Bozoum,Ouham-Pendé,Central African Republic,6.317,16.3833,40201
Peachtree City,GA,United States,33.3919,-84.5707,40193
Findlay,OH,United States,41.0474,-83.6381,40139
Orongen Zizhiqi,Nei Mongol,China,50.5667,123.7167,40128
Luga,Leningrad,Russia,58.7363,29.839,40114
Inongo,Bandundu,Congo (Kinshasa),-1.94,18.28,40113
Ali Sabih,Ali Sabieh,Djibouti,11.1562,42.7125,40074
Altagracia de Orituco,Guárico,Venezuela,9.8504,-66.38,40052
Raub,Pahang,Malaysia,3.7927,101.8423,40024
Kaya,Sanmatenga,Burkina Faso,13.0904,-1.09,40017
Valley Stream,NY,United States,40.6647,-73.7049,40007
Pogradec,Kor,Albania,40.9,20.664,40000
Tômbua,Namibe,Angola,-15.8,11.86,40000
Salamá,Baja Verapaz,Guatemala,15.103,-90.314,40000
Bartlett,IL,United States,41.9606,-88.1777,39992
Rancho Palos Verdes,CA,United States,33.7385,-118.3697,39980
Rexburg,ID,United States,43.8229,-111.791,39975
Wausau,WI,United States,44.9618,-89.6465,39968
Maplewood,MN,United States,45.019,-93.0311,39958
Hanggin Houqi,Nei Mongol,China,40.8847,107.14,39954
Ob,Novosibirsk,Russia,54.998,82.7077,39949
Cedar City,UT,United States,37.6838,-113.0955,39942
Yian,Heilongjiang,China,47.8804,125.3,39924
Lake Oswego,OR,United States,45.4136,-122.7,39924
Ciudad Constitución,Baja California Sur,Mexico,25.04,-111.66,39915
Dover,DE,United States,39.1606,-75.5217,39894
Norwich,CT,United States,41.548,-72.0895,39881
Uray,Khanty-Mansiy,Russia,60.1401,64.7548,39878
Bettendorf,IA,United States,41.5668,-90.4769,39858
Lathrop,CA,United States,37.8087,-121.3178,39857
Alekseyevka,Belgorod,Russia,50.6535,38.6931,39848
Daman,Dadra and Nagar Haveli,India,20.417,72.85,39737
Laguna,Santa Catarina,Brazil,-28.48,-48.78,39711
Mochudi,Kgatleng,Botswana,-24.377,26.152,39700
Fort Lee,NJ,United States,40.8506,-73.971,39700
Menomonee Falls,WI,United States,43.1594,-88.1215,39700
Goroka,Eastern Highlands,Papua New Guinea,-6.0833,145.3855,39699
Myrtle Beach,SC,United States,33.7104,-78.886,39697
Hutchinson,KS,United States,38.0673,-97.9095,39662
Perth,Perthshire and Kinross,United Kingdom,56.4003,-3.47,39654
Salgótarján,Nógrád,Hungary,48.105,19.826,39640
Zacatecoluca,La Paz,El Salvador,13.508,-88.868,39613
La Vergne,TN,United States,36.0222,-86.5594,39597
Bogoroditsk,Tula,Russia,53.7747,38.1144,39553
Tozeur,Tozeur,Tunisia,33.9304,8.13,39504
Royal Palm Beach,FL,United States,26.699,-80.2276,39489
Tavda,Sverdlovsk,Russia,58.0537,65.2583,39480
Russas,Ceará,Brazil,-4.94,-37.98,39465
Georgetown,KY,United States,38.2602,-84.5349,39462
Borlänge,Dalarna,Sweden,60.4833,15.4167,39422
Hobbs,NM,United States,32.7291,-103.1608,39386
Kearny,NJ,United States,40.7523,-74.1231,39370
Antigua Guatemala,Sacatepéquez,Guatemala,14.5667,-90.7333,39368
Orange,New South Wales,Australia,-33.28,149.1,39329
Roi Et,Roi Et,Thailand,16.051,103.655,39328
Kirov,Kaluga,Russia,54.0852,34.3048,39319
Prattville,AL,United States,32.449,-86.4494,39318
Hurst,TX,United States,32.8366,-97.1806,39304
Pacasmayo,La Libertad,Peru,-7.4006,-79.5706,39282
Tooele,UT,United States,40.5394,-112.3078,39263
Upper Hutt,Manawatu-Wanganui,New Zealand,-41.1355,175.029,39200
Palmas,Paraná,Brazil,-26.48,-52.0,39150
Grants Pass,OR,United States,42.4323,-123.3318,39149
Caibarién,Villa Clara,Cuba,22.5158,-79.4722,39140
Guiglo,Moyen-Cavally,Ivory Coast,6.5505,-7.49,39134
Pine Bluff,AR,United States,34.2116,-92.0176,39123
La Quinta,CA,United States,33.6461,-116.2753,39081
Vichuga,Ivanovo,Russia,57.2191,41.9287,39071
Douglasville,GA,United States,33.7368,-84.7011,39049
Culver City,CA,United States,34.0058,-118.3968,39041
Spartanburg,SC,United States,34.9456,-81.9259,39040
Toumodi,Lacs,Ivory Coast,6.552,-5.019,39005
Xam Nua,Houaphan,Laos,20.4167,104.0333,38992
Issaquah,WA,United States,47.5445,-122.0491,38977
Carol Stream,IL,United States,41.9203,-88.1332,38966
Mineiros,Goiás,Brazil,-17.5695,-52.56,38951
Winter Springs,FL,United States,28.6881,-81.27,38941
Tønsberg,Vestfold,Norway,59.264,10.421,38914
Pinheiro,Maranhão,Brazil,-2.5196,-45.09,38893
Dundalk,Louth,Ireland,54.0004,-6.4167,38884
Asha,Chelyabinsk,Russia,54.998,57.2726,38883
Duncanville,TX,United States,32.6459,-96.9139,38883
Joaçaba,Santa Catarina,Brazil,-27.17,-51.5,38876
Tshela,Bas-Congo,Congo (Kinshasa),-4.9696,12.93,38845
Stanton,CA,United States,33.8002,-117.9934,38815
Quincy,IL,United States,39.9337,-91.3793,38803
Bukama,Katanga,Congo (Kinshasa),-9.2096,25.84,38770
Hutto,TX,United States,30.5416,-97.5442,38765
Guryevsk,Kemerovo,Russia,54.2981,85.9377,38757
Warren,OH,United States,41.2396,-80.816,38751
Aventura,FL,United States,25.9602,-80.133,38741
Caloundra,Queensland,Australia,-26.8,153.1333,38706
Copperas Cove,TX,United States,31.1196,-97.9144,38696
Riviera Beach,FL,United States,26.7814,-80.0761,38663
Lincoln Park,MI,United States,42.2433,-83.1813,38646
Roy,UT,United States,41.1715,-112.0485,38592
Keizer,OR,United States,45.003,-123.0245,38564
Tamworth,New South Wales,Australia,-31.1026,150.9171,38551
American Fork,UT,United States,40.3779,-111.7951,38549
Phrae,Phrae,Thailand,18.1533,100.1629,38538
Millerovo,Rostov,Russia,48.9379,40.3974,38527
Kerkira,Ionioi Nisoi,Greece,39.6154,19.9147,38517
Portage,IN,United States,41.5916,-87.1789,38513
Tskhinvali,Shida Kartli,Georgia,42.2325,43.975,38502
Braintree Town,MA,United States,42.2062,-71.0023,38490
Woodstock,GA,United States,34.1031,-84.513,38473
Atlantic City,NJ,United States,39.3773,-74.4511,38464
Ruyigi,Ruyigi,Burundi,-3.481,30.244,38458
Phenix City,AL,United States,32.4537,-85.031,38441
Sassandra,Bas-Sassandra,Ivory Coast,4.9504,-6.0833,38411
Lewiston,ME,United States,44.0895,-70.1721,38404
Kaka,Ahal,Turkmenistan,37.3503,59.6,38381
Ha Giang,Hà Giang,Vietnam,22.8337,104.9833,38362
Rēzekne,Latgale,Latvia,56.5,27.3166,38340
Chelsea,MA,United States,42.3968,-71.0313,38319
Chur,Graubünden,Switzerland,46.85,9.5,38293
Razgrad,Razgrad,Bulgaria,43.534,26.536,38285
Socorro,TX,United States,31.6385,-106.2574,38238
Calexico,CA,United States,32.6849,-115.4947,38224
Urbana,IL,United States,40.1101,-88.1973,38209
Adelanto,CA,United States,34.5809,-117.4395,38187
Northglenn,CO,United States,39.9116,-104.9821,38164
Anbyon,Kangwon-do,North Korea,39.0282,127.5186,38142
Kandalaksha,Murmansk,Russia,67.1643,32.4144,38126
East Point,GA,United States,33.6711,-84.4734,38115
Bartlesville,OK,United States,36.7377,-95.9485,38114
Rome,GA,United States,34.2661,-85.1861,38111
Weatherford,TX,United States,32.7532,-97.7719,38109
Tenkodogo,Boulgou,Burkina Faso,11.7804,-0.3697,38108
Hilton Head Island,SC,United States,32.1903,-80.7384,38097
Carnot,Mambéré-Kadéï,Central African Republic,4.9337,15.8666,38071
Maroantsetra,Toamasina,Madagascar,-15.4333,49.7333,38046
Flores,Petén,Guatemala,16.9337,-89.8833,38035
Salekhard,Yamal-Nenets,Russia,66.535,66.61,38025
Vestavia Hills,AL,United States,33.4625,-86.7395,38020
Hot Springs,AR,United States,34.4894,-93.0503,37994
San Luis,AZ,United States,32.4857,-114.7219,37966
Castries,,Saint Lucia,14.002,-61.0,37963
Westerville,OH,United States,40.1234,-82.9133,37958
Remanso,Bahia,Brazil,-9.5996,-42.11,37945
Kapiri Mposhi,Central,Zambia,-13.9696,28.66,37942
Longview,WA,United States,46.1457,-122.9643,37925
Constitución,Maule,Chile,-35.3296,-72.42,37917
Parkland,FL,United States,26.3214,-80.2543,37911
Estero,FL,United States,26.4256,-81.7995,37908
Park Ridge,IL,United States,42.0118,-87.8434,37897
Sun Prairie,WI,United States,43.1826,-89.2378,37890
Qaratau,Zhambyl,Kazakhstan,43.1854,70.46,37881
Nanuque,Minas Gerais,Brazil,-17.84,-40.35,37824
Al Bayda,Al Bayda',Yemen,13.979,45.574,37821
Dori,Séno,Burkina Faso,14.034,-0.028,37806
Monroe,NC,United States,35.0016,-80.5613,37797
Streamwood,IL,United States,42.0206,-88.1778,37780
Kearns metro township,UT,United States,40.6519,-112.0094,37767
Ciudad Camargo,Chihuahua,Mexico,27.6904,-105.1701,37743
Uglich,Yaroslavl',Russia,57.5244,38.33,37732
San Gabriel,CA,United States,34.0946,-118.0985,37732
Wheeling,IL,United States,42.1296,-87.9215,37725
Penticton,British Columbia,Canada,49.5004,-119.5833,37721
Juanjuí,San Martín,Peru,-7.1696,-76.74,37715
Tupelo,MS,United States,34.2706,-88.7325,37675
Aboisso,Sud-Comoé,Ivory Coast,5.4667,-3.2,37654
Holyoke,MA,United States,42.2117,-72.6424,37628
Clovis,NM,United States,34.4386,-103.1942,37612
Benton,AR,United States,34.5774,-92.5726,37558
Montclair,CA,United States,34.0715,-117.6981,37545
Sydney,Nova Scotia,Canada,46.0661,-60.18,37538
Réo,Sanguié,Burkina Faso,12.3335,-2.4669,37535
Phonsavan,Xiangkhoang,Laos,19.4519,103.196,37507
Orillia,Ontario,Canada,44.6,-79.4167,37483
Bell Gardens,CA,United States,33.9644,-118.1544,37467
Juticalpa,Olancho,Honduras,14.6704,-86.23,37442
Oregon City,OR,United States,45.3413,-122.5923,37351
Kasulu,Kigoma,Tanzania,-4.5796,30.1,37349
Diamantina,Minas Gerais,Brazil,-18.24,-43.61,37343
Tynda,Amur,Russia,55.1743,124.7076,37335
New Albany,IN,United States,38.3122,-85.824,37329
San Vicente,San Vicente,El Salvador,13.641,-88.785,37326
'Ataq,Shabwah,Yemen,14.55,46.8,37315
Pleasant Grove,UT,United States,40.3715,-111.7413,37294
Haines City,FL,United States,28.1128,-81.6165,37272
Hilliard,OH,United States,40.0347,-83.1578,37262
Villazón,Potosí,Bolivia,-22.0796,-65.6,37215
Richmond,KY,United States,37.7291,-84.2994,37206
Mangai,Bandundu,Congo (Kinshasa),-4.0396,19.53,37188
Muskegon,MI,United States,43.2265,-86.2572,37183
Oak Creek,WI,United States,42.8787,-87.8987,37156
Šibenik,Šibensko-Kninska,Croatia,43.7272,15.9058,37112
Qulsary,Atyrau,Kazakhstan,46.9833,54.0165,37103
Carpentersville,IL,United States,42.1227,-88.2939,37099
Wildomar,CA,United States,33.6173,-117.2583,37087
Oswego,IL,United States,41.6832,-88.3388,37074
North Ridgeville,OH,United States,41.3863,-82.0228,37058
Plainfield,IN,United States,39.6932,-86.372,37047
Rayong,Rayong,Thailand,12.6718,101.2815,37035
Kampene,Maniema,Congo (Kinshasa),-3.5995,26.67,37034
Leavenworth,KS,United States,39.3227,-94.925,37034
Syracuse,UT,United States,41.0858,-112.0687,37022
Redmond,OR,United States,44.2607,-121.1824,37009
Dubrovnik,Dubrovacko-Neretvanska,Croatia,42.6609,18.0914,36994
La Porte,TX,United States,29.6674,-95.0491,36991
Tucker,GA,United States,33.8452,-84.2021,36975
Farmers Branch,TX,United States,32.9278,-96.8785,36917
Chimboy,Karakalpakstan,Uzbekistan,42.9311,59.7708,36917
Greenfield,WI,United States,42.9606,-88.0057,36916
Moss,Ãstfold,Norway,59.437,10.6692,36901
Muskogee,OK,United States,35.7438,-95.3564,36873
Canton,GA,United States,34.2472,-84.4907,36857
Kalgoorlie,Western Australia,Australia,-30.7354,121.46,36852
Morondava,Toliary,Madagascar,-20.2833,44.2833,36803
Monrovia,CA,United States,34.164,-117.9846,36768
Rosário do Sul,Rio Grande do Sul,Brazil,-30.25,-54.92,36721
Kambove,Katanga,Congo (Kinshasa),-10.8696,26.6,36702
Kasimov,Ryazan',Russia,54.9435,41.3931,36663
Cookeville,TN,United States,36.1469,-85.5127,36657
Retalhuleu,Retalhuleu,Guatemala,14.5371,-91.677,36656
Serdobsk,Penza,Russia,52.4622,44.2218,36652
Nueva Rosita,Coahuila,Mexico,27.95,-101.22,36642
Tunduma,Mbeya,Tanzania,-9.2846,32.7749,36556
Bermejo,Tarija,Bolivia,-22.7296,-64.35,36544
Drogheda,Louth,Ireland,53.7193,-6.3478,36533
Cristalina,Goiás,Brazil,-16.77,-47.61,36531
San José de Mayo,San José,Uruguay,-34.35,-56.71,36529
La Puente,CA,United States,34.0323,-117.9535,36516
Zharkent,Almaty,Kazakhstan,44.1616,79.9801,36496
Voi,Coast,Kenya,-3.3696,38.57,36487
Kaniama,Katanga,Congo (Kinshasa),-7.5696,24.17,36481
Falun,Dalarna,Sweden,60.613,15.647,36477
San Juan,TX,United States,26.1898,-98.1518,36448
Richfield,MN,United States,44.8744,-93.2824,36445
Tuyên Quang,Tuyên Quang,Vietnam,21.818,105.211,36430
Guaira,Paraná,Brazil,-24.09,-54.27,36426
Pacifica,CA,United States,37.6066,-122.4772,36426
Martinez,CA,United States,37.9981,-122.1144,36395
Dover,Kent,United Kingdom,51.1337,1.3,36384
Cibolo,TX,United States,29.5701,-98.2178,36374
Monaco,,Monaco,43.7396,7.4069,36371
Sahuarita,AZ,United States,31.9322,-110.9654,36356
Merrillville,IN,United States,41.4727,-87.3181,36347
Beloit,WI,United States,42.5235,-89.0177,36342
Salisbury,NC,United States,35.6655,-80.4889,36319
Yirga Alem,"Southern Nations, Nationalities and Peoples",Ethiopia,6.7504,38.41,36292
Vaduz,,Liechtenstein,47.1337,9.5167,36281
São Francisco do Sul,Santa Catarina,Brazil,-26.2396,-48.6,36224
Slantsy,Leningrad,Russia,59.1116,28.0747,36209
Cleburne,TX,United States,32.355,-97.4116,36209
Hinesville,GA,United States,31.8267,-81.6158,36181
Baykonur,Qyzylorda,Kazakhstan,45.6914,63.2413,36175
Yandoon,Ayeyarwady,Myanmar,17.0433,95.6429,36172
Hanover Park,IL,United States,41.9825,-88.1429,36165
Nanyuki,Rift Valley,Kenya,0.0204,37.06,36142
Severouralsk,Sverdlovsk,Russia,60.1565,59.9615,36138
Rock Island,IL,United States,41.4702,-90.5831,36132
Açu,Rio Grande do Norte,Brazil,-5.5796,-36.9101,36125
Inver Grove Heights,MN,United States,44.829,-93.0601,36114
Zacapa,Zacapa,Guatemala,14.972,-89.529,36088
Lauderdale Lakes,FL,United States,26.1669,-80.2008,36035
Masasi,Mtwara,Tanzania,-10.7296,38.7999,36032
Kahama,Shinyanga,Tanzania,-3.8196,32.58,36014
Seguin,TX,United States,29.5902,-97.9686,36013
Guayaramerín,El Beni,Bolivia,-10.83,-65.41,36008
Hato Mayor,Hato Mayor,Dominican Republic,18.764,-69.257,35999
Blagodarnyy,Stavropol',Russia,45.1047,43.4344,35995
Boyarka,Taymyr,Russia,70.767,97.5,35968
Paphos,Paphos,Cyprus,34.7559,32.4225,35961
Dunedin,FL,United States,28.0257,-82.8154,35930
Jipijapa,Manabi,Ecuador,-1.3496,-80.58,35901
Zvishavane,Midlands,Zimbabwe,-20.3296,30.05,35896
Yalutorovsk,Tyumen',Russia,56.6736,66.2983,35892
Valuyki,Belgorod,Russia,50.2091,38.0987,35887
Douglas,,Isle of Man,54.1504,-4.48,35854
Beja,Beja,Portugal,38.014,-7.863,35854
El Mirage,AZ,United States,33.5902,-112.3271,35850
Atbasar,Aqmola,Kazakhstan,51.8219,68.3477,35819
Ulaangom,Uvs,Mongolia,49.9833,92.0666,35796
Norristown,PA,United States,40.1221,-75.3399,35769
Victoria Falls,Matabeleland North,Zimbabwe,-17.9296,25.84,35761
Phichit,Phichit,Thailand,16.439,100.349,35760
Upper Arlington,OH,United States,40.0276,-83.0707,35743
Texarkana,TX,United States,33.4511,-94.0901,35741
Kumo,Gombe,Nigeria,10.0457,11.2131,35712
Butte,MT,United States,45.8962,-112.6601,35701
Panama City,FL,United States,30.1663,-85.6702,35660
Mason,OH,United States,39.3517,-84.302,35660
Claremont,CA,United States,34.1249,-117.7139,35640
Kualakapuas,Kalimantan Tengah,Indonesia,-3.0996,114.35,35632
Tibati,Adamaoua,Cameroon,6.467,12.6333,35589
Rimouski,Québec,Canada,48.4337,-68.5167,35584
Oriximiná,Pará,Brazil,-1.7596,-55.87,35581
Barreiros,Pernambuco,Brazil,-8.8296,-35.2,35565
Fair Lawn,NJ,United States,40.9358,-74.1175,35564
Midvale,UT,United States,40.6147,-111.8928,35561
Torrington,CT,United States,41.8342,-73.1315,35550
Moorpark,CA,United States,34.2859,-118.877,35543
Sharya,Kostroma,Russia,58.3798,45.5094,35532
Yangambi,Orientale,Congo (Kinshasa),0.7704,24.43,35531
Marion,OH,United States,40.5967,-83.1232,35531
Santa Rosa de Copán,Copán,Honduras,14.77,-88.78,35529
Wenatchee,WA,United States,47.436,-120.3293,35526
Saint John's,,Antigua and Barbuda,17.118,-61.85,35499
Franklin,WI,United States,42.8839,-88.0115,35485
Springville,UT,United States,40.1643,-111.6195,35471
Forney,TX,United States,32.7426,-96.4529,35470
Honda,Tolima,Colombia,5.1903,-74.75,35469
Pala,Mayo-Kebbi Est,Chad,9.3504,14.9666,35466
Stockbridge,GA,United States,33.53,-84.2343,35452
Roseville,MN,United States,45.0156,-93.1538,35451
Bougouni,Sikasso,Mali,11.4204,-7.49,35450
Xique-Xique,Bahia,Brazil,-10.82,-42.73,35433
Richmond,IN,United States,39.8321,-84.8909,35425
Kundian,Punjab,Pakistan,32.4522,71.4718,35406
Goycay,Göyçay,Azerbaijan,40.6534,47.7406,35348
La Barca,Jalisco,Mexico,20.2804,-102.56,35345
Kingman,AZ,United States,35.217,-114.0105,35334
Esik,Almaty,Kazakhstan,43.3691,77.4438,35319
Pánuco,Veracruz,Mexico,22.0604,-98.19,35316
Yarumal,Antioquia,Colombia,7.0306,-75.5905,35315
St.-Benoit,La Réunion,France,-21.0335,55.7128,35310
Vác,Pest,Hungary,47.7837,19.1332,35293
Loei,Loei,Thailand,17.4919,101.7315,35273
Erie,CO,United States,40.0403,-105.0383,35269
Garner,NC,United States,35.6936,-78.6149,35265
Mount Vernon,WA,United States,48.4171,-122.3118,35259
Watertown Town,MA,United States,42.3695,-71.1779,35256
Bluffton,SC,United States,32.2144,-80.9295,35243
Shumerlya,Chuvash,Russia,55.4848,46.4244,35230
Karlskrona,Blekinge,Sweden,56.203,15.296,35212
Luebo,Kasaï-Occidental,Congo (Kinshasa),-5.3495,21.41,35183
Praya,Nusa Tenggara Barat,Indonesia,-8.7223,116.2923,35183
Talas,Talas,Kyrgyzstan,42.5184,72.2429,35172
Addison,IL,United States,41.9308,-88.009,35167
Gahanna,OH,United States,40.0367,-82.8799,35159
Bell Ville,Córdoba,Argentina,-32.6,-62.68,35105
Korsakov,Sakhalin,Russia,46.6424,142.7775,35091
Jacarezinho,Paraná,Brazil,-23.1599,-49.98,35090
La Asunción,Nueva Esparta,Venezuela,11.0333,-63.8833,35084
Brunswick,OH,United States,41.2458,-81.8166,35072
Samut Songkhram,Samut Songkhram,Thailand,13.413,100.001,35065
University Place,WA,United States,47.2154,-122.5473,35049
Kalmar,Kalmar,Sweden,56.667,16.3666,35024
Mayda Shahr,Wardak,Afghanistan,34.45,68.8,35008
Taibao,Chiayi,Taiwan,23.45,120.3333,35000
Timmins,Ontario,Canada,48.4666,-81.3333,34974
Kamsar,Boke,Guinea,10.6854,-14.605,34973
Itapecuru Mirim,Maranhão,Brazil,-3.4,-44.36,34943
Olgiy,Bayan-Ölgiy,Mongolia,48.9337,89.95,34934
Opobo,Akwa Ibom,Nigeria,4.5704,7.56,34911
Crown Point,IN,United States,41.4091,-87.347,34884
Temple City,CA,United States,34.1022,-118.058,34854
Wildwood,MO,United States,38.5771,-90.6678,34851
Lewiston,ID,United States,46.3931,-116.9935,34836
Sinop,Sinop,Turkey,42.023,35.153,34834
Viborg,Midtjylland,Denmark,56.4333,9.4,34831
Januária,Minas Gerais,Brazil,-15.48,-44.37,34811
Aqsay,West Kazakhstan,Kazakhstan,51.1714,53.0349,34799
Lima,OH,United States,40.7407,-84.1121,34794
Rovaniemi,Lapland,Finland,66.5,25.7159,34781
Viacha,La Paz,Bolivia,-16.65,-68.2999,34776
San Juan Capistrano,CA,United States,33.5009,-117.6544,34754
Bezhetsk,Tver',Russia,57.7647,36.69,34736
Fairborn,OH,United States,39.7996,-84.0085,34729
Nueve de Julio,Ciudad de Buenos Aires,Argentina,-35.446,-60.89,34718
Adjumani,Adjumani,Uganda,3.3614,31.8097,34700
Kennesaw,GA,United States,34.0272,-84.6171,34683
Port-De-Paix,Nord-Ouest,Haiti,19.9318,-72.8295,34657
Osório,Rio Grande do Sul,Brazil,-29.88,-50.27,34628
Valparaiso,IN,United States,41.4798,-87.0523,34627
Prince Albert,Saskatchewan,Canada,53.2,-105.75,34609
Long Beach,NY,United States,40.5858,-73.6654,34595
Chacabuco,Ciudad de Buenos Aires,Argentina,-34.65,-60.49,34587
Del Rio,TX,United States,29.373,-100.8819,34574
Manitowoc,WI,United States,44.098,-87.6789,34568
Satun,Satun,Thailand,6.6167,100.0667,34544
Holland,MI,United States,42.7681,-86.0986,34540
Dalton,GA,United States,34.7679,-84.9728,34508
Randolph Town,MA,United States,42.179,-71.0527,34487
Clearfield,UT,United States,41.097,-112.0179,34470
Helena,MT,United States,46.5955,-112.0187,34464
Statesboro,GA,United States,32.4377,-81.7756,34452
McMinnville,OR,United States,45.211,-123.1918,34450
Harker Heights,TX,United States,31.0567,-97.6442,34447
Merauke,Papua,Indonesia,-8.4932,140.4018,34412
Bragança,Bragança,Portugal,41.808,-6.755,34375
Bouar,Nana-Mambéré,Central African Republic,5.95,15.6,34372
Goba,Addis Ababa,Ethiopia,7.01,39.97,34369
Kearney,NE,United States,40.7017,-99.0823,34362
Kondopoga,Karelia,Russia,62.2087,34.2887,34360
Calumet City,IL,United States,41.5965,-87.5386,34358
Goshen,IN,United States,41.5739,-85.83,34355
West Hollywood,CA,United States,34.0883,-118.3718,34349
Cooper City,FL,United States,26.0481,-80.285,34321
Staraya Russa,Novgorod,Russia,57.9948,31.3544,34303
Gisborne,Gisborne,New Zealand,-38.6633,178.0181,34300
Babati,Arusha,Tanzania,-4.2195,35.75,34291
Englewood,CO,United States,39.647,-104.9945,34275
Sibut,Kémo,Central African Republic,5.7338,19.0833,34267
Businga,Équateur,Congo (Kinshasa),3.3404,20.87,34247
Karonga,Chitipa,Malawi,-9.9329,33.9333,34207
College Park,MD,United States,38.9963,-76.9356,34187
Lufkin,TX,United States,31.3229,-94.729,34181
Szekszárd,Tolna,Hungary,46.344,18.713,34174
Morrinhos,Goiás,Brazil,-17.73,-49.11,34143
Slavgorod,Altay,Russia,53.0049,78.6696,34141
Coroatá,Maranhão,Brazil,-4.1296,-44.15,34129
Alabaster,AL,United States,33.2144,-86.8231,34107
Ahuachapán,Ahuachapán,El Salvador,13.919,-89.845,34102
University City,MO,United States,38.6657,-90.3315,34096
Bodø,Nordland,Norway,67.2764,14.4293,34073
Owando,Cuvette,Congo (Brazzaville),-0.4796,15.92,34070
Aosta,Valle d'Aosta,Italy,45.737,7.315,34062
Biharamulo,Kagera,Tanzania,-2.6296,31.31,34038
Durazno,Durazno,Uruguay,-33.41,-56.51,34037
Hwange,Matabeleland North,Zimbabwe,-18.37,26.5,33989
Puerto Berrío,Antioquia,Colombia,6.4804,-74.42,33983
Leawood,KS,United States,38.9073,-94.6252,33980
Túquerres,Nariño,Colombia,1.09,-77.62,33979
Northbrook,IL,United States,42.1287,-87.8352,33977
Westlake,OH,United States,41.4495,-81.9302,33972
Vibo Valentia,Calabria,Italy,38.6666,16.1,33957
Stow,OH,United States,41.1763,-81.4365,33957
Kakata,Margibi,Liberia,6.526,-10.349,33945
Ocotal,Nueva Segovia,Nicaragua,13.63,-86.473,33928
Fada Ngourma,Gourma,Burkina Faso,12.055,0.361,33910
Verkhniy Ufaley,Chelyabinsk,Russia,56.0663,60.2313,33879
Washington,UT,United States,37.1267,-113.4878,33877
Zaozernyy,Krasnoyarsk,Russia,55.962,94.7028,33865
Schaffhausen,Schaffhausen,Switzerland,47.706,8.633,33863
Nagua,María Trinidad Sánchez,Dominican Republic,19.376,-69.847,33862
Luuq,Gedo,Somalia,3.8005,42.55,33820
Rostov,Yaroslavl',Russia,57.1892,39.4043,33803
Pleasant Hill,CA,United States,37.9542,-122.0758,33802
Saint George's,,Grenada,12.0526,-61.7416,33734
Eastpointe,MI,United States,42.4661,-82.9463,33676
Fort Mill,SC,United States,35.006,-80.94,33626
Chester,PA,United States,39.8456,-75.3719,33595
Victoria,,Seychelles,-4.6166,55.45,33576
Sicuani,Cusco,Peru,-14.2896,-71.23,33575
Opelika,AL,United States,32.6607,-85.3789,33572
Woodridge,IL,United States,41.7374,-88.0441,33566
Jacmel,Sud-Est,Haiti,18.235,-72.537,33563
Meridian,MS,United States,32.3842,-88.6894,33551
Shepparton,Victoria,Australia,-36.3746,145.3914,33550
Dyatkovo,Bryansk,Russia,53.5891,34.3392,33527
Prachuap Khiri Khan,Prachuap Khiri Khan,Thailand,11.803,99.8,33521
Rochester,NH,United States,43.2985,-70.977,33519
Gillette,WY,United States,44.2726,-105.4989,33496
Dover,NH,United States,43.1864,-70.8836,33485
Castelo Branco,Castelo Branco,Portugal,39.811,-7.488,33479
Goldsboro,NC,United States,35.3782,-77.9719,33469
Desert Hot Springs,CA,United States,33.9576,-116.5423,33438
Cananea,Sonora,Mexico,30.9904,-110.3,33433
Campbell River,British Columbia,Canada,50.0171,-125.25,33430
Oak Ridge,TN,United States,35.9665,-84.2905,33397
Choibalsan,Dornod,Mongolia,48.0666,114.506,33376
Manhattan Beach,CA,United States,33.9009,-118.4207,33369
Segezha,Karelia,Russia,63.7548,34.3243,33354
La Oroya,Junín,Peru,-11.52,-75.94,33345
Walla Walla,WA,United States,46.067,-118.337,33339
Petersburg,VA,United States,37.2047,-77.3924,33309
Lebowakgomo,Limpopo,South Africa,-24.1996,29.5,33308
Sumbe,Cuanza Sul,Angola,-11.21,13.85,33277
Atamyrat,Chardzhou,Turkmenistan,37.8248,65.1997,33242
Velikiy Ustyug,Vologda,Russia,60.7687,46.2987,33237
Kampong Spoe,Kâmpóng Spœ,Cambodia,11.452,104.519,33231
Gadsden,AL,United States,34.0066,-86.0161,33229
Mount Isa,Queensland,Australia,-20.7239,139.49,33200
Deer Park,TX,United States,29.6873,-95.1159,33176
Salisbury,MD,United States,38.3753,-75.5859,33159
Tak,Tak,Thailand,16.8847,99.1293,33146
Cornelius,NC,United States,35.4732,-80.8813,33139
Krong Koh Kong,Kaôh Kong,Cambodia,11.6175,102.9849,33134
Franklin Town,MA,United States,42.0849,-71.4106,33125
Gualeguay,Entre Ríos,Argentina,-33.15,-59.34,33120
Sherwood,AR,United States,34.852,-92.2045,33118
San Dimas,CA,United States,34.108,-117.8085,33105
Andover,MN,United States,45.2524,-93.3374,33089
Kotovsk,Tambov,Russia,52.5947,41.5044,33077
Tweed Heads,New South Wales,Australia,-28.1826,153.5466,33065
Mushie,Bandundu,Congo (Kinshasa),-3.0196,16.92,33062
Rajbiraj,Sagarmatha,Nepal,26.5333,86.7333,33061
Gaya,Dosso,Niger,11.8882,3.4467,33051
Aral,Qyzylorda,Kazakhstan,46.8,61.6666,33017
Savage,MN,United States,44.7591,-93.3642,32999
Elizabethtown,KY,United States,37.704,-85.8789,32978
Reggane,Adrar,Algeria,26.7,0.1666,32974
Spring Valley,NY,United States,41.1146,-74.0487,32969
Aiken,SC,United States,33.5316,-81.7251,32947
Bur Safaga,Al Bahr al Ahmar,Egypt,26.7337,33.9333,32944
Djenné,Mopti,Mali,13.9,-4.55,32944
Kaysville,UT,United States,41.0293,-111.9451,32941
Florence,KY,United States,38.9934,-84.6482,32917
Kholmsk,Sakhalin,Russia,47.0473,142.0624,32911
Cradock,Eastern Cape,South Africa,-32.1995,25.61,32898
Pullman,WA,United States,46.7331,-117.1683,32863
Bangassou,Mbomou,Central African Republic,4.7338,22.8166,32841
Fribourg,Fribourg,Switzerland,46.8,7.15,32827
Omutninsk,Kirov,Russia,58.6589,52.1592,32800
Courtenay,British Columbia,Canada,49.6833,-125.0,32793
Long Branch,NJ,United States,40.2954,-73.9899,32745
Ithaca,NY,United States,42.4439,-76.5031,32724
Greenville,TX,United States,33.1119,-96.1103,32717
Capitão Poço,Pará,Brazil,-1.7496,-47.09,32704
Goleta,CA,United States,34.4354,-119.8589,32665
Harper,Maryland,Liberia,4.3754,-7.717,32661
New Smyrna Beach,FL,United States,29.0294,-80.9549,32655
St. Charles,IL,United States,41.9194,-88.3107,32654
Orangeville,Ontario,Canada,43.9171,-80.0833,32640
Queanbeyan,Australian Capital Territory,Australia,-35.3546,149.2113,32602
Dana Point,CA,United States,33.4755,-117.6931,32567
Maués,Amazonas,Brazil,-3.3896,-57.72,32561
Christiansted,,United States Virgin Islands,17.7504,-64.75,32543
Zionsville,IN,United States,39.9915,-86.3217,32534
Altai,Govi-Altay,Mongolia,46.3961,95.845,32488
Garfield,NJ,United States,40.8798,-74.1082,32456
Beyneu,Mangghystau,Kazakhstan,45.1834,55.1,32452
Massillon,OH,United States,40.7845,-81.5252,32439
Maryville,TN,United States,35.748,-83.98,32436
Nicholasville,KY,United States,37.89,-84.5668,32425
Kudymkar,Komi-Permyak,Russia,59.0162,54.633,32423
Tenosique,Tabasco,Mexico,17.4804,-91.43,32415
Glendale Heights,IL,United States,41.9189,-88.0781,32409
Bethel Park,PA,United States,40.3238,-80.0364,32398
Melton,Victoria,Australia,-37.6895,144.57,32368
Bella Vista,AR,United States,36.4666,-94.2663,32368
Duluth,GA,United States,34.0015,-84.1505,32350
LaGrange,GA,United States,33.027,-85.0383,32343
Eagle,ID,United States,43.6934,-116.346,32319
De Aar,Northern Cape,South Africa,-30.65,24.0,32318
Sachse,TX,United States,32.969,-96.5795,32294
Fitchburg,WI,United States,42.9858,-89.4253,32284
Artvin,Artvin,Turkey,41.183,41.818,32272
Parras,Coahuila,Mexico,25.4204,-102.1799,32253
Gümüşhane,Gümüshane,Turkey,40.464,39.484,32250
Brownsburg,IN,United States,39.8344,-86.3857,32250
Florida,Florida,Uruguay,-34.099,-56.215,32234
New Bern,NC,United States,35.0959,-77.0705,32226
Paranaíba,Mato Grosso do Sul,Brazil,-19.6796,-51.2,32217
Los Gatos,CA,United States,37.2299,-121.9568,32216
Cottonwood Heights,UT,United States,40.6137,-111.8146,32204
Kristianstad,Skåne,Sweden,56.0337,14.1333,32188
Foster City,CA,United States,37.5648,-122.2508,32180
Moose Jaw,Saskatchewan,Canada,50.4,-105.55,32166
Nacogdoches,TX,United States,31.6124,-94.652,32156
Laramie,WY,United States,41.306,-105.6086,32152
McDonough,GA,United States,33.4422,-84.151,32138
Bocaiúva,Minas Gerais,Brazil,-17.1096,-43.81,32114
Guarda,Guarda,Portugal,40.541,-7.262,32111
Morristown,TN,United States,36.2044,-83.3,32099
Boende,Équateur,Congo (Kinshasa),-0.2196,20.86,32091
Rumbek,Lakes,South Sudan,6.8,29.6833,32083
Bay City,MI,United States,43.5901,-83.8884,32082
Sanford,NC,United States,35.4967,-79.1719,32064
Dzaoudzi,Moyotte,France,-12.7871,45.275,32057
Koupéla,Kouritenga,Burkina Faso,12.177,-0.356,32052
Atwater,CA,United States,37.354,-120.5972,32052
El Goléa,Ghardaaa,Algeria,30.5666,2.8833,32049
Sabinas Hidalgo,Nuevo León,Mexico,26.51,-100.18,32047
Arxan,Nei Mongol,China,47.1833,119.9666,32023
Des Moines,WA,United States,47.3887,-122.3176,31988
O'Fallon,IL,United States,38.6,-89.9154,31968
Rivas,Nicaragua,Nicaragua,11.4404,-85.82,31941
Dania Beach,FL,United States,26.0572,-80.1646,31915
Petatlán,Guerrero,Mexico,17.5204,-101.27,31910
Pativilca,Lima,Peru,-10.6996,-77.8,31905
West Bend,WI,United States,43.4175,-88.1817,31886
Bell,CA,United States,33.9797,-118.1792,31864
Fairbanks,AK,United States,64.8365,-147.6517,31856
Chamblee,GA,United States,33.8811,-84.3017,31841
Naugatuck,CT,United States,41.4878,-73.0516,31820
Santa Rita,Trujillo,Venezuela,10.5318,-71.5039,31810
Gimbi,Addis Ababa,Ethiopia,9.167,35.8333,31809
Wheat Ridge,CO,United States,39.7727,-105.1048,31804
Shawnee,OK,United States,35.3694,-96.9564,31803
SeaTac,WA,United States,47.4434,-122.2983,31799
São Luiz Gonzaga,Rio Grande do Sul,Brazil,-28.41,-54.96,31798
Santa Paula,CA,United States,34.3549,-119.0663,31792
Mundelein,IL,United States,42.2691,-88.0115,31790
Poughkeepsie,NY,United States,41.6946,-73.9199,31772
Campo Maior,Piauí,Brazil,-4.82,-42.18,31739
Houma,LA,United States,29.5787,-90.708,31733
Leesburg,FL,United States,28.7172,-81.9031,31721
Morrisville,NC,United States,35.8364,-78.839,31703
Menlo Park,CA,United States,37.4797,-122.1481,31690
Brooklyn Center,MN,United States,45.068,-93.3178,31688
Banning,CA,United States,33.9459,-116.899,31680
Jacareacanga,Par,Brazil,-6.2666,-57.65,31661
Michigan City,IN,United States,41.7088,-86.8669,31659
Rome,NY,United States,43.226,-75.4895,31652
Waukee,IA,United States,41.5905,-93.8828,31645
Bangor,ME,United States,44.8296,-68.7888,31628
Balyqshy,Atyrau,Kazakhstan,47.0666,51.8666,31624
Villarica,La Araucanía,Chile,-39.28,-72.23,31602
Dubbo,New South Wales,Australia,-32.26,148.5973,31574
Juneau,AK,United States,58.3729,-134.1784,31555
North Olmsted,OH,United States,41.4149,-81.9191,31538
Izaz,Aleppo (Halab),Syria,36.5888,37.0441,31534
Caboolture,Queensland,Australia,-27.083,152.95,31513
Barabinsk,Novosibirsk,Russia,55.3573,78.3519,31508
Carlsbad,NM,United States,32.4008,-104.241,31499
Masindi,Masindi,Uganda,1.6744,31.715,31486
Lismore,New South Wales,Australia,-28.8167,153.2931,31430
Gubakha,Perm',Russia,58.8691,57.5887,31424
Koneurgench,Tashauz,Turkmenistan,42.3167,59.1667,31400
Cauquenes,Maule,Chile,-35.96,-72.32,31362
Elk Grove Village,IL,United States,42.005,-87.992,31350
Sasovo,Ryazan',Russia,54.3491,41.9087,31325
Seaside,CA,United States,36.6251,-121.8178,31317
Barra do Bugres,Mato Grosso,Brazil,-15.0696,-57.19,31311
Skellefteå,Västerbotten,Sweden,64.7721,20.95,31311
Alamogordo,NM,United States,32.8836,-105.9636,31284
Neuchâtel,Neuchâtel,Switzerland,46.999,6.923,31270
Buurhakaba,Bay,Somalia,2.7837,44.0833,31267
Marovoay,Mahajanga,Madagascar,-16.0995,46.6333,31253
San Pablo,CA,United States,37.9629,-122.3426,31249
Miami Lakes,FL,United States,25.9127,-80.3204,31238
Krabi,Krabi,Thailand,8.052,98.912,31219
Tucano,Bahia,Brazil,-10.9696,-38.79,31203
Southlake,TX,United States,32.9545,-97.1489,31137
El Paso de Robles (Paso Robles),CA,United States,35.6285,-120.6504,31134
Kouvola,Southern Finland,Finland,60.876,26.709,31133
Tena,Tungurahua,Ecuador,-0.9796,-77.81,31126
Pekin,IL,United States,40.5688,-89.6251,31126
Northport,AL,United States,33.2576,-87.5964,31111
Pingxiang,Guangxi,China,22.0974,106.7567,31109
Quesada,Alajuela,Costa Rica,10.3305,-84.44,31106
Rio Grande,Tierra del Fuego,Argentina,-53.7914,-67.699,31095
Dumfries,Dumfries and Galloway,United Kingdom,55.0671,-3.55,31044
Lucapa,Lunda Norte,Angola,-8.4196,20.74,31041
Lawrenceville,GA,United States,33.9529,-83.9922,31015
Diffa,Diffa,Niger,13.3171,12.6089,30988
Beverly Hills,CA,United States,34.0792,-118.4024,30974
North Attleborough Town,MA,United States,41.9705,-71.3349,30943
Mossendjo,Niari,Congo (Brazzaville),-2.9396,12.72,30936
Matthews,NC,United States,35.1198,-80.7097,30934
Jérémie,Grand'Anse,Haiti,18.6339,-74.1184,30917
Arendal,Aust-Agder,Norway,58.4648,8.766,30916
Athens,AL,United States,34.779,-86.9508,30904
Leh,Ladakh,India,34.1616,77.5723,30870
Guasdualito,Apure,Venezuela,7.24,-70.74,30860
Jackson,MI,United States,42.2422,-84.402,30854
Huamachuco,La Libertad,Peru,-7.81,-78.0499,30835
Hopkinsville,KY,United States,36.8393,-87.4735,30813
Karpinsk,Sverdlovsk,Russia,59.7602,60.0098,30807
Liberty,MO,United States,39.2413,-94.4194,30794
Harrison,NY,United States,41.0235,-73.7193,30780
Pallisa,Pallisa,Uganda,1.145,33.7094,30745
Bixby,OK,United States,35.9456,-95.8783,30698
North Royalton,OH,United States,41.3159,-81.7481,30687
Mednogorsk,Orenburg,Russia,51.4191,57.5787,30676
Palapye,Central,Botswana,-22.5596,27.13,30650
Mercedes,Corrientes,Argentina,-29.1796,-58.08,30649
Ambanja,Antsiranana,Madagascar,-13.6829,48.45,30621
Curanilahue,Bío-Bío,Chile,-37.48,-73.34,30611
Casselberry,FL,United States,28.6612,-81.3219,30595
Banamba,Bamako,Mali,13.5504,-7.45,30591
Port Chester,NY,United States,41.0047,-73.6672,30584
Westfield,NJ,United States,40.6516,-74.3434,30559
Leland,NC,United States,34.223,-78.0447,30542
Paragould,AR,United States,36.0523,-90.5105,30520
Ticul,Yucatán,Mexico,20.4004,-89.53,30519
Asosa,Benshangul-Gumaz,Ethiopia,10.067,34.5333,30512
Dund-Us,Hovd,Mongolia,48.0166,91.6333,30500
Gladstone,Queensland,Australia,-23.8533,151.2467,30489
Am Timan,Salamat,Chad,11.0333,20.2833,30443
Lafayette,CO,United States,39.9948,-105.0997,30439
Morgantown,WV,United States,39.6375,-79.9469,30429
Huatabampo,Sonora,Mexico,26.8304,-109.63,30426
Borzya,Chita,Russia,50.3886,116.5186,30421
North Chicago,IL,United States,42.3167,-87.8592,30416
Ballwin,MO,United States,38.5951,-90.55,30410
Bowling Green,OH,United States,41.3777,-83.6496,30384
Nebbi,Nebbi,Uganda,2.4758,31.1025,30354
Presidente Dutra,Maranhão,Brazil,-5.25,-44.52,30330
Daphne,AL,United States,30.6261,-87.8818,30321
Converse,TX,United States,29.5125,-98.3046,30321
Télimélé,Kindia,Guinea,10.905,-13.043,30311
Blenheim,Marlborough,New Zealand,-41.5135,173.955,30300
Holladay,UT,United States,40.6599,-111.8227,30298
Princeton,NJ,United States,40.3582,-74.6667,30289
Highland Park,IL,United States,42.1824,-87.8108,30272
Ometepec,Guerrero,Mexico,16.6801,-98.42,30271
Enterprise,AL,United States,31.3269,-85.844,30271
Laguna Hills,CA,United States,33.5912,-117.6976,30243
Statesville,NC,United States,35.7855,-80.873,30220
Grajau,Maranhão,Brazil,-5.81,-46.15,30217
Clayton,NC,United States,35.6581,-78.446,30216
Gurnee,IL,United States,42.3701,-87.9368,30193
Newark,DE,United States,39.6776,-75.7575,30169
Kibiti,Pwani,Tanzania,-7.7296,38.95,30163
Novo Horizonte,São Paulo,Brazil,-21.4596,-49.22,30158
Fridley,MN,United States,45.0842,-93.2601,30156
Lawndale,CA,United States,33.8884,-118.3531,30155
Middletown,NY,United States,41.4449,-74.4236,30152
Moanda,Haut-Ogooué,Gabon,-1.5655,13.2,30151
Ypacaraí,Asunción,Paraguay,-25.41,-57.28,30150
Kombissiri,Bazéga,Burkina Faso,12.064,-1.334,30137
Algonquin,IL,United States,42.1595,-88.3219,30134
Svetogorsk,Leningrad,Russia,61.1013,28.9177,30115
Magna metro township,UT,United States,40.7595,-112.1827,30087
Wuyuan,Nei Mongol,China,41.0896,108.2722,30057
Villa Ángela,Chaco,Argentina,-27.5833,-60.7167,30051
Hazleton,PA,United States,40.9505,-75.9725,30037
North Tonawanda,NY,United States,43.0492,-78.8712,30031
Kuta,Bali,Indonesia,-8.7151,115.1841,30012
Mavinga,Cuando Cubango,Angola,-15.7895,20.36,30000
Savanna-la-Mar,Westmoreland,Jamaica,18.164,-77.948,30000
Bourem,Gao,Mali,16.9004,-0.35,30000
Casma,Ancash,Peru,-9.44,-78.21,30000
Maydh,,Somaliland,10.9801,47.0975,30000
Khorugh,Gorno-Badakhshan,Tajikistan,37.4875,71.5476,30000
Los Altos,CA,United States,37.3684,-122.0966,29990
Anderson,SC,United States,34.5215,-82.6435,29980
Gloucester,MA,United States,42.6288,-70.6859,29959
Warrnambool,Victoria,Australia,-38.38,142.47,29928
Castro,Los Lagos,Chile,-42.4808,-73.7623,29926
Sunbury,Victoria,Australia,-37.5696,144.71,29925
Burlingame,CA,United States,37.59,-122.3633,29910
La Verne,CA,United States,34.1205,-117.7699,29898
Winter Park,FL,United States,28.5966,-81.3457,29894
Kalispell,MT,United States,48.2162,-114.3276,29886
Kabalo,Katanga,Congo (Kinshasa),-6.0496,26.91,29833
Shieli,Qyzylorda,Kazakhstan,44.167,66.75,29832
Rahway,NJ,United States,40.6072,-74.2805,29813
Iturama,Minas Gerais,Brazil,-19.73,-50.2,29805
Mandali,Diyala,Iraq,33.7436,45.5464,29785
Central,LA,United States,30.5593,-91.0355,29781
Sovetskaya Gavan,Khabarovsk,Russia,48.9699,140.2749,29740
Bafatá,Bafatá,Guinea Bissau,12.167,-14.666,29704
Atascadero,CA,United States,35.4857,-120.6879,29700
Stoeng Treng,StMng Tr,Cambodia,13.523,105.974,29665
Schererville,IN,United States,41.4852,-87.4434,29657
Englewood,NJ,United States,40.8912,-73.9725,29624
Jaguarão,Rio Grande do Sul,Brazil,-32.56,-53.37,29613
Saratoga,CA,United States,37.2683,-122.0262,29607
Kirovsk,Murmansk,Russia,67.6091,33.6687,29605
Doba,Logone Oriental,Chad,8.6504,16.85,29597
San Marino,,San Marino,43.9361,12.4418,29579
Pooler,GA,United States,32.1056,-81.256,29544
Easton,PA,United States,40.686,-75.2185,29538
Niles,IL,United States,42.0279,-87.81,29513
Jinotepe,Carazo,Nicaragua,11.846,-86.195,29507
Independence,KY,United States,38.9574,-84.5474,29503
Swakopmund,Erongo,Namibia,-22.6689,14.535,29491
Hamar,Hedmark,Norway,60.82,11.069,29479
Rockledge,FL,United States,28.3214,-80.7378,29452
Hobart,IN,United States,41.5135,-87.2764,29408
Laurel,MD,United States,39.0951,-76.8612,29400
Santarém,Santarém,Portugal,39.231,-8.682,29385
Pontes e Lacerda,Mato Grosso,Brazil,-15.2196,-59.35,29381
Burton,MI,United States,43.0007,-83.6182,29376
Northampton,MA,United States,42.327,-72.6746,29370
Melrose,MA,United States,42.4557,-71.059,29357
Sosnogorsk,Komi,Russia,63.5948,53.8943,29343
Russellville,AR,United States,35.2763,-93.1387,29338
Almenara,Minas Gerais,Brazil,-16.17,-40.7,29333
Mitilini,Voreio Aigaio,Greece,39.1104,26.5546,29328
Crestview,FL,United States,30.7479,-86.5793,29300
Chalatenango,Chalatenango,El Salvador,14.072,-89.094,29271
Bắc Kạn,Ðông B?c,Vietnam,22.1333,105.8333,29227
Texarkana,AR,United States,33.4363,-93.9871,29223
Cottica,Sipaliwini,Suriname,3.85,-54.2333,29210
Tauá,Ceará,Brazil,-5.9995,-40.31,29188
Svendborg,Syddanmark,Denmark,55.0704,10.6167,29180
Kirkwood,MO,United States,38.5794,-90.4209,29174
San Fernando,Tamaulipas,Mexico,24.8504,-98.16,29171
West Melbourne,FL,United States,28.0504,-80.6583,29144
Galesburg,IL,United States,40.9502,-90.3766,29130
Monterey,CA,United States,36.6012,-121.8831,29116
Tame,Arauca,Colombia,6.4603,-71.74,29099
Raytown,MO,United States,38.9943,-94.4615,29097
Jacksonville,AR,United States,34.8805,-92.1306,29094
Tunceli,Tunceli,Turkey,39.1167,39.5333,29062
Nouna,Kossi,Burkina Faso,12.729,-3.86,29048
Boaco,Boaco,Nicaragua,12.47,-85.66,29046
Chaska,MN,United States,44.8164,-93.61,29034
Woodburn,OR,United States,45.1473,-122.8604,29033
Tocache,San Martín,Peru,-8.1796,-76.52,29029
Bria,Haute-Kotto,Central African Republic,6.5333,21.9833,29027
Parkersburg,WV,United States,39.2613,-81.5434,29025
Oak Park,MI,United States,42.4649,-83.1824,29023
Southgate,MI,United States,42.2047,-83.2057,29002
Tripoli,Peloponnisos,Greece,37.5091,22.3794,28970
Fredericksburg,VA,United States,38.2993,-77.4867,28928
Garfield Heights,OH,United States,41.4186,-81.6051,28900
San Carlos,CA,United States,37.499,-122.2676,28862
Bridgewater Town,MA,United States,41.9724,-70.9788,28818
Tarawa,,Kiribati,1.3382,173.0176,28802
Tupiza,Potosí,Bolivia,-21.4396,-65.72,28766
Penonome,Coclé,Panama,8.51,-80.36,28766
Suisun City,CA,United States,38.2483,-122.0101,28743
Twentynine Palms,CA,United States,34.1478,-116.066,28734
Jeffersontown,KY,United States,38.2055,-85.5697,28716
Lake in the Hills,IL,United States,42.1794,-88.3155,28661
Alvin,TX,United States,29.4248,-95.2244,28633
Agordat,Gash Barka,Eritrea,15.549,37.8867,28600
Karasuk,Novosibirsk,Russia,53.7273,78.0219,28589
Ramsey,MN,United States,45.26,-93.4522,28560
Kisii,Nyanza,Kenya,-0.6696,34.76,28547
Saratoga Springs,NY,United States,43.0677,-73.7781,28544
Shaker Heights,OH,United States,41.4761,-81.5492,28541
Slidell,LA,United States,30.2889,-89.7829,28510
Kartaly,Chelyabinsk,Russia,53.0474,60.6819,28503
Fountain,CO,United States,38.689,-104.6806,28489
Zheleznogorsk Ilimskiy,Irkutsk,Russia,56.5762,104.1227,28456
Mpika,Northern,Zambia,-11.83,31.46,28445
Pilar,Peembucy,Paraguay,-26.8695,-58.3,28435
Maple Valley,WA,United States,47.3671,-122.0348,28434
Kotelnich,Kirov,Russia,58.3041,48.3137,28431
West Springfield Town,MA,United States,42.1255,-72.6497,28424
Marysville,OH,United States,40.228,-83.3594,28423
Brandon,Manitoba,Canada,49.8333,-99.95,28418
Happy Valley,OR,United States,45.436,-122.5101,28409
Agawam Town,MA,United States,42.0639,-72.653,28406
Acaraú,Ceará,Brazil,-2.8896,-40.12,28389
Port Huron,MI,United States,42.9938,-82.4337,28383
Ubaitaba,Bahia,Brazil,-14.3,-39.33,28375
Glen Ellyn,IL,United States,41.8667,-88.0627,28347
Icó,Ceará,Brazil,-6.4,-38.85,28323
Ouésso,Sangha,Congo (Brazzaville),1.61,16.05,28320
Hillerød,Hovedstaden,Denmark,55.9333,12.3167,28313
Dalnerechensk,Primor'ye,Russia,45.9273,133.7223,28300
Frankfort,KY,United States,38.195,-84.8659,28285
Eagle Pass,TX,United States,28.7128,-100.4848,28282
Bergenfield,NJ,United States,40.9223,-73.998,28274
Huntley,IL,United States,42.1608,-88.4355,28269
Algha,Aqt,Kazakhstan,49.9032,57.335,28267
Iporá,Goiás,Brazil,-16.45,-51.13,28254
McHenry,IL,United States,42.3362,-88.2917,28251
Escuinapa,Sinaloa,Mexico,22.8504,-105.8,28248
Madison Heights,MI,United States,42.5073,-83.1034,28238
Newburgh,NY,United States,41.5032,-74.0196,28237
Oakdale,MN,United States,44.9875,-92.9636,28226
Caxito,Bengo,Angola,-8.5795,13.66,28224
Thung Song,Nakhon Si Thammarat,Thailand,8.154,99.7286,28223
East Palo Alto,CA,United States,37.4678,-122.1325,28216
Danville,IL,United States,40.1426,-87.6107,28206
Chiredzi,Masvingo,Zimbabwe,-21.0496,31.66,28205
Popondetta,Northern,Papua New Guinea,-8.7692,148.2484,28198
Oktyabrsk,Aqtöbe,Kazakhstan,49.4731,57.4449,28196
Nevyansk,Sverdlovsk,Russia,57.4902,60.2148,28170
Burbank,IL,United States,41.7444,-87.7685,28164
Venice,FL,United States,27.117,-82.4152,28150
Pearl,MS,United States,32.2725,-90.0918,28117
Aberdeen,SD,United States,45.4647,-98.4681,28110
Marion,IN,United States,40.55,-85.6604,28105
Ridgecrest,CA,United States,35.6285,-117.664,28088
Llallagua,Potosí,Bolivia,-18.42,-66.64,28069
Arvaikheer,Övörhangay,Mongolia,46.25,102.7666,28053
Kuna,ID,United States,43.5248,-116.4036,28050
New Lenox,IL,United States,41.51,-87.97,28047
Sion,Valais,Switzerland,46.239,7.354,28045
Prior Lake,MN,United States,44.7256,-93.4409,28027
Princeton,TX,United States,33.2015,-96.518,28027
Gaoua,Poni,Burkina Faso,10.325,-3.174,28023
Ancud,Los Lagos,Chile,-41.87,-73.83,28020
Aleysk,Altay,Russia,52.4918,82.7777,28019
Kernersville,NC,United States,36.1062,-80.0819,28016
Mauldin,SC,United States,34.781,-82.3042,28010
Mouila,Ngounié,Gabon,-1.8662,11.0167,28000
Madison,MS,United States,32.4739,-90.1309,27987
Conway,SC,United States,33.8419,-79.0457,27985
Monroeville,PA,United States,40.4263,-79.7614,27974
Jamestown,NY,United States,42.0976,-79.2361,27965
Camiri,Santa Cruz,Bolivia,-20.05,-63.52,27961
Kasangulu,Bas-Congo,Congo (Kinshasa),-4.5796,15.18,27961
Mocimboa,Cabo Delgado,Mozambique,-11.3196,40.35,27909
Cayambe,Pichincha,Ecuador,0.0504,-78.16,27881
Glen Cove,NY,United States,40.8848,-73.6448,27879
Kolpashevo,Tomsk,Russia,58.3004,82.9954,27876
Guaranda,Bolivar,Ecuador,-1.61,-79.01,27866
Bolobo,Bandundu,Congo (Kinshasa),-2.1595,16.24,27862
Bristol,TN,United States,36.5585,-82.217,27854
Brawley,CA,United States,32.9785,-115.5286,27849
Union City,GA,United States,33.5938,-84.5626,27832
Mint Hill,NC,United States,35.1785,-80.6557,27815
Carrollton,GA,United States,33.5817,-85.084,27793
Dembi Dolo,Addis Ababa,Ethiopia,8.5337,34.8,27780
Santa Cruz,Rio Grande do Norte,Brazil,-6.22,-36.03,27775
Santa Vitória do Palmar,Rio Grande do Sul,Brazil,-33.52,-53.37,27775
Lake Jackson,TX,United States,29.0509,-95.4512,27768
Mongo,Guéra,Chad,12.1837,18.7,27763
Homewood,AL,United States,33.4586,-86.8097,27758
Örnsköldsvik,Västernorrland,Sweden,63.318,18.7167,27749
Henderson,KY,United States,37.8384,-87.581,27734
Mount Pleasant,WI,United States,42.7088,-87.8849,27727
Asheboro,NC,United States,35.7184,-79.8144,27726
Lansing,IL,United States,41.565,-87.546,27713
Alice Springs,Northern Territory,Australia,-23.701,133.88,27710
Williston,ND,United States,48.1895,-103.6491,27706
Mörön,Hövsgöl,Mongolia,49.6453,100.1544,27690
Mananjary,Fianarantsoa,Madagascar,-21.2167,48.3333,27686
Treinta y Tres,Treinta y Tres,Uruguay,-33.23,-54.38,27684
Greenville,MS,United States,33.3835,-91.0523,27644
El Tur,Janub Sina',Egypt,28.2394,33.6148,27628
Winchester,VA,United States,39.1739,-78.1764,27617
Fremont,NE,United States,41.4398,-96.487,27602
Kent,OH,United States,41.1476,-81.362,27601
Rosemount,MN,United States,44.7458,-93.0689,27590
Óbidos,Pará,Brazil,-1.91,-55.52,27587
Nyköping,Södermanland,Sweden,58.764,17.015,27582
Maryland Heights,MO,United States,38.7168,-90.4718,27575
Marshalltown,IA,United States,42.0343,-92.9063,27574
Lemon Grove,CA,United States,32.7331,-117.0344,27569
New London,CT,United States,41.333,-72.0962,27560
Atkarsk,Saratov,Russia,51.8765,44.9961,27554
Jenks,OK,United States,35.9982,-95.9734,27553
Niquelândia,Goiás,Brazil,-14.4696,-48.47,27541
Allen Park,MI,United States,42.2595,-83.2104,27528
Dodge City,KS,United States,37.7607,-100.0184,27514
Simpsonville,SC,United States,34.729,-82.2575,27506
Touba,Bafing,Ivory Coast,8.28,-7.684,27504
Anna,TX,United States,33.3482,-96.5535,27501
Bayan Obo,Nei Mongol,China,41.7676,109.9711,27476
Williamsport,PA,United States,41.24,-77.0356,27470
Neenah,WI,United States,44.1649,-88.4796,27453
Thomasville,NC,United States,35.8813,-80.0815,27435
Sol-lletsk,Orenburg,Russia,51.1603,54.9999,27419
Al Ghaydah,Al Mahrah,Yemen,16.2394,52.1638,27404
Tolú,Sucre,Colombia,9.5358,-75.572,27390
Tualatin,OR,United States,45.3769,-122.7747,27383
Garden City,KS,United States,37.975,-100.8509,27371
Silvassa,Dadra and Nagar Haveli,India,20.2666,73.0166,27359
Millville,NJ,United States,39.3901,-75.0548,27358
Savonlinna,Southern Savonia,Finland,61.8666,28.8833,27353
Elk River,MN,United States,45.3322,-93.5665,27342
Hamtramck,MI,United States,42.3954,-83.0559,27339
Green,OH,United States,40.9538,-81.472,27338
Gladstone,MO,United States,39.213,-94.559,27329
Geraldton,Western Australia,Australia,-28.7666,114.6,27258
Shalqar,Aqt,Kazakhstan,47.8363,59.6141,27256
Camas,WA,United States,45.6018,-122.4304,27254
Tumwater,WA,United States,46.9895,-122.9173,27239
Tonghua,Jilin,China,41.68,125.75,27227
Timaru,Canterbury,New Zealand,-44.3972,171.2425,27200
Cabot,AR,United States,34.9751,-92.0283,27190
Shemonaikha,East Kazakhstan,Kazakhstan,50.6316,81.905,27176
Nikolayevsk na Amure,Khabarovsk,Russia,53.1496,140.73,27152
Puerto Armuelles,Chiriquí,Panama,8.28,-82.87,27147
Colíder,Mato Grosso,Brazil,-10.8173,-55.4506,27139
Palm Springs,FL,United States,26.6358,-80.0984,27132
Conceição do Araguaia,Pará,Brazil,-8.25,-49.29,27115
Sikonge,Tabora,Tanzania,-5.6295,32.77,27113
Walnut,CA,United States,34.0372,-117.8556,27104
New Iberia,LA,United States,30.0055,-91.8203,27080
Asino,Tomsk,Russia,56.9931,86.1627,27070
Libenge,Équateur,Congo (Kinshasa),3.6604,18.62,27053
Wooster,OH,United States,40.817,-81.9315,27030
Wilmette,IL,United States,42.0773,-87.7286,27026
Oxford,MS,United States,34.3513,-89.537,27008
Coronel Suárez,Ciudad de Buenos Aires,Argentina,-37.4666,-61.9166,27000
Zeya,Amur,Russia,53.75,127.2666,26999
Bunbury,Western Australia,Australia,-33.3443,115.6502,26998
Sensuntepeque,Cabañas,El Salvador,13.88,-88.63,26989
Tara,Omsk,Russia,56.8982,74.3782,26986
Aripuanã,Mato Grosso,Brazil,-10.1767,-59.4439,26983
Temple Terrace,FL,United States,28.043,-82.3759,26972
Lindenhurst,NY,United States,40.6858,-73.3716,26972
Siliana,Siliana,Tunisia,36.0833,9.3833,26960
Chancay,Lima,Peru,-11.5596,-77.27,26958
Bregenz,Vorarlberg,Austria,47.5167,9.7667,26928
Wasco,CA,United States,35.5938,-119.3671,26917
Granite City,IL,United States,38.7293,-90.1255,26908
Mason City,IA,United States,43.1486,-93.1998,26906
Hios,Voreio Aigaio,Greece,38.3681,26.1358,26891
Leo,Sissili,Burkina Faso,11.094,-2.098,26884
Rocha,Rocha,Uruguay,-34.483,-54.333,26874
Troy,OH,United States,40.0439,-84.2195,26848
Sebastian,FL,United States,27.7872,-80.48,26846
South Portland,ME,United States,43.6314,-70.286,26840
Bafoulabé,Kayes,Mali,13.8004,-10.82,26823
Nola,Sangha-Mbaéré,Central African Republic,3.5337,16.0666,26809
Lemoore,CA,United States,36.2944,-119.7983,26809
La Unión,La Unión,El Salvador,13.332,-87.839,26807
Forest Grove,OR,United States,45.5248,-123.1099,26799
Round Lake Beach,IL,United States,42.3824,-88.0807,26783
Bor,Jungoli,South Sudan,6.2072,31.5591,26782
Trussville,AL,United States,33.6552,-86.5632,26770
Bridgeton,NJ,United States,39.4292,-75.2286,26763
Paducah,KY,United States,37.0709,-88.6445,26749
Balch Springs,TX,United States,32.7139,-96.6181,26711
Kyrenia,,Northern Cyprus,35.326,33.333,26701
Edwardsville,IL,United States,38.7908,-89.9886,26698
Clinton,MS,United States,32.3544,-90.3419,26698
Pugachev,Saratov,Russia,52.0148,48.7944,26690
Viana,Maranhão,Brazil,-3.2096,-45.0,26689
Miracema,Rio de Janeiro,Brazil,-21.41,-42.2,26684
Ipú,Ceará,Brazil,-4.3196,-40.7201,26678
Vernon Hills,IL,United States,42.2344,-87.9611,26677
La Ligua,Valparaíso,Chile,-32.46,-71.24,26665
Champotón,Campeche,Mexico,19.3504,-90.72,26636
West Linn,OR,United States,45.3666,-122.6389,26629
Belmont,CA,United States,37.5144,-122.2945,26622
Voinjama,Lofa,Liberia,8.4167,-9.75,26594
Nzega,Tabora,Tanzania,-4.2096,33.18,26584
Hercules,CA,United States,38.0214,-122.2889,26582
Okha,Sakhalin,Russia,53.5739,142.9479,26560
Bakal,Chelyabinsk,Russia,54.9459,58.7959,26559
Ossining,NY,United States,41.1535,-73.8706,26542
Lockport,IL,United States,41.591,-88.0297,26537
Owatonna,MN,United States,44.0919,-93.2317,26534
Buy,Kostroma,Russia,58.4847,41.5244,26486
Horn Lake,MS,United States,34.9521,-90.0492,26468
Beitbridge,Matabeleland South,Zimbabwe,-22.2096,29.99,26459
Brockville,Ontario,Canada,44.5893,-75.6953,26458
Wete,Kaskazini-Pemba,Tanzania,-5.0635,39.7258,26450
Albany,Western Australia,Australia,-35.0169,117.8916,26445
Benicia,CA,United States,38.0727,-122.1552,26429
Superior,WI,United States,46.6921,-92.0804,26423
Dongola,Northern,Sudan,19.1666,30.4833,26404
Plum,PA,United States,40.5019,-79.7482,26391
Yukon,OK,United States,35.5184,-97.7662,26388
Moscow,ID,United States,46.7306,-116.9989,26387
Easley,SC,United States,34.8198,-82.5822,26386
Tralee,Kerry,Ireland,52.2667,-9.7167,26384
Lebanon,PA,United States,40.3412,-76.4227,26378
Canavieiras,Bahia,Brazil,-15.64,-38.96,26375
Shoreview,MN,United States,45.083,-93.1405,26374
Viseu,Viseu,Portugal,40.657,-7.91,26364
Katy,TX,United States,29.7909,-95.8407,26360
Wilsonville,OR,United States,45.3113,-122.7709,26345
Sanger,CA,United States,36.699,-119.5575,26343
Denison,TX,United States,33.7669,-96.5807,26343
Illapel,Coquimbo,Chile,-31.6296,-71.17,26340
Rawson,Chubut,Argentina,-43.3,-65.1,26335
Garden City,MI,United States,42.3244,-83.3412,26325
Punata,Cochabamba,Bolivia,-17.55,-65.84,26323
Pukekohe,Auckland,New Zealand,-37.2015,174.9033,26300
Velsk,Arkhangel'sk,Russia,61.0674,42.0974,26300
Moses Lake,WA,United States,47.1279,-119.2764,26299
La Unión,Los Ríos,Chile,-40.29,-73.09,26298
Alenquer,Pará,Brazil,-1.9396,-54.79,26290
Ayorou,Niamey,Niger,14.7318,0.9195,26290
Paramus,NJ,United States,40.9473,-74.0702,26282
Bayankhongor,Bayanhongor,Mongolia,46.3,100.9833,26252
Mendi,Southern Highlands,Papua New Guinea,-6.1444,143.6452,26252
Batavia,IL,United States,41.8477,-88.311,26235
Derby,KS,United States,37.5596,-97.2558,26233
Wheeling,WV,United States,40.0738,-80.696,26208
Oak Forest,IL,United States,41.6067,-87.7533,26199
Ridgewood,NJ,United States,40.9816,-74.1135,26194
Sena Madureira,Acre,Brazil,-9.07,-68.67,26192
Chicago Heights,IL,United States,41.5107,-87.6347,26184
Arlon,Arlon,Belgium,49.6833,5.8167,26179
Elmira,NY,United States,42.0934,-76.8096,26176
Austin,MN,United States,43.6721,-92.9779,26171
Saint-Georges,Québec,Canada,46.1171,-70.6667,26149
Norfolk,NE,United States,42.0282,-97.4278,26147
South Salt Lake,UT,United States,40.7056,-111.8986,26122
Toktogul,Jalal-Abad,Kyrgyzstan,41.8826,72.9372,26115
Tuxpan,Nayarit,Mexico,21.9304,-105.27,26115
Mizdah,Mizdah,Libya,31.4337,12.9833,26107
Newberg,OR,United States,45.3072,-122.9602,26095
Winona,MN,United States,44.0513,-91.6681,26029
Timika,Papua,Indonesia,-4.5496,136.89,26021
Diapaga,Tapoa,Burkina Faso,12.077,1.796,26013
Auburn,NY,United States,42.9338,-76.5672,25983
Chachapoyas,Amazonas,Peru,-6.2296,-77.87,25978
Reedley,CA,United States,36.5984,-119.4467,25958
Avon Lake,OH,United States,41.4945,-82.0161,25942
Chanhassen,MN,United States,44.8543,-93.5624,25937
Greenfield,IN,United States,39.7933,-85.7725,25920
Staunton,VA,United States,38.158,-79.0619,25915
Franklin,IN,United States,39.4949,-86.0506,25908
North Augusta,SC,United States,33.5233,-81.9566,25891
Sugar Hill,GA,United States,34.086,-84.034,25889
Medina,OH,United States,41.1346,-81.8695,25889
Granja,Ceará,Brazil,-3.1195,-40.84,25879
Tarpon Springs,FL,United States,28.1491,-82.7794,25872
Dinuba,CA,United States,36.5451,-119.3988,25863
Krasnoarmeysk,Saratov,Russia,51.0174,45.6974,25841
Lodi,NJ,United States,40.8779,-74.0825,25832
East Chicago,IN,United States,41.6481,-87.4529,25830
Windsor,CA,United States,38.5421,-122.8086,25828
Severobaykalsk,Buryat,Russia,55.634,109.313,25800
Koko,Kebbi,Nigeria,11.4232,4.517,25792
Farmington,UT,United States,40.9847,-111.9063,25771
Galt,CA,United States,38.2685,-121.299,25767
Pimenta Bueno,Rondônia,Brazil,-11.64,-61.21,25762
Centerville,OH,United States,39.6343,-84.1457,25754
Stevens Point,WI,United States,44.5253,-89.5504,25752
Colleyville,TX,United States,32.8915,-97.1497,25736
Eureka,CA,United States,40.7976,-124.1542,25734
Neiba,Bahoruco,Dominican Republic,18.4666,-71.4166,25731
Xenia,OH,United States,39.6831,-83.9408,25725
Brandon,MS,United States,32.2781,-89.9907,25719
Woodstock,IL,United States,42.3095,-88.4353,25699
Sept-Îles,Québec,Canada,50.3161,-66.36,25686
Zwedru,GrandGedeh,Liberia,6.0704,-8.13,25678
Corsicana,TX,United States,32.0824,-96.4667,25671
South Pasadena,CA,United States,34.109,-118.1566,25623
Lapa,Paraná,Brazil,-25.76,-49.73,25621
Salem,VA,United States,37.2853,-80.0552,25600
Auburn Hills,MI,United States,42.6747,-83.2436,25597
Lensk,Sakha (Yakutia),Russia,60.7253,114.947,25589
Farragut,TN,United States,35.8762,-84.18,25579
Rockville Centre,NY,United States,40.664,-73.638,25578
Qacha's Nek,Eastern Cape,South Africa,-30.1173,28.702,25573
Cliffside Park,NJ,United States,40.822,-73.9879,25570
Nueva Gerona,Isla de la Juventud,Cuba,21.8837,-82.8,25566
El Cerrito,CA,United States,37.9196,-122.3025,25552
Belton,MO,United States,38.8187,-94.5296,25534
Tongue,Labe,Guinea,11.44,-11.67,25531
Kariba,Mashonaland West,Zimbabwe,-16.5296,28.8,25531
Mequon,WI,United States,43.2114,-88.0142,25489
Imperial Beach,CA,United States,32.5691,-117.1149,25458
Starkville,MS,United States,33.4633,-88.8278,25444
Peekskill,NY,United States,41.2874,-73.9236,25442
Grandview,MO,United States,38.8814,-94.5227,25436
At Tafilah,Tafilah,Jordan,30.8333,35.6,25429
Nixa,MO,United States,37.0451,-93.2959,25405
Avon,OH,United States,41.4451,-82.0051,25403
Majuro,,Marshall Islands,7.103,171.38,25400
Norco,CA,United States,33.9255,-117.552,25398
San Ignacio,Santa Cruz,Bolivia,-16.3696,-60.96,25391
Ust-Kut,Irkutsk,Russia,56.765,105.76,25388
Freeport,,The Bahamas,26.5333,-78.7,25383
Gardner,KS,United States,38.8115,-94.9292,25378
Ati,Batha,Chad,13.2171,18.3333,25373
Nelidovo,Tver',Russia,56.2235,32.7731,25349
De Pere,WI,United States,44.431,-88.0799,25348
São Lourenço do Sul,Rio Grande do Sul,Brazil,-31.37,-51.98,25340
Caledonia,WI,United States,42.7974,-87.8774,25326
Muskego,WI,United States,42.8714,-88.1343,25312
Lambaréné,Moyen-Ogooué,Gabon,-0.6996,10.2166,25310
Raymore,MO,United States,38.8033,-94.4583,25306
Belvidere,IL,United States,42.2654,-88.8878,25297
Walker,MI,United States,42.9966,-85.7564,25289
Carteret,NJ,United States,40.5838,-74.2275,25281
Paraparaumu,Wellington,New Zealand,-40.9034,174.9989,25263
Pickerington,OH,United States,39.8875,-82.7641,25256
Ottumwa,IA,United States,41.0223,-92.4233,25252
Perrysburg,OH,United States,41.539,-83.6441,25236
Chiromo,Nsanje,Malawi,-16.55,35.1332,25235
Rehoboth,Hardap,Namibia,-23.3196,17.08,25219
Dolores,Ciudad de Buenos Aires,Argentina,-36.33,-57.69,25190
Belton,TX,United States,31.0523,-97.4795,25171
Colinas,Maranhão,Brazil,-6.0395,-44.24,25158
Hermanus,Western Cape,South Africa,-34.4096,19.2299,25153
Tatarsk,Novosibirsk,Russia,55.2219,75.9665,25150
Fairfax,VA,United States,38.8532,-77.299,25144
Wewak,East Sepik,Papua New Guinea,-3.5535,143.6367,25143
Bologoye,Tver',Russia,57.8722,34.0518,25142
Erymentau,Aqmola,Kazakhstan,51.6303,73.1049,25141
Victoria,Entre Ríos,Argentina,-32.61,-60.18,25139
Saginaw,TX,United States,32.8656,-97.3652,25139
Shelbyville,TN,United States,35.5013,-86.4517,25132
Dickinson,ND,United States,46.8928,-102.796,25130
Pelham,AL,United States,33.3218,-86.7422,25121
West Chicago,IL,United States,41.8945,-88.2211,25116
Hervey Bay,Queensland,Australia,-25.2887,152.8409,25114
Loma Linda,CA,United States,34.0429,-117.2489,25111
Key West,FL,United States,24.5651,-81.7755,25103
San Marcos,San Marcos,Guatemala,14.966,-91.8,25088
Patterson,CA,United States,37.4759,-121.1539,25063
Inkster,MI,United States,42.2939,-83.3203,25056
Lafayette,CA,United States,37.891,-122.1195,25048
Bessemer,AL,United States,33.3709,-86.9715,25037
Ongwediva,Oshana,Namibia,-17.78,15.77,25032
Karoi,Mashonaland West,Zimbabwe,-16.8196,29.68,25030
Katima Mulilo,Caprivi,Namibia,-17.4996,24.26,25027
Middletown,DE,United States,39.4434,-75.7175,25022
Alton,IL,United States,38.9039,-90.1512,25006
Norton Shores,MI,United States,43.1695,-86.2354,25005
Riverbank,CA,United States,37.726,-120.9448,25001
Mohales Hoek,Mohale's Hoek,Lesotho,-30.159,27.48,24992
Fairhope,AL,United States,30.5209,-87.8791,24974
Paris,TX,United States,33.6689,-95.5466,24969
Barstow,CA,United States,34.867,-117.043,24964
Puerto Varas,Los Lagos,Chile,-41.33,-72.99,24958
University Park,TX,United States,32.8486,-96.7952,24954
Cartersville,GA,United States,34.1646,-84.8017,24937
Herndon,VA,United States,38.9704,-77.3871,24935
Kerrville,TX,United States,30.0377,-99.1324,24930
Lexington,SC,United States,33.9929,-81.2218,24921
Hastings,NE,United States,40.5963,-98.3903,24896
Socorro,Santander,Colombia,6.4603,-73.27,24895
Puyo,Pastaza,Ecuador,-1.483,-77.987,24881
Foley,AL,United States,30.397,-87.6642,24873
Hazelwood,MO,United States,38.7947,-90.396,24863
Ardmore,OK,United States,34.1965,-97.1318,24847
Moyale,Eastern,Kenya,3.52,39.05,24837
Ebebiyín,Wouleu-Ntem,Gabon,2.153,11.33,24831
Covilhã,Castelo Branco,Portugal,40.2833,-7.5,24828
Pires do Rio,Goiás,Brazil,-17.2995,-48.28,24822
Otjiwarongo,Otjozondjupa,Namibia,-20.4595,16.64,24815
Felipe Carrillo Puerto,Quintana Roo,Mexico,19.5804,-88.05,24807
Madaoua,Tahoua,Niger,14.0762,5.9586,24804
Lincoln,Ciudad de Buenos Aires,Argentina,-34.88,-61.5399,24798
Auburn,ME,United States,44.0845,-70.2496,24793
Farafangana,Fianarantsoa,Madagascar,-22.8166,47.8332,24764
Fernley,NV,United States,39.5648,-119.1894,24744
Mercer Island,WA,United States,47.564,-122.2312,24742
Newport,RI,United States,41.4767,-71.3196,24717
Wadsworth,OH,United States,41.0274,-81.7322,24709
Romulus,MI,United States,42.2236,-83.366,24702
Yorkville,IL,United States,41.6617,-88.4286,24693
Kakonko,Kigoma,Tanzania,-3.2796,30.96,24688
Athens,OH,United States,39.3263,-82.1002,24673
Topki,Kemerovo,Russia,55.2802,85.6108,24672
Veinticinco de Mayo,Ciudad de Buenos Aires,Argentina,-35.43,-60.18,24668
Zanesville,OH,United States,39.956,-82.0135,24651
Faribault,MN,United States,44.2997,-93.2789,24642
Johnston,IA,United States,41.6919,-93.7245,24640
Fate,TX,United States,32.9427,-96.3873,24626
Rouyn-Noranda,Québec,Canada,48.25,-79.0332,24602
Ramallah,,Palestine,31.9029,35.2062,24599
Fort Dodge,IA,United States,42.5099,-94.1757,24591
Mandan,ND,United States,46.8295,-100.8871,24586
Kingsville,TX,United States,27.5092,-97.861,24586
Barberton,OH,United States,41.0069,-81.6044,24563
Ranong,Ranong,Thailand,9.962,98.638,24561
Victoria,La Araucanía,Chile,-38.2395,-72.34,24555
Homer Glen,IL,United States,41.6052,-87.9524,24546
Ciudad Altamirano,Guerrero,Mexico,18.3204,-100.65,24533
Lamu,Coast,Kenya,-2.262,40.9197,24525
Rolim de Moura,Rondinia,Brazil,-11.7302,-61.7806,24516
Watsa,Orientale,Congo (Kinshasa),3.04,29.53,24516
San Benito,TX,United States,26.1294,-97.644,24493
Pochutla,Oaxaca,Mexico,15.7304,-96.47,24481
Selma,CA,United States,36.5717,-119.6139,24467
Columbus,NE,United States,41.4371,-97.3574,24464
Tocopilla,Antofagasta,Chile,-22.09,-70.19,24460
Ridgeland,MS,United States,32.4237,-90.1618,24459
Eustis,FL,United States,28.8572,-81.6768,24457
Aldan,Sakha (Yakutia),Russia,58.603,125.3894,24426
Baubau,Sulawesi Tenggara,Indonesia,-5.4699,122.6163,24412
Phnum Tbeng Meanchey,Preah Vihéar,Cambodia,13.8167,104.9667,24380
Greenbelt,MD,United States,38.9947,-76.8854,24360
Seal Beach,CA,United States,33.7544,-118.0713,24352
Ghat,Ghat,Libya,24.9647,10.1728,24347
Riverside,OH,United States,39.7826,-84.1239,24340
Benbrook,TX,United States,32.6783,-97.4636,24336
Angangxi,Heilongjiang,China,47.1601,123.8,24317
Brookings,SD,United States,44.3034,-96.7873,24312
Decatur,GA,United States,33.7711,-84.2958,24307
Ponca City,OK,United States,36.721,-97.0684,24306
Florence,AZ,United States,33.0694,-111.414,24291
Saint-Laurent-du-Maroni,Guinaa,France,5.4976,-54.0325,24287
South Elgin,IL,United States,41.9903,-88.3143,24277
Palmetto Bay,FL,United States,25.6217,-80.3189,24264
Bainbridge Island,WA,United States,47.6425,-122.5078,24254
Fatick,Fatick,Senegal,14.344,-16.416,24243
Sandusky,OH,United States,41.4559,-82.7144,24241
Clinton,IA,United States,41.8424,-90.2428,24239
Suchboatar,Selenge,Mongolia,50.25,106.2,24235
Avon,IN,United States,39.7607,-86.3941,24231
Zion,IL,United States,42.4599,-87.8511,24206
Labasa,Western,Fiji,-16.4166,179.3833,24187
Horizon City,TX,United States,31.6796,-106.1911,24168
Willoughby,OH,United States,41.6453,-81.4144,24163
Watertown,NY,United States,43.9733,-75.91,24157
Van Buren,AR,United States,35.4512,-94.354,24138
Royse City,TX,United States,32.9797,-96.3164,24138
Al Jawf,Al Kufrah,Libya,24.2,23.29,24132
Morton Grove,IL,United States,42.0423,-87.789,24131
South Plainfield,NJ,United States,40.5744,-74.4148,24131
Moyeni,Quthing,Lesotho,-30.411,27.716,24130
Marshall,TX,United States,32.5392,-94.3532,24118
Emporia,KS,United States,38.4029,-96.1929,24105
Frederikshavn,Nordjylland,Denmark,57.4337,10.5333,24103
Grootfontein,Otjozondjupa,Namibia,-19.5666,18.1166,24099
As Sulayyil,Ar Riyad,Saudi Arabia,20.4623,45.5722,24097
Gusinoozyorsk,Buryat,Russia,51.2808,106.5004,24083
Kalachinsk,Omsk,Russia,55.0487,74.5683,24059
Wyandotte,MI,United States,42.2107,-83.1572,24057
Payson,UT,United States,40.0359,-111.7388,24054
Griffin,GA,United States,33.2432,-84.2719,24044
Kourou,Guinaa,France,5.16,-52.6499,24029
Perry,GA,United States,32.472,-83.7262,24029
Oak Harbor,WA,United States,48.2938,-122.6282,24016
West Haven,UT,United States,41.2091,-112.0536,24014
Aybak,Samangan,Afghanistan,36.261,68.04,24000
Glassboro,NJ,United States,39.7001,-75.1114,23987
Hurricane,UT,United States,37.1485,-113.3589,23959
Svay Rieng,Svay Rieng,Cambodia,11.08,105.801,23956
Centerton,AR,United States,36.3551,-94.2977,23953
Soledad,CA,United States,36.4345,-121.3178,23947
Westmont,IL,United States,41.7944,-87.9729,23933
Koulikoro,Bamako,Mali,12.8833,-7.55,23919
Farmington,MN,United States,44.6592,-93.1687,23909
Zorgo,Ganzourgou,Burkina Faso,12.243,-0.611,23892
Roseburg,OR,United States,43.2236,-123.352,23861
Paraíso,Tabasco,Mexico,18.4,-93.23,23830
West Memphis,AR,United States,35.1496,-90.1993,23825
Maywood,CA,United States,33.9885,-118.1877,23824
Searcy,AR,United States,35.2411,-91.7352,23813
Papillion,NE,United States,41.1434,-96.0781,23791
Iguape,São Paulo,Brazil,-24.72,-47.5699,23784
Jardim,Mato Grosso do Sul,Brazil,-21.4799,-56.15,23780
Diu,Dadra and Nagar Haveli,India,20.7197,70.9904,23779
Collinsville,IL,United States,38.6757,-90.0058,23779
Kingston,NY,United States,41.9301,-73.9968,23777
Wuchuan,Nei Mongol,China,41.0955,111.4408,23776
Fria,Boke,Guinea,10.3804,-13.55,23729
Guanhães,Minas Gerais,Brazil,-18.78,-42.95,23727
Khromtau,Aqtöbe,Kazakhstan,50.2699,58.45,23715
Corinth,TX,United States,33.1447,-97.0708,23707
Solon,OH,United States,41.386,-81.4408,23702
Nchelenge,Luapula,Zambia,-9.3496,28.73,23693
Macas,Morona Santiago,Ecuador,-2.3096,-78.12,23687
Ennis,TX,United States,32.3251,-96.6338,23686
Pijijiapan,Chiapas,Mexico,15.6904,-93.22,23675
Melrose Park,IL,United States,41.903,-87.8636,23666
Kibaha,Pwani,Tanzania,-6.7667,38.9167,23651
St. John,IN,United States,41.4418,-87.4678,23644
Ayapel,Córdoba,Colombia,8.3304,-75.15,23639
Edgewater,FL,United States,28.9544,-80.9409,23636
Groveland,FL,United States,28.6102,-81.8271,23628
Bogotol,Krasnoyarsk,Russia,56.2165,89.5184,23622
Dudinka,Taymyr,Russia,69.4182,86.225,23619
Santa Cruz Del Quiche,Quiché,Guatemala,15.0333,-91.1333,23618
Munster,IN,United States,41.5469,-87.5046,23614
Fountain Hills,AZ,United States,33.6078,-111.7384,23611
Coralville,IA,United States,41.6988,-91.5968,23596
Tash Komur,Jalal-Abad,Kyrgyzstan,41.3419,72.2314,23594
Clinton,UT,United States,41.1387,-112.0664,23588
Melissa,TX,United States,33.2885,-96.5576,23571
Burlington,IA,United States,40.8071,-91.1237,23565
North Salt Lake,UT,United States,40.8471,-111.9188,23560
Itambé,Bahia,Brazil,-15.2396,-40.63,23558
Nasca,Ica,Peru,-14.83,-74.94,23556
El Seibo,El Seybo,Dominican Republic,18.764,-69.035,23547
Highland,IN,United States,41.5466,-87.4576,23525
Bondo,Orientale,Congo (Kinshasa),3.81,23.67,23517
Kankakee,IL,United States,41.1017,-87.8637,23503
Lgov,Kursk,Russia,51.6948,35.2744,23500
Santa Maria da Vitória,Bahia,Brazil,-13.39,-44.21,23488
Webster Groves,MO,United States,38.5866,-90.3544,23449
Jacksonville Beach,FL,United States,30.2725,-81.3856,23447
Gjirokastër,Gjirokastër,Albania,40.079,20.149,23437
Zug,Zug,Switzerland,47.179,8.487,23435
Kenmore,WA,United States,47.7499,-122.2472,23391
Elmwood Park,IL,United States,41.9225,-87.8163,23369
San Fernando,CA,United States,34.2887,-118.4362,23364
White Bear Lake,MN,United States,45.0652,-93.0129,23363
Magdalena,Sonora,Mexico,30.6166,-111.05,23359
Pottstown,PA,United States,40.2509,-75.6448,23349
Muscatine,IA,United States,41.4191,-91.0679,23341
Roseau,Saint George,Dominica,15.301,-61.387,23336
Loves Park,IL,United States,42.3378,-88.9986,23335
Rolling Meadows,IL,United States,42.0749,-88.0254,23329
Baglung,Dhawalagiri,Nepal,28.2667,83.5833,23296
Fray Bentos,Río Negro,Uruguay,-33.139,-58.304,23279
Whitehorse,Yukon,Canada,60.7167,-135.05,23276
Mustang,OK,United States,35.3918,-97.7251,23270
Dubăsari,Transnistria,Moldova,47.2631,29.1608,23254
Otsego,MN,United States,45.2643,-93.6207,23241
Watertown,SD,United States,44.9092,-97.1557,23230
Quaraí,Rio Grande do Sul,Brazil,-30.38,-56.4599,23229
Lisle,IL,United States,41.7921,-88.0877,23222
Mount Gambier,South Australia,Australia,-37.8313,140.765,23209
DeBary,FL,United States,28.8814,-81.3243,23209
Waynesboro,VA,United States,38.0672,-78.9014,23182
Duncan,OK,United States,34.4816,-97.9605,23170
Gitega,Muramvya,Burundi,-3.426,29.8436,23167
Nova Cruz,Rio Grande do Norte,Brazil,-6.4696,-35.44,23166
Macia,Gaza,Mozambique,-25.0195,33.09,23156
Freeport,IL,United States,42.289,-89.6343,23136
Duarte,CA,United States,34.161,-117.9504,23131
Siwa,Matruh,Egypt,29.2,25.5167,23080
Waxhaw,NC,United States,34.9375,-80.74,23073
Lenger,South Kazakhstan,Kazakhstan,42.1899,69.8799,23058
Oakdale,CA,United States,37.7617,-120.8464,23045
Columbus,MS,United States,33.5082,-88.4071,23035
Albertville,AL,United States,34.2631,-86.2107,23031
Makinsk,Aqmola,Kazakhstan,52.6404,70.41,23020
Sechura,Piura,Peru,-5.5596,-80.82,23020
Jyekundo,Gansu,China,33.0166,96.7333,23000
Maple Heights,OH,United States,41.409,-81.5629,22984
Sapulpa,OK,United States,36.0042,-96.1233,22981
Hudson,OH,United States,41.2392,-81.4416,22968
Middleton,WI,United States,43.107,-89.5063,22967
Rock Springs,WY,United States,41.5947,-109.2209,22954
Trotwood,OH,United States,39.7918,-84.3218,22940
Watauga,TX,United States,32.8718,-97.2515,22934
Inta,Komi,Russia,66.0374,60.1674,22921
Keene,NH,United States,42.9538,-72.3069,22917
Suwanee,GA,United States,34.0511,-84.0659,22913
Ozark,MO,United States,37.0336,-93.218,22907
Yako,Passoré,Burkina Faso,12.954,-2.263,22904
Prairie Village,KS,United States,38.9868,-94.6362,22900
Maywood,IL,United States,41.8798,-87.8442,22880
Champlin,MN,United States,45.1729,-93.3868,22856
Garden City,NY,United States,40.7258,-73.6454,22835
Bonney Lake,WA,United States,47.1995,-122.163,22835
Tunuyán,Mendoza,Argentina,-33.5662,-69.0167,22834
Marina,CA,United States,36.6803,-121.7894,22833
Sibiti,Lékoumou,Congo (Brazzaville),-3.6896,13.35,22811
Tekax,Yucatán,Mexico,20.2,-89.28,22806
Mesquite,NV,United States,36.8111,-114.1257,22786
Tashtagol,Kemerovo,Russia,52.7918,87.8677,22779
Madingou,Bouenza,Congo (Brazzaville),-4.164,13.554,22760
Hopewell,VA,United States,37.291,-77.2989,22752
Papasquiaro,Durango,Mexico,24.8304,-105.34,22750
Radcliff,KY,United States,37.8201,-85.9364,22749
Portsmouth,NH,United States,43.0606,-70.7803,22733
Bella Unión,Artigas,Uruguay,-30.2596,-57.6,22723
Gjøvik,Oppland,Norway,60.8,10.7,22719
Onega,Arkhangel'sk,Russia,63.9271,38.0771,22693
Watertown,WI,United States,43.1894,-88.7289,22692
Maracaju,Mato Grosso do Sul,Brazil,-21.61,-55.18,22690
Andoany,Antsiranana,Madagascar,-13.4,48.2666,22680
Armidale,New South Wales,Australia,-30.5123,151.6675,22673
Oytal,Zhambyl,Kazakhstan,42.9153,73.2549,22673
Kemi,Lapland,Finland,65.7333,24.5817,22641
Machesney Park,IL,United States,42.3677,-89.0245,22630
Owen Sound,Ontario,Canada,44.5666,-80.85,22625
Frontera,Tabasco,Mexico,18.5804,-92.65,22621
Taupo,Auckland,New Zealand,-38.693,176.0771,22600
Visby,Gotland,Sweden,57.6337,18.3,22593
Dawmat al Jandal,Al Jawf,Saudi Arabia,29.8153,39.8664,22583
Campoalegre,Huila,Colombia,2.69,-75.33,22568
North Plainfield,NJ,United States,40.6213,-74.4395,22566
Whyalla,South Australia,Australia,-33.025,137.5614,22559
Bélabo,Est,Cameroon,4.9337,13.3,22553
Central Falls,RI,United States,41.8901,-71.3935,22543
Christiansburg,VA,United States,37.1407,-80.4045,22542
Hammond,LA,United States,30.5056,-90.4565,22527
North Platte,NE,United States,41.1253,-100.7634,22523
Roselle,IL,United States,41.9802,-88.0859,22508
Greenwood,SC,United States,34.1954,-82.1537,22498
Sale,Victoria,Australia,-38.1096,147.06,22486
La Porte,IN,United States,41.6061,-86.7137,22486
Aranyaprathet,Sa Kaeo,Thailand,13.6824,102.4969,22472
Moyo,Moyo,Uganda,3.6504,31.72,22434
Baturité,Ceará,Brazil,-4.3296,-38.88,22417
Pirgos,Dytiki Ellada,Greece,37.6837,21.45,22399
Acworth,GA,United States,34.062,-84.6811,22379
Lino Lakes,MN,United States,45.1555,-93.1069,22376
Big Spring,TX,United States,32.2383,-101.4857,22373
Ar Rutbah,Al-Anbar,Iraq,33.0385,40.2845,22370
Biddeford,ME,United States,43.4387,-70.3929,22367
Lebu,Bío-Bío,Chile,-37.6096,-73.65,22345
Summit,NJ,United States,40.7156,-74.3647,22344
Roselle,NJ,United States,40.6522,-74.2602,22342
Carlisle,PA,United States,40.2,-77.2041,22341
Oxford,OH,United States,39.5056,-84.7443,22340
Laguna Beach,CA,United States,33.5434,-117.7618,22332
Evans,CO,United States,40.3502,-104.7484,22326
Baraki Barak,Logar,Afghanistan,33.9667,68.9667,22305
Bloomingdale,IL,United States,41.9515,-88.0891,22298
Erenhot,Nei Mongol,China,43.6616,111.9655,22287
Hialeah Gardens,FL,United States,25.8877,-80.3569,22286
Battle Ground,WA,United States,45.7768,-122.541,22285
Columbia Heights,MN,United States,45.0491,-93.2467,22278
Demba,Kasaï-Occidental,Congo (Kinshasa),-5.5096,22.26,22263
Sanford,ME,United States,43.4241,-70.7579,22251
Chambersburg,PA,United States,39.9314,-77.6556,22245
Ruston,LA,United States,32.533,-92.6353,22233
North Ogden,UT,United States,41.3146,-111.9597,22233
New Brighton,MN,United States,45.0672,-93.2058,22228
Calabasas,CA,United States,34.1343,-118.6665,22227
Djibo,Soum,Burkina Faso,14.099,-1.627,22223
Eséka,Centre,Cameroon,3.6504,10.7666,22221
Uthai Thani,Uthai Thani,Thailand,15.3819,100.0264,22219
Clarksville,IN,United States,38.3221,-85.7676,22208
Tadjoura,Tadjourah,Djibouti,11.7833,42.9,22193
Qarazhal,Qaraghandy,Kazakhstan,48.0253,70.7999,22170
Clemmons,NC,United States,36.0332,-80.3867,22159
San José del Guaviare,Meta,Colombia,2.57,-72.64,22136
Kizel,Perm',Russia,59.0644,57.6343,22135
Itaberaí,Goiás,Brazil,-16.02,-49.81,22129
Ojinaga,Chihuahua,Mexico,29.5404,-104.41,22128
Hastings,MN,United States,44.7318,-92.8545,22121
Helena,AL,United States,33.2834,-86.8792,22117
Nkhata Bay,Nkhata Bay,Malawi,-11.5996,34.3,22108
Millbrae,CA,United States,37.599,-122.402,22087
Sedalia,MO,United States,38.706,-93.2345,22086
Oxford,AL,United States,33.5964,-85.8682,22078
Katoomba,New South Wales,Australia,-33.7069,150.32,22076
Snellville,GA,United States,33.8602,-84.0063,22067
Corcoran,CA,United States,36.0841,-119.5613,22044
Mocoa,Putumayo,Colombia,1.15,-76.63,22035
East Peoria,IL,United States,40.6734,-89.5418,22012
Shelby,NC,United States,35.2904,-81.5456,22010
Araçuaí,Minas Gerais,Brazil,-16.8596,-42.0699,22005
Puerto Suárez,Santa Cruz,Bolivia,-18.9496,-57.85,22000
Frauenfeld,Thurgau,Switzerland,47.568,9.108,21979
East Ridge,TN,United States,34.9973,-85.2285,21961
Montgomery,IL,United States,41.721,-88.3581,21955
Heredia,Heredia,Costa Rica,9.992,-84.12,21947
Stephenville,TX,United States,32.2145,-98.2199,21946
Shafter,CA,United States,35.4794,-119.2013,21915
Crystal,MN,United States,45.0373,-93.3595,21906
Chillicothe,OH,United States,39.3405,-82.9961,21895
Klamath Falls,OR,United States,42.2188,-121.7787,21888
Basseterre,,Saint Kitts and Nevis,17.302,-62.717,21887
Toguchin,Novosibirsk,Russia,55.2377,84.3777,21886
Sunny Isles Beach,FL,United States,25.9388,-80.1235,21885
Bryant,AR,United States,34.6151,-92.4913,21877
Fort McMurray,Alberta,Canada,56.7333,-111.3833,21863
Junction City,KS,United States,39.0272,-96.8523,21856
Vannersborg,Västra Götaland,Sweden,58.363,12.33,21835
Dickinson,TX,United States,29.4517,-95.0562,21834
Pleasant Prairie,WI,United States,42.5267,-87.8883,21818
Hanahan,SC,United States,32.9306,-80.0036,21796
Nsanje,Nsanje,Malawi,-16.9167,35.2667,21774
Boerne,TX,United States,29.7849,-98.7279,21774
Eirunepé,Amazonas,Brazil,-6.66,-69.8738,21750
Mountain Brook,AL,United States,33.4915,-86.7345,21737
Villa Park,IL,United States,41.8856,-87.9782,21727
Cudahy,CA,United States,33.964,-118.1826,21723
West St. Paul,MN,United States,44.9024,-93.0853,21722
Colonia del Sacramento,Colonia,Uruguay,-34.48,-57.84,21714
Kayunga,Kayunga,Uganda,0.7025,32.8886,21704
Lebanon,OH,United States,39.4256,-84.2132,21699
Altoona,IA,United States,41.6464,-93.4786,21698
Darien,IL,United States,41.7457,-87.9815,21698
Caacupé,Cordillera,Paraguay,-25.387,-57.14,21696
Lindenwold,NJ,United States,39.8188,-74.99,21685
Gavarr,Gegharkunik,Armenia,40.3589,45.1267,21680
Seymour,IN,United States,38.9475,-85.8913,21666
Yucca Valley,CA,United States,34.1233,-116.4216,21664
Naryan Mar,Nenets,Russia,67.6474,53.0574,21658
Kaédi,Matam,Senegal,16.15,-13.5,21656
Yasothon,Yasothon,Thailand,15.788,104.151,21643
Barras,Piauí,Brazil,-4.25,-42.3,21597
Milwaukie,OR,United States,45.4448,-122.6208,21594
Carbondale,IL,United States,37.7221,-89.2237,21592
Imperial,CA,United States,32.8388,-115.572,21591
Trat,Trat,Thailand,12.237,102.509,21590
Kilkenny,Kilkenny,Ireland,52.6546,-7.2523,21589
Pascagoula,MS,United States,30.3601,-88.5563,21582
Manicoré,Amazonas,Brazil,-5.8122,-61.2975,21549
Alliance,OH,United States,40.9112,-81.1198,21525
Mountlake Terrace,WA,United States,47.7943,-122.3026,21516
Ngozi,Ngozi,Burundi,-2.912,29.825,21506
Blue Island,IL,United States,41.6576,-87.6811,21494
Terrell,TX,United States,32.7353,-96.2864,21480
Shimanovsk,Amur,Russia,52.0024,127.6975,21466
Palatka,Maga Buryatdan,Russia,60.1,150.9,21452
Birmingham,MI,United States,42.5448,-83.2166,21434
New Castle,PA,United States,40.9956,-80.3458,21413
Tlaxiaco,Oaxaca,Mexico,17.2704,-97.68,21391
American Canyon,CA,United States,38.179,-122.2596,21347
North Liberty,IA,United States,41.7436,-91.6112,21345
Willmar,MN,United States,45.121,-95.0587,21335
Montrose,CO,United States,38.4688,-107.8589,21333
Portel,Pará,Brazil,-1.95,-50.82,21315
Del City,OK,United States,35.4483,-97.4408,21312
Nakhon Nayok,Nakhon Nayok,Thailand,14.2,101.216,21309
Itupiranga,Pará,Brazil,-5.12,-49.3,21301
Antsohihy,Mahajanga,Madagascar,-14.8661,47.9834,21290
Krujë,Durrës,Albania,41.519,19.797,21286
South Euclid,OH,United States,41.524,-81.5245,21264
Elmwood Park,NJ,United States,40.9045,-74.1195,21256
Motul,Yucatán,Mexico,21.1,-89.28,21253
Rocky River,OH,United States,41.4731,-81.8538,21236
Port Hueneme,CA,United States,34.1621,-119.2042,21217
Golden Valley,MN,United States,44.9902,-93.3587,21211
Arlington,WA,United States,48.1704,-122.1446,21206
Paracuru,Ceará,Brazil,-3.3995,-39.04,21196
Mineola,NY,United States,40.747,-73.6394,21169
Anniston,AL,United States,33.6735,-85.8109,21167
Ashland,KY,United States,38.4595,-82.6451,21154
Isikul,Omsk,Russia,54.9287,71.2682,21136
Tukwila,WA,United States,47.4763,-122.2757,21135
Alton,TX,United States,26.2878,-98.309,21130
Geneva,IL,United States,41.8821,-88.3295,21129
Covington,WA,United States,47.3648,-122.1046,21125
Luena,Moxico,Angola,-11.79,19.9,21115
Carrboro,NC,United States,35.9262,-79.087,21103
Trinidad,Flores,Uruguay,-33.544,-56.901,21093
South Lake Tahoe,CA,United States,38.9282,-119.981,21079
Marquette,MI,United States,46.5507,-87.3958,21079
Tavares,FL,United States,28.7659,-81.7564,21061
Ashland,OR,United States,42.1922,-122.6983,21061
Nzeto,Zaire,Angola,-7.2296,12.86,21059
Arnold,MO,United States,38.426,-90.3693,21059
Phayao,Phayao,Thailand,19.1707,99.9083,21058
Jauja,Junín,Peru,-11.7996,-75.5,21057
Omagh,Omagh,United Kingdom,54.6,-7.3,21056
Chascomús,Ciudad de Buenos Aires,Argentina,-35.5662,-58.0166,21054
Sotouboua,Centre,Togo,8.557,0.985,21054
South Burlington,VT,United States,44.4365,-73.1826,21043
Hays,KS,United States,38.8822,-99.3222,21040
St. Michael,MN,United States,45.1992,-93.6895,21034
Northfield,MN,United States,44.4556,-93.1703,21020
Germantown,WI,United States,43.2345,-88.125,21020
Culpeper,VA,United States,38.4703,-77.9998,21012
Mukilteo,WA,United States,47.913,-122.3023,21011
Secaucus,NJ,United States,40.782,-74.0676,21005
Tullahoma,TN,United States,35.3733,-86.2183,21001
Boralday,Almaty,Kazakhstan,43.3341,76.8288,20996
Gardner,MA,United States,42.5842,-71.9887,20974
Saco,ME,United States,43.528,-70.4196,20960
Camaná,Arequipa,Peru,-16.6196,-72.72,20956
Grayslake,IL,United States,42.3408,-88.0336,20954
Goulburn,New South Wales,Australia,-34.7496,149.7102,20940
Fort Walton Beach,FL,United States,30.4249,-86.6218,20925
Murphy,TX,United States,33.0164,-96.6082,20920
Frankfort,IL,United States,41.507,-87.871,20907
Rutana,Rutana,Burundi,-3.931,29.993,20893
Petrovsk Zabaykalskiy,Chita,Russia,51.2827,108.8327,20889
Zephyrhills,FL,United States,28.2407,-82.179,20883
Okahandja,Otjozondjupa,Namibia,-21.9796,16.91,20879
Gamboma,Plateaux,Congo (Brazzaville),-1.8795,15.85,20877
Impfondo,Likouala,Congo (Brazzaville),1.6404,18.04,20859
Mount Pleasant,MI,United States,43.5967,-84.776,20859
Maralal,Rift Valley,Kenya,1.1105,36.68,20841
Orange Walk,Orange Walk,Belize,18.0904,-88.56,20835
Penzance,Cornwall,United Kingdom,50.1337,-5.55,20812
East Moline,IL,United States,41.5199,-90.3879,20806
Corner Brook,Newfoundland and Labrador,Canada,48.95,-57.9333,20791
Elko,NV,United States,40.8381,-115.7678,20785
Howard,WI,United States,44.5686,-88.0717,20775
Park Forest,IL,United States,41.4817,-87.6868,20763
Ulundi,KwaZulu-Natal,South Africa,-28.3296,31.41,20753
San Felipe,Baja California,Mexico,31.0241,-114.8496,20750
Piqua,OH,United States,40.1459,-84.2435,20747
Murrysville,PA,United States,40.4429,-79.6583,20745
Mill Creek,WA,United States,47.8652,-122.2106,20742
Baldwin,PA,United States,40.3806,-79.9452,20708
New Hope,MN,United States,45.0359,-93.3869,20705
Forest Lake,MN,United States,45.2508,-92.9669,20685
Maryborough,Queensland,Australia,-25.5491,152.7209,20678
South St. Paul,MN,United States,44.888,-93.0405,20664
Hyattsville,MD,United States,38.9612,-76.9549,20662
Greenfield,CA,United States,36.324,-121.2437,20634
Miandrivazo,Toliary,Madagascar,-19.5162,45.4666,20631
Val d'Or,Québec,Canada,48.1166,-77.7666,20625
Pleasantville,NJ,United States,39.3888,-74.5143,20613
Shelbyville,IN,United States,39.5453,-85.7795,20609
Painesville,OH,United States,41.7216,-81.2584,20605
Kawambwa,Luapula,Zambia,-9.7795,29.08,20589
Bartow,FL,United States,27.8868,-81.8218,20584
Krasnouralsk,Sverdlovsk,Russia,58.3515,60.0515,20571
Morristown,NJ,United States,40.7966,-74.4773,20571
Mbala,Northern,Zambia,-8.84,31.37,20570
Westbrook,ME,United States,43.7079,-70.3526,20564
Artashat,Ararat,Armenia,39.9539,44.5506,20562
Westminster,MD,United States,39.5797,-77.0084,20536
Harrison,NJ,United States,40.743,-74.1529,20520
Atoyac,Guerrero,Mexico,17.2,-100.43,20515
Komatipoort,Mpumalanga,South Africa,-25.4096,31.94,20508
Pittsburg,KS,United States,37.4126,-94.6983,20504
Lynn Haven,FL,United States,30.2336,-85.6369,20501
Ushtobe,Almaty,Kazakhstan,45.2653,77.97,20492
South Holland,IL,United States,41.5984,-87.6027,20483
Portland,TX,United States,27.889,-97.3316,20481
Alamo,TX,United States,26.181,-98.1175,20460
Gallup,NM,United States,35.5138,-108.7437,20451
Lockport,NY,United States,43.1695,-78.6958,20436
Parma Heights,OH,United States,41.3834,-81.7613,20431
Rolla,MO,United States,37.9459,-91.7612,20423
Dolton,IL,United States,41.6303,-87.5968,20410
Mo i Rana,Nordland,Norway,66.3166,14.1667,20409
Sulphur,LA,United States,30.2298,-93.3563,20400
Bururi,Bururi,Burundi,-3.9507,29.6166,20393
Louisville,CO,United States,39.9696,-105.1433,20390
Claremore,OK,United States,36.3146,-95.6083,20385
Bethany,OK,United States,35.5072,-97.6417,20369
Sweetwater,FL,United States,25.7844,-80.3871,20352
Chilecito,La Rioja,Argentina,-29.1655,-67.5,20343
Kingsland,GA,United States,30.8461,-81.7909,20343
Libertyville,IL,United States,42.2847,-87.9665,20332
New Glasgow,Nova Scotia,Canada,45.5833,-62.6333,20322
Somoto,Madriz,Nicaragua,13.476,-86.583,20316
Viljandi,Viljandi,Estonia,58.3639,25.59,20309
Sidney,OH,United States,40.2895,-84.1667,20309
Cañas,Guanacaste,Costa Rica,10.43,-85.1,20306
North Myrtle Beach,SC,United States,33.8229,-78.6999,20303
Durant,OK,United States,33.9952,-96.3925,20296
Knightdale,NC,United States,35.7917,-78.4965,20275
Golden,CO,United States,39.7425,-105.2106,20242
Adrian,MI,United States,41.8988,-84.0448,20238
Sligo,Sligo,Ireland,54.2671,-8.4833,20228
Punta Gorda,FL,United States,26.8978,-82.0658,20227
Lodwar,Rift Valley,Kenya,3.1304,35.57,20219
Highland,UT,United States,40.4276,-111.7956,20217
Salamanca,Coquimbo,Chile,-31.7796,-70.98,20214
Mebane,NC,United States,36.0817,-79.2767,20212
South Milwaukee,WI,United States,42.9126,-87.8623,20211
San Lorenzo,Esmeraldas,Ecuador,1.2704,-78.8601,20209
Manor,TX,United States,30.3542,-97.5583,20209
Angleton,TX,United States,29.1718,-95.4293,20206
Masterton,Manawatu-Wanganui,New Zealand,-40.9439,175.6456,20200
Vicksburg,MS,United States,32.322,-90.8816,20192
Musina,Limpopo,South Africa,-22.34,30.03,20191
Santa Fe Springs,CA,United States,33.9336,-118.0626,20174
Sesheke,Western,Zambia,-17.4695,24.3,20149
Republic,MO,United States,37.1686,-93.4131,20144
Cherepanovo,Novosibirsk,Russia,54.2336,83.3688,20125
Crest Hill,IL,United States,41.5744,-88.1133,20118
Palisades Park,NJ,United States,40.847,-73.9971,20102
Port Angeles,WA,United States,48.1192,-123.448,20101
Monroe,MI,United States,41.9166,-83.3843,20089
Kwinana,Western Australia,Australia,-32.2394,115.7702,20086
Fayetteville,GA,United States,33.4491,-84.4728,20083
Sand Springs,OK,United States,36.1365,-96.132,20075
Lynbrook,NY,United States,40.6579,-73.6742,20071
Zhosaly,Qyzylorda,Kazakhstan,45.4877,64.078,20065
Kasongo-Lunda,Bandundu,Congo (Kinshasa),-6.4796,16.83,20060
Rayevskiy,Bashkortostan,Russia,54.0674,54.9269,20060
Pita,Mamou,Guinea,11.08,-12.401,20052
Esquel,Chubut,Argentina,-42.9,-71.3166,20048
Sing Buri,Sing Buri,Thailand,14.887,100.401,20046
Universal City,TX,United States,29.552,-98.3076,20028
Auburndale,FL,United States,28.11,-81.7973,20011
Zemio,Haut-Mbomou,Central African Republic,5.0337,25.1333,20000
Puerto Natales,Magallanes y Antártica Chilena,Chile,-51.7183,-72.5117,20000
Hakha,Chin,Myanmar,22.65,93.6167,20000
Narvik,Nordland,Norway,68.3832,17.29,20000
Haiya,Red Sea,Sudan,18.3362,36.3842,20000
Muglad,South Kordofan,Sudan,11.0337,27.7333,19997
Tidjikdja,Tagant,Mauritania,18.55,-11.4166,19981
Kracheh,Krâchéh,Cambodia,12.469,106.024,19975
Burnie,Tasmania,Australia,-41.0666,145.9167,19972
Brigham City,UT,United States,41.5059,-112.0514,19970
Zachary,LA,United States,30.6644,-91.1658,19968
Sherwood,OR,United States,45.3595,-122.8424,19957
Kampong Thum,Kâmpóng Thum,Cambodia,12.712,104.889,19951
Crowley,TX,United States,32.5774,-97.3578,19932
Cocoa,FL,United States,28.3766,-80.7633,19930
Yeniseysk,Krasnoyarsk,Russia,58.4515,92.1565,19920
Cullman,AL,United States,34.1769,-86.8407,19913
Cyangugu,Western,Rwanda,-2.4796,28.9,19900
Harrisburg,NC,United States,35.3075,-80.6456,19883
Kebili,Kebili,Tunisia,33.69,8.971,19875
Phoenixville,PA,United States,40.1352,-75.5227,19871
Plattsburgh,NY,United States,44.692,-73.4583,19867
Ben Gardane,Médenine,Tunisia,33.1404,11.22,19843
Lexington,NC,United States,35.7972,-80.2743,19840
Forest Park,OH,United States,39.2862,-84.526,19839
Camacupa,Bié,Angola,-12.0196,17.47,19828
General Guemes,Salta,Argentina,-24.6666,-65.05,19828
Miamisburg,OH,United States,39.6309,-84.2707,19814
Tsetserleg,Arhangay,Mongolia,47.4769,101.4502,19812
Boone,NC,United States,36.2138,-81.6652,19811
Mpwapwa,Dodoma,Tanzania,-6.3496,36.48,19806
Mayfield Heights,OH,United States,41.5173,-81.4539,19793
Lomita,CA,United States,33.7933,-118.3175,19782
Erlanger,KY,United States,39.0394,-84.6001,19777
Mokena,IL,United States,41.5299,-87.8777,19759
Kavieng,New Ireland,Papua New Guinea,-2.5813,150.813,19728
Whitehall,OH,United States,39.969,-82.8839,19727
Sartell,MN,United States,45.6181,-94.2122,19726
Lebanon,OR,United States,44.531,-122.9081,19726
Itigi,Singida,Tanzania,-5.6996,34.48,19711
Oregon,OH,United States,41.656,-83.4383,19711
Naples,FL,United States,26.1505,-81.7953,19704
Nogales,AZ,United States,31.3619,-110.9348,19702
Babanusa,South Kordofan,Sudan,11.3334,27.8,19700
Canelones,Canelones,Uruguay,-34.538,-56.284,19698
Lake Zurich,IL,United States,42.195,-88.0877,19676
Warrensburg,MO,United States,38.7624,-93.7253,19673
Winder,GA,United States,33.9926,-83.7231,19669
Bikin,Khabarovsk,Russia,46.8203,134.2649,19659
West Chester,PA,United States,39.9599,-75.6054,19658
Yitulihe,Nei Mongol,China,50.6516,121.5167,19645
Seagoville,TX,United States,32.6534,-96.5451,19643
Makamba,Makamba,Burundi,-4.1333,29.8,19642
San Borja,El Beni,Bolivia,-14.8196,-66.85,19640
Allende,Coahuila,Mexico,28.33,-100.85,19636
Broadview Heights,OH,United States,41.3182,-81.6793,19634
Ammon,ID,United States,43.4717,-111.9603,19617
Atasu,Qaraghandy,Kazakhstan,48.6903,71.6499,19616
La Marque,TX,United States,29.3698,-94.9942,19605
Lackawanna,NY,United States,42.8184,-78.8328,19593
Levin,Manawatu-Wanganui,New Zealand,-40.6124,175.2772,19550
Santa Cruz Cabrália,Bahia,Brazil,-16.28,-39.03,19545
Sheridan,WY,United States,44.7962,-106.9642,19543
Lillehammer,Oppland,Norway,61.1333,10.5,19542
Holly Springs,GA,United States,34.1672,-84.4845,19540
La Cañada Flintridge,CA,United States,34.2097,-118.2001,19538
St. Marys,GA,United States,30.7542,-81.5726,19537
Durango,CO,United States,37.2654,-107.8782,19534
Mamaroneck,NY,United States,40.9365,-73.7261,19533
Johnstown,CO,United States,40.3072,-104.9112,19511
Conyers,GA,United States,33.6575,-83.9838,19505
Hawthorne,NJ,United States,40.957,-74.1586,19496
Springfield,TN,United States,36.4936,-86.8722,19494
Hermiston,OR,United States,45.8329,-119.2852,19489
Puerto Escondido,Oaxaca,Mexico,15.8592,-97.0659,19488
Springboro,OH,United States,39.5622,-84.2336,19475
Agoura Hills,CA,United States,34.1489,-118.7639,19474
Faranah,Faranah,Guinea,10.0404,-10.75,19469
Sin-Ni,P'yongan-namdo,North Korea,39.488,125.464,19463
Echuca,New South Wales,Australia,-36.1296,144.75,19457
Maumelle,AR,United States,34.8523,-92.4,19452
Oroville,CA,United States,39.4954,-121.5601,19449
Monroe,WA,United States,47.8598,-121.984,19447
Kayanza,Kayanza,Burundi,-2.9,29.5667,19443
Terrace,British Columbia,Canada,54.5,-128.5833,19443
North Battleford,Saskatchewan,Canada,52.7666,-108.2833,19440
Twinsburg,OH,United States,41.3226,-81.4431,19439
Harstad,Troms,Norway,68.7879,16.5156,19433
Mobaye,Basse-Kotto,Central African Republic,4.32,21.18,19431
Stuart,FL,United States,27.1953,-80.2441,19430
Point Pleasant,NJ,United States,40.0777,-74.0699,19429
Plainview,TX,United States,34.1911,-101.7235,19420
Kinston,NC,United States,35.2751,-77.5934,19411
Harvey,IL,United States,41.6076,-87.652,19397
Panama City Beach,FL,United States,30.2332,-85.8771,19393
Ypsilanti,MI,United States,42.2444,-83.6212,19393
Laï,Tandjilé,Chad,9.395,16.305,19382
Ivdel,Sverdlovsk,Russia,60.6936,60.4133,19379
Palestine,TX,United States,31.7545,-95.647,19372
Forest Park,GA,United States,33.6205,-84.3582,19368
Tchibanga,Nyanga,Gabon,-2.857,11.027,19365
Arvin,CA,United States,35.1944,-118.8306,19364
Orinda,CA,United States,37.8816,-122.1686,19364
Madisonville,KY,United States,37.341,-87.5035,19355
Lake Forest,IL,United States,42.2353,-87.8573,19354
Tinton Falls,NJ,United States,40.2663,-74.0961,19354
Siloam Springs,AR,United States,36.1846,-94.5315,19336
Chowchilla,CA,United States,37.1161,-120.242,19328
Devonport,Tasmania,Australia,-41.1927,146.3311,19317
Ayaviri,Callao,Peru,-14.8796,-70.6,19310
Dixon,CA,United States,38.4475,-121.8242,19309
Mzimba,Mzimba,Malawi,-11.9,33.6,19308
Oum Hadjer,Batha,Chad,13.3004,19.6833,19271
Tillabéri,Niamey,Niger,14.212,1.4531,19262
Roebourne,Western Australia,Australia,-20.7829,117.1333,19260
Bati,Amhara,Ethiopia,11.1837,40.0166,19260
Winchester,KY,United States,38.0024,-84.1906,19254
Seminole,FL,United States,27.8427,-82.7853,19252
Kos,Notio Aigaio,Greece,36.8937,27.2888,19244
Stillwater,MN,United States,45.0586,-92.8304,19240
Yellowknife,Northwest Territories,Canada,62.442,-114.397,19234
El Reno,OK,United States,35.5418,-97.9613,19216
Maitland,FL,United States,28.6296,-81.3729,19215
Uzhur,Krasnoyarsk,Russia,55.3292,89.8207,19212
Lumphat,Rôtânôkiri,Cambodia,13.507,106.981,19205
Polyarnyy,Murmansk,Russia,69.2052,33.4502,19200
Lakeway,TX,United States,30.355,-97.9863,19189
Central Point,OR,United States,42.3764,-122.9107,19171
Zapala,Neuqutn,Argentina,-38.9,-70.0667,19152
Brenham,TX,United States,30.1582,-96.3956,19142
Lumberton,NC,United States,34.6306,-79.0186,19121
Orange,TX,United States,30.1235,-93.7545,19108
Augusta,ME,United States,44.3349,-69.7342,19102
Albany,CA,United States,37.8907,-122.3181,19097
Bluffdale,UT,United States,40.4746,-111.9403,19090
Mumbwa,Central,Zambia,-14.9796,27.07,19086
Ferndale,MI,United States,42.4592,-83.1314,19083
Los Lunas,NM,United States,34.8009,-106.7887,19079
Sơn La,Son La,Vietnam,21.328,103.91,19054
Norwood,OH,United States,39.1605,-84.4536,19046
Sylvania,OH,United States,41.7104,-83.7102,19035
South El Monte,CA,United States,34.0504,-118.0484,19032
North Aurora,IL,United States,41.8087,-88.342,19022
Gautier,MS,United States,30.4062,-88.6593,19021
Onalaska,WI,United States,43.8897,-91.2044,19018
Dandeldhura,Mahakali,Nepal,29.3,80.6,19014
Arcata,CA,United States,40.8623,-124.075,19012
Evergreen Park,IL,United States,41.7213,-87.7013,19010
Ansonia,CT,United States,41.3442,-73.0698,19008
Clive,IA,United States,41.6132,-93.7979,19005
Liberal,KS,United States,37.0461,-100.9277,18999
Ocean Springs,MS,United States,30.4027,-88.7886,18997
Lansdale,PA,United States,40.2417,-75.2812,18978
Balcarce,Ciudad de Buenos Aires,Argentina,-37.8333,-58.25,18967
Viseu,Pará,Brazil,-1.1965,-46.14,18958
Powder Springs,GA,United States,33.8642,-84.682,18950
Elizabeth City,NC,United States,36.2942,-76.2378,18948
Fox Crossing,WI,United States,44.2236,-88.4791,18947
Mubende,Mubende,Uganda,0.5904,31.37,18936
Martinsburg,WV,United States,39.4578,-77.9782,18935
Contamana,Loreto,Peru,-7.34,-75.02,18921
West Mifflin,PA,United States,40.3577,-79.9054,18916
Eyl,Nugaal,Somalia,7.9833,49.8333,18904
Calhoun,GA,United States,34.4998,-84.9331,18900
Deerfield,IL,United States,42.1661,-87.8525,18884
Paraguarí,Paraguarí,Paraguay,-25.62,-57.16,18881
Acatlan,Puebla,Mexico,18.2,-98.05,18879
Hun,Al Jufrah,Libya,29.1167,15.9333,18878
Rutherford,NJ,United States,40.8203,-74.106,18852
Kimbe,West New Britain,Papua New Guinea,-5.55,150.143,18847
Shangdu,Nei Mongol,China,41.5494,113.5339,18831
Züünkharaa,Selenge,Mongolia,48.8666,106.4666,18830
Sonsón,Antioquia,Colombia,5.7166,-75.3166,18817
Prichard,AL,United States,30.7733,-88.1314,18816
Slyudyanka,Irkutsk,Russia,51.6538,103.6988,18809
Glenn Heights,TX,United States,32.5513,-96.8544,18793
Brownwood,TX,United States,31.7129,-98.9771,18790
Ashtarak,Aragatsotn,Armenia,40.3017,44.3592,18779
Nueva Imperial,La Araucanía,Chile,-38.74,-72.96,18777
Fort St. John,British Columbia,Canada,56.25,-120.8333,18776
Villamontes,Tarija,Bolivia,-21.2496,-63.5,18761
Embi,Aqtöbe,Kazakhstan,48.8268,58.1442,18760
Ceres,Goiás,Brazil,-15.3033,-49.6052,18759
Centralia,WA,United States,46.7221,-122.9709,18754
Ottawa,IL,United States,41.354,-88.8234,18752
Cumberland,MD,United States,39.6519,-78.7584,18751
Marshfield,WI,United States,44.6633,-90.1717,18736
Newburyport,MA,United States,42.8121,-70.8866,18731
Ashland,OH,United States,40.8671,-82.3152,18718
Villa Rica,GA,United States,33.7284,-84.9167,18703
Whakatane,Bay of Plenty,New Zealand,-37.9574,176.9828,18700
Lezhë,Lezhë,Albania,41.788,19.654,18695
Ellensburg,WA,United States,47.0012,-120.5496,18694
Sycamore,IL,United States,41.9967,-88.6776,18682
Oconomowoc,WI,United States,43.1004,-88.4927,18682
Mansa Konko,Lower River,The Gambia,13.3773,-15.6786,18672
Wisconsin Rapids,WI,United States,44.3929,-89.8267,18670
Lake St. Louis,MO,United States,38.7799,-90.7856,18661
Kavalerovo,Primor'ye,Russia,44.2702,135.0498,18657
San Jose,Escuintla,Guatemala,13.9397,-90.82,18655
Hermosa Beach,CA,United States,33.8698,-118.4053,18641
Mount Washington,KY,United States,38.0426,-85.556,18637
Wildwood,FL,United States,28.8058,-82.0073,18636
Altus,OK,United States,34.6571,-99.309,18635
Orodara,Kénédougou,Burkina Faso,10.974,-4.908,18632
Huanta,Ayacucho,Peru,-12.9496,-74.25,18627
Maitland,New South Wales,Australia,-32.721,151.555,18625
Red Oak,TX,United States,32.5096,-96.784,18624
Vanino,Khabarovsk,Russia,49.0873,140.2425,18618
Cranbrook,British Columbia,Canada,49.5167,-115.7667,18610
Cholpon Ata,Ysyk-Köl,Kyrgyzstan,42.6513,77.0811,18595
Molde,Møre og Romsdal,Norway,62.7483,7.1833,18594
Brookfield,IL,United States,41.8251,-87.8475,18591
Hinche,Centre,Haiti,19.143,-72.004,18590
Firestone,CO,United States,40.1557,-104.9486,18589
Hopkins,MN,United States,44.9251,-93.4045,18589
Thomasville,GA,United States,30.8394,-83.9788,18558
Homewood,IL,United States,41.5594,-87.662,18540
Heber,UT,United States,40.5417,-111.3874,18533
Eloy,AZ,United States,32.7413,-111.594,18528
Pinole,CA,United States,38.0017,-122.3185,18481
Luau,Moxico,Angola,-10.7095,22.23,18465
Nara,Bamako,Mali,15.18,-7.28,18459
Richmond Hill,GA,United States,31.9,-81.311,18459
Creve Coeur,MO,United States,38.662,-90.443,18457
West Richland,WA,United States,46.3138,-119.3878,18456
Pinehurst,NC,United States,35.1911,-79.4698,18449
Lijiang,Yunnan,China,26.8,100.2666,18445
Coronado,CA,United States,32.6576,-117.1565,18437
Dover,NJ,United States,40.8856,-74.5592,18435
Kyakhta,Buryat,Russia,50.3527,106.4527,18431
Round Lake,IL,United States,42.3432,-88.1021,18430
Colonial Heights,VA,United States,37.2617,-77.3968,18393
Weirton,WV,United States,40.4063,-80.5656,18386
Mount Holly,NC,United States,35.3144,-81.0066,18373
Shorewood,IL,United States,41.5175,-88.2152,18369
Santiago Ixcuintla,Nayarit,Mexico,21.82,-105.22,18365
Farmington,MO,United States,37.7825,-90.4273,18362
Graham,NC,United States,36.0564,-79.3894,18354
Bensenville,IL,United States,41.958,-87.9438,18352
Pataskala,OH,United States,40.0198,-82.7199,18346
Winthrop Town,MA,United States,42.3755,-70.9706,18319
Tallmadge,OH,United States,41.1061,-81.4248,18317
West Columbia,SC,United States,33.9901,-81.0994,18316
Mchinji,Mchinji,Malawi,-13.8,32.9,18305
Charata,Chaco,Argentina,-27.2163,-61.2,18297
Coolidge,AZ,United States,32.9336,-111.5236,18293
Matteson,IL,United States,41.5089,-87.746,18293
Lobos,Ciudad de Buenos Aires,Argentina,-35.1849,-59.0947,18278
Buford,GA,United States,34.1186,-83.9886,18273
Tindouf,Tindouf,Algeria,27.6742,-8.1478,18270
Bua Yai,Nakhon Ratchasima,Thailand,15.584,102.4186,18269
Albert Lea,MN,United States,43.6543,-93.3641,18269
Niles,OH,United States,41.1878,-80.7531,18256
Newton,KS,United States,38.0377,-97.345,18251
Arroyo Grande,CA,United States,35.1241,-120.5845,18243
Hernando,MS,United States,34.8496,-89.9924,18239
Lenoir,NC,United States,35.9077,-81.5248,18238
Dumont,NJ,United States,40.9452,-73.9924,18234
Logansport,IN,United States,40.7481,-86.3547,18233
Traralgon,Victoria,Australia,-38.1996,146.53,18226
Kédougou,Tambacounda,Senegal,12.5604,-12.18,18226
Cohoes,NY,United States,42.7729,-73.7078,18206
Alsip,IL,United States,41.6703,-87.7371,18198
Murray Bridge,South Australia,Australia,-35.1296,139.26,18194
Calera,AL,United States,33.1223,-86.7456,18189
Middelburg,Eastern Cape,South Africa,-31.5,25.01,18164
Fairmont,WV,United States,39.4769,-80.1491,18155
Kiruna,Norrbotten,Sweden,67.85,20.2166,18154
McAlester,OK,United States,34.9261,-95.7736,18140
Diego de Almagro,Atacama,Chile,-26.3696,-70.05,18137
Hassi Messaoud,Ouargla,Algeria,31.7023,6.0545,18124
Nederland,TX,United States,29.9693,-94.0017,18118
Gainesville,TX,United States,33.6386,-97.1484,18107
Sevierville,TN,United States,35.8897,-83.5799,18102
Abaza,Khakass,Russia,52.669,90.0954,18094
Amsterdam,NY,United States,42.9416,-74.1906,18093
Murray,KY,United States,36.6142,-88.3221,18086
Menasha,WI,United States,44.2123,-88.4274,18069
Steubenville,OH,United States,40.3663,-80.6571,18064
Brook Park,OH,United States,41.4043,-81.8203,18063
Pinecrest,FL,United States,25.6652,-80.3049,18051
Blythe,CA,United States,33.6535,-114.6218,18045
Norcross,GA,United States,33.9374,-84.2056,18043
Bourbonnais,IL,United States,41.183,-87.8785,18042
Muramvya,Muramvya,Burundi,-3.261,29.612,18041
Keetmanshoop,Karas,Namibia,-26.5739,18.13,18039
Mao,Kanem,Chad,14.1194,15.3133,18031
Manchester,MO,United States,38.583,-90.5064,18012
Anacortes,WA,United States,48.4887,-122.624,18012
Aberdeen,MD,United States,39.5164,-76.1745,18006
White Settlement,TX,United States,32.7551,-97.4607,18005
Youngsville,LA,United States,30.0958,-91.9965,18002
Minneola,FL,United States,28.6023,-81.7295,18001
Requena,Loreto,Peru,-5.0696,-73.91,18000
Anoka,MN,United States,45.2144,-93.3916,17996
Ferguson,MO,United States,38.7488,-90.2958,17996
Cary,IL,United States,42.2121,-88.2496,17977
Kirsanov,Tambov,Russia,52.6574,42.7174,17975
Hope Mills,NC,United States,34.97,-78.9606,17973
Port Alfred,Eastern Cape,South Africa,-33.5995,26.88,17959
Johnstown,PA,United States,40.3261,-78.9191,17950
Port Orchard,WA,United States,47.5384,-122.6324,17950
Canby,OR,United States,45.2651,-122.6884,17944
Kurtamysh,Kurgan,Russia,54.9087,64.4333,17936
Pô,Nahouri,Burkina Faso,11.169,-1.135,17924
Berea,OH,United States,41.3705,-81.8618,17922
Nguigmi,Diffa,Niger,14.2532,13.1108,17897
Edmundston,New Brunswick,Canada,47.3794,-68.3333,17894
Trenton,MI,United States,42.1401,-83.1929,17891
Bellwood,IL,United States,41.8829,-87.8762,17890
Anxi,Gansu,China,40.5004,95.8,17886
Southbridge Town,MA,United States,42.0597,-72.0339,17880
Franklin Park,IL,United States,41.936,-87.8792,17871
Sovetsk,Kirov,Russia,57.5785,48.9581,17869
Clemson,SC,United States,34.6836,-82.8106,17838
Troy,AL,United States,31.802,-85.9671,17836
Kukës,Kukës,Albania,42.083,20.434,17832
Shelbyville,KY,United States,38.2068,-85.2306,17804
Streetsboro,OH,United States,41.2396,-81.3459,17796
Rancho Mirage,CA,United States,33.7638,-116.4304,17795
Ashtabula,OH,United States,41.8795,-80.7985,17785
Obock,Obock,Djibouti,11.9734,43.2856,17776
Palos Hills,IL,United States,41.7007,-87.8253,17759
Mount Dora,FL,United States,28.8133,-81.6334,17756
Scarsdale,NY,United States,40.9936,-73.7772,17747
Dzuunmod,Töv,Mongolia,47.711,106.947,17738
Aurora,OH,United States,41.3068,-81.3365,17717
New Port Richey,FL,United States,28.2466,-82.7175,17708
Morganton,NC,United States,35.7408,-81.7003,17708
Cudahy,WI,United States,42.9467,-87.864,17706
Ashburton,Canterbury,New Zealand,-43.8983,171.7486,17700
Sunland Park,NM,United States,31.8236,-106.6003,17689
South Ogden,UT,United States,41.1722,-111.9577,17678
Frederick,CO,United States,40.1059,-104.9745,17676
Zongo,Cquateur,Congo (Kinshasa),4.3303,18.615,17667
Đông Hà,Qu?ng Tr?,Vietnam,16.85,107.1333,17662
Dallas,OR,United States,44.9221,-123.3129,17644
East St. Louis,IL,United States,38.6164,-90.1305,17642
Bitam,Wouleu-Ntem,Gabon,2.0837,11.4834,17637
North Canton,OH,United States,40.8741,-81.3971,17637
Miahuatlán,Oaxaca,Mexico,16.33,-96.6,17632
Greenfield,MA,United States,42.6147,-72.5971,17628
Peto,Yucatán,Mexico,20.13,-88.92,17607
Tiffin,OH,United States,41.1149,-83.1805,17603
Zaysan,East Kazakhstan,Kazakhstan,47.4752,84.8598,17600
Godfrey,IL,United States,38.9529,-90.2225,17597
Forster-Tuncurry,New South Wales,Australia,-32.1931,152.5266,17591
Tougan,Sourou,Burkina Faso,13.069,-3.07,17590
Eldama Ravine,Rift Valley,Kenya,0.0504,35.72,17581
Grovetown,GA,United States,33.4498,-82.208,17580
Alice,TX,United States,27.7556,-98.0658,17579
Lemont,IL,United States,41.6672,-87.982,17575
Bay City,TX,United States,28.9835,-95.9599,17561
La Paz,La Paz,Honduras,14.32,-87.684,17555
Portsmouth,OH,United States,38.7534,-82.9495,17555
Pakwach,Nebbi,Uganda,2.4704,31.48,17541
Santaquin,UT,United States,39.9699,-111.7944,17532
Kaukauna,WI,United States,44.2768,-88.2639,17493
Ilam,Mechi,Nepal,26.908,87.926,17491
Boulsa,Namentenga,Burkina Faso,12.657,-0.569,17489
Karokh,Hirat,Afghanistan,34.4868,62.5918,17484
Kirksville,MO,United States,40.1982,-92.5746,17483
Morton,IL,United States,40.6137,-89.4668,17469
Takoma Park,MD,United States,38.9803,-77.0023,17464
Clayton,MO,United States,38.6444,-90.3302,17461
Bugt,Nei Mongol,China,48.7838,121.9334,17457
Same,Kilimanjaro,Tanzania,-4.0696,37.72,17455
New Philadelphia,OH,United States,40.4865,-81.4402,17440
25 de Mayo,RRo Negro,Argentina,-37.8,-67.6833,17430
Goodlettsville,TN,United States,36.333,-86.7042,17429
Broken Hill,New South Wales,Australia,-31.95,141.4331,17395
Danville,KY,United States,37.6393,-84.776,17383
Coalinga,CA,United States,36.1331,-120.339,17369
Millbrook,AL,United States,32.5015,-86.3739,17367
Eldorado,Misiones,Argentina,-26.2,-54.6,17365
Eldorado,Sinaloa,Mexico,24.3305,-107.37,17365
Eastlake,OH,United States,41.6566,-81.4291,17363
Tifton,GA,United States,31.4621,-83.5205,17357
St. Matthews,KY,United States,38.2493,-85.6378,17356
Bulgan,Bulgan,Mongolia,48.8106,103.5317,17348
Mehtar Lam,Laghman,Afghanistan,34.65,70.1667,17345
Stafford,TX,United States,29.6257,-95.5657,17338
Taylor,TX,United States,30.572,-97.4304,17337
New Castle,IN,United States,39.9198,-85.3701,17329
Vero Beach,FL,United States,27.6472,-80.3931,17317
Amesbury Town,MA,United States,42.8513,-70.9558,17303
Hinsdale,IL,United States,41.8007,-87.9282,17297
Loikaw,Kayah,Myanmar,19.665,97.206,17293
Pendleton,OR,United States,45.6756,-118.8197,17289
Cortland,NY,United States,42.6009,-76.1791,17276
Manvel,TX,United States,29.4854,-95.3623,17261
Lebanon,IN,United States,40.0331,-86.4482,17252
Cañon City,CO,United States,38.4419,-105.2209,17241
Kerman,CA,United States,36.725,-120.0625,17238
Jacksonville,IL,United States,39.7292,-90.2322,17237
Kangaba,Bamako,Mali,11.9404,-8.44,17232
Easton,MD,United States,38.7763,-76.0705,17225
Stallings,NC,United States,35.1103,-80.6601,17212
Muscle Shoals,AL,United States,34.7427,-87.6338,17210
Natchitoches,LA,United States,31.7348,-93.1009,17195
Fillmore,CA,United States,34.399,-118.9175,17190
Laconia,NH,United States,43.5765,-71.4823,17142
Pallasovka,Volgograd,Russia,50.0477,46.8773,17139
Wixom,MI,United States,42.5228,-83.5302,17134
McKeesport,PA,United States,40.3419,-79.845,17132
Norwalk,OH,United States,41.2446,-82.6089,17130
Dutse,Jigawa,Nigeria,11.7992,9.3503,17129
Bloemhof,North West,South Africa,-27.6496,25.59,17122
Wadi Halfa,Northern,Sudan,21.8,31.35,17121
Cahokia Heights,IL,United States,38.5721,-90.1553,17114
Addison,TX,United States,32.9637,-96.8338,17100
Wayne,MI,United States,42.2769,-83.3881,17078
Makokou,Ogooué-Ivindo,Gabon,0.5671,12.8666,17070
Plast,Chelyabinsk,Russia,54.3685,60.8085,17050
Defiance,OH,United States,41.281,-84.3658,17043
Truckee,CA,United States,39.3505,-120.1939,17039
Charleston,IL,United States,39.4838,-88.1779,17028
Gretna,LA,United States,29.9109,-90.0517,17026
Oswego,NY,United States,43.4581,-76.5037,17022
Härnösand,Västernorrland,Sweden,62.634,17.934,17016
Bellaire,TX,United States,29.704,-95.4609,17016
Aberdeen,WA,United States,46.9752,-123.8114,17014
Monte Cristi,Monte Cristi,Dominican Republic,19.867,-71.65,17001
Vila Real,Vila Real,Portugal,41.294,-7.737,17001
Ambriz,Bengo,Angola,-7.855,13.125,17000
Nevelsk,Sakhalin,Russia,46.6803,141.8699,17000
Laguna Woods,CA,United States,33.6121,-117.7303,16998
Huntington,IN,United States,40.8808,-85.5055,16992
Long Beach,MS,United States,30.3545,-89.1627,16991
Ihosy,Fianarantsoa,Madagascar,-22.3996,46.1167,16990
Ashwaubenon,WI,United States,44.4794,-88.0875,16986
Washougal,WA,United States,45.5828,-122.3464,16985
Piñas,El Oro,Ecuador,-3.67,-79.65,16981
Laurel,MS,United States,31.6951,-89.145,16979
El Cayo,Cayo,Belize,17.156,-89.061,16977
Fort Thomas,KY,United States,39.0824,-84.4571,16973
Radford,VA,United States,37.1201,-80.5591,16971
Lady Lake,FL,United States,28.9198,-81.9328,16967
Safety Harbor,FL,United States,28.0063,-82.6978,16955
Albemarle,NC,United States,35.3581,-80.1912,16936
River Falls,WI,United States,44.8604,-92.6253,16935
Carmelo,Colonia,Uruguay,-33.9896,-58.3,16921
Zaghouan,Zaghouan,Tunisia,36.4,10.147,16911
Ngara,Kagera,Tanzania,-2.4695,30.65,16890
New Milford,NJ,United States,40.9342,-74.0195,16889
El Dorado,AR,United States,33.219,-92.6641,16869
Bella Vista,Amambay,Paraguay,-22.1296,-56.52,16852
Marion,IL,United States,37.7344,-88.9412,16852
Gulf Shores,AL,United States,30.2758,-87.7013,16850
Belle Glade,FL,United States,26.6922,-80.6656,16840
Hannibal,MO,United States,39.7102,-91.394,16838
Tahlequah,OK,United States,35.9105,-94.9777,16833
Massapequa Park,NY,United States,40.6809,-73.4497,16826
Waterville,ME,United States,44.5453,-69.6614,16823
Tôlanaro,Toliary,Madagascar,-25.0268,46.99,16818
Bristol,VA,United States,36.617,-82.1576,16807
Karratha,Western Australia,Australia,-20.7304,116.87,16796
Longwood,FL,United States,28.7014,-81.3484,16794
Marib,Ma'rib,Yemen,15.421,45.334,16794
Fairview Park,OH,United States,41.442,-81.853,16785
Donna,TX,United States,26.161,-98.0389,16782
Jasper,IN,United States,38.3932,-86.9406,16781
Mikumi,Morogoro,Tanzania,-7.3996,36.98,16780
Chelsea,AL,United States,33.309,-86.6351,16771
Groves,TX,United States,29.946,-93.9167,16764
Apodi,Rio Grande do Norte,Brazil,-5.65,-37.8,16757
Red Wing,MN,United States,44.5813,-92.605,16756
Chickasha,OK,United States,35.0405,-97.9472,16745
Dickson,TN,United States,36.0633,-87.3688,16744
Mossel Bay,Western Cape,South Africa,-34.17,22.13,16743
Mercedes,TX,United States,26.1538,-97.9129,16732
Payson,AZ,United States,34.2438,-111.319,16731
Bellevue,WI,United States,44.4608,-87.9559,16730
Southern Pines,NC,United States,35.1904,-79.3959,16728
Morombe,Toliary,Madagascar,-21.7391,43.3657,16727
Ham Lake,MN,United States,45.2539,-93.1948,16726
Lake Mary,FL,United States,28.7591,-81.3328,16709
Mountain Home,ID,United States,43.1318,-115.6967,16703
Hewitt,TX,United States,31.4512,-97.1933,16691
Grandville,MI,United States,42.9005,-85.7521,16682
Lake Wales,FL,United States,27.9207,-81.5995,16681
Puerto López,Meta,Colombia,4.09,-72.96,16678
Poronaysk,Sakhalin,Russia,49.2416,143.085,16677
Selma,AL,United States,32.417,-87.0357,16666
Fairburn,GA,United States,33.5478,-84.5873,16661
Menomonie,WI,United States,44.8892,-91.9096,16642
Moncks Corner,SC,United States,33.1998,-79.9866,16621
Ada,OK,United States,34.7679,-96.6691,16611
Grain Valley,MO,United States,39.015,-94.2164,16609
Queenstown,Otago,New Zealand,-45.0227,168.7251,16600
Vincennes,IN,United States,38.6766,-87.51,16588
Crawfordsville,IN,United States,40.0419,-86.8976,16577
Beckley,WV,United States,37.7731,-81.1616,16576
Hanover,PA,United States,39.8118,-76.9836,16573
Bellinzona,Ticino,Switzerland,46.197,9.02,16572
Sulphur Springs,TX,United States,33.1431,-95.6147,16564
Akureyri,Akureyri,Iceland,65.6666,-18.1,16563
Kamenka,Penza,Russia,53.1947,44.0444,16560
Mattoon,IL,United States,39.4778,-88.3622,16560
Mount Vernon,OH,United States,40.3862,-82.484,16551
Lynden,WA,United States,48.9499,-122.4548,16551
Moraga,CA,United States,37.8457,-122.1232,16547
Pampa,TX,United States,35.5479,-100.965,16543
Buffalo,MN,United States,45.1795,-93.864,16541
Beaver Dam,WI,United States,43.4681,-88.8309,16531
Centerville,UT,United States,40.9263,-111.8833,16517
Loganville,GA,United States,33.8365,-83.8961,16516
Hugo,MN,United States,45.1642,-92.9601,16501
Havelock,NC,United States,34.9089,-76.8995,16500
Niceville,FL,United States,30.5288,-86.476,16490
Milledgeville,GA,United States,33.0879,-83.2406,16486
Cuilapa,Santa Rosa,Guatemala,14.279,-90.298,16484
Mulanje,Mulanje,Malawi,-16.0333,35.5,16483
Clearlake,CA,United States,38.96,-122.6332,16481
Marsabit,Eastern,Kenya,2.33,37.98,16460
El Segundo,CA,United States,33.9104,-118.4251,16445
Santa Lucía,Canelones,Uruguay,-34.47,-56.4,16438
Saraland,AL,United States,30.8546,-88.1098,16435
Madison,NJ,United States,40.758,-74.4178,16432
Hayden,ID,United States,47.7685,-116.8012,16422
Frankfort,IN,United States,40.281,-86.5213,16409
Rivière-du-Loup,Québec,Canada,47.8333,-69.5333,16403
Ntungamo,Ntungamo,Uganda,-0.8794,30.2642,16400
Dajabón,Dajabón,Dominican Republic,19.548,-71.705,16398
Collipulli,La Araucanía,Chile,-37.96,-72.43,16392
Karema,Rukwa,Tanzania,-6.8162,30.4333,16385
Sabaneta,Santiago Rodríguez,Dominican Republic,19.505,-71.345,16380
North Arlington,NJ,United States,40.7863,-74.1262,16370
Gawler,South Australia,Australia,-34.6074,138.7264,16362
Grimes,IA,United States,41.6778,-93.8023,16362
Chubbuck,ID,United States,42.9262,-112.4625,16362
Manassas Park,VA,United States,38.7694,-77.4423,16361
La Vista,NE,United States,41.1818,-96.0682,16346
Kupina,Novosibirsk,Russia,54.3592,77.2742,16333
Star,ID,United States,43.7,-116.4898,16333
Dyer,IN,United States,41.4978,-87.509,16333
Butha-Buthe,Leribe,Lesotho,-28.75,28.25,16330
Bridgeview,IL,United States,41.7403,-87.8066,16324
Gobabis,Omaheke,Namibia,-22.455,18.963,16321
Vienna,VA,United States,38.8986,-77.2583,16306
Pewaukee,WI,United States,43.0661,-88.2445,16293
Port Royal,SC,United States,32.3554,-80.7003,16287
San Martín,Meta,Colombia,3.6904,-73.69,16273
Santissima Trindade,Mato Grosso,Brazil,-15.0,-59.95,16271
Sunnyside,WA,United States,46.3157,-120.0058,16264
Humble,TX,United States,29.9882,-95.2644,16237
Koulamoutou,Ogooué-Lolo,Gabon,-1.1329,12.4833,16222
Griffith,IN,United States,41.5276,-87.4239,16222
Marco Island,FL,United States,25.932,-81.7048,16210
Hueytown,AL,United States,33.4086,-87.0166,16202
Rye,NY,United States,40.9447,-73.6864,16202
Xaignabouri,Xaignabouri,Laos,19.2505,101.7501,16200
Sparti,Peloponnisos,Greece,37.0737,22.4297,16187
Huarmey,Ancash,Peru,-10.0696,-78.16,16172
Horqueta,Concepción,Paraguay,-23.3396,-57.05,16171
Canyon,TX,United States,34.9903,-101.919,16171
Compostela,Nayarit,Mexico,21.2304,-104.9,16162
San Francisco Gotera,Morazán,El Salvador,13.7,-88.1,16152
Gatesville,TX,United States,31.4387,-97.746,16148
Dispur,Assam,India,26.144,91.7666,16140
Poplar Bluff,MO,United States,36.7633,-90.414,16132
Fairview Heights,IL,United States,38.5953,-90.0047,16125
Highland Village,TX,United States,33.0897,-97.0615,16100
Warsaw,IN,United States,41.2461,-85.8485,16097
Gardendale,AL,United States,33.6766,-86.8098,16096
Westchester,IL,United States,41.8492,-87.8906,16094
Nyahanga,Mwanza,Tanzania,-2.3829,33.55,16092
Sikeston,MO,United States,36.885,-89.5874,16085
Ukiah,CA,United States,39.1466,-123.2103,16072
Ripon,CA,United States,37.742,-121.1304,16068
Cedar Lake,IN,United States,41.3723,-87.442,16068
San Gabriel,Carchi,Ecuador,0.61,-77.84,16066
Fonte Boa,Amazonas,Brazil,-2.5138,-66.0916,16060
Mount Pleasant,TX,United States,33.1579,-94.9732,16055
Nikolayevsk,Volgograd,Russia,50.0161,45.4261,16044
Indianola,IA,United States,41.363,-93.5655,16043
Ilave,Callao,Peru,-16.0796,-69.67,16033
Easthampton Town,MA,United States,42.2654,-72.6708,16031
Buda,TX,United States,30.0804,-97.8557,16030
Country Club Hills,IL,United States,41.5635,-87.7254,16013
Dublin,GA,United States,32.5355,-82.9288,16008
Berea,KY,United States,37.5893,-84.2945,15998
Nieuw Nickerie,Nickerie,Suriname,5.9504,-56.99,15992
Ferndale,WA,United States,48.8526,-122.5886,15992
Live Oak,TX,United States,29.5554,-98.34,15988
Hibbing,MN,United States,47.3959,-92.9465,15979
New Haven,IN,United States,41.0679,-85.0163,15974
Weston,WI,United States,44.8912,-89.5497,15969
Elkton,MD,United States,39.6058,-75.8217,15968
Dyersburg,TN,United States,36.0468,-89.378,15968
Bodaybo,Irkutsk,Russia,57.965,114.329,15933
South River,NJ,United States,40.4457,-74.3785,15931
Monroe,GA,United States,33.7975,-83.7187,15929
Hermitage,PA,United States,41.2296,-80.4407,15923
Hartford,WI,United States,43.3225,-88.3777,15894
Floral Park,NY,United States,40.722,-73.7028,15879
Hartselle,AL,United States,34.4404,-86.9404,15875
Palmview,TX,United States,26.2319,-98.3816,15874
Nikel,Murmansk,Russia,69.4126,30.2188,15866
Scottsboro,AL,United States,34.6446,-86.0482,15863
Lilburn,GA,United States,33.8906,-84.1369,15862
Grosse Pointe Woods,MI,United States,42.4393,-82.899,15854
Derzhavinsk,Aqmola,Kazakhstan,51.1021,66.3075,15848
Williamsburg,VA,United States,37.2695,-76.7082,15847
Washington,IL,United States,40.7064,-89.4335,15833
Cliza,Cochabamba,Bolivia,-17.59,-65.93,15816
Verona,WI,United States,42.9901,-89.5389,15815
Andover,KS,United States,37.6872,-97.1308,15814
Fremont,OH,United States,41.353,-83.1156,15812
Bay Village,OH,United States,41.4878,-81.9289,15810
Camrose,Alberta,Canada,53.0167,-112.8166,15808
South Houston,TX,United States,29.661,-95.2284,15808
Baruun-Urt,Sühbaatar,Mongolia,46.7,113.2833,15805
Opa-locka,FL,United States,25.9,-80.2552,15794
The Dalles,OR,United States,45.5984,-121.1524,15786
Greeneville,TN,United States,36.168,-82.8197,15776
Yoro,Yoro,Honduras,15.06,-87.29,15774
Jefferson,GA,United States,34.1362,-83.6022,15756
Bemidji,MN,United States,47.487,-94.8827,15743
Jackson,MO,United States,37.3799,-89.6541,15742
Westbury,NY,United States,40.7599,-73.5892,15739
Troutdale,OR,United States,45.5392,-122.3927,15717
Traverse City,MI,United States,44.7543,-85.603,15707
Center Point,AL,United States,33.6439,-86.6846,15705
Americus,GA,United States,32.0744,-84.2228,15703
Jamestown,ND,United States,46.9059,-98.6936,15691
Santiago Tuxtla,Veracruz,Mexico,18.4704,-95.3,15681
Kodinskiy,Krasnoyarsk,Russia,58.6981,99.1777,15670
Gornyak,Altay,Russia,50.9881,81.4877,15668
La Grange,IL,United States,41.8072,-87.8741,15667
Thibodaux,LA,United States,29.7949,-90.8146,15646
Newton,IA,United States,41.6963,-93.0405,15645
Villa Hayes,Presidente Hayes,Paraguay,-25.09,-57.53,15643
Douglas,AZ,United States,31.3993,-109.5413,15638
Yankton,SD,United States,42.8898,-97.3927,15630
Rutland,VT,United States,43.6097,-72.9778,15630
Whitewater,WI,United States,42.8374,-88.7343,15627
Mitchell,SD,United States,43.7271,-98.0422,15621
Dedza,Dedza,Malawi,-14.3667,34.3333,15608
At Bashy,Naryn,Kyrgyzstan,41.1725,75.7968,15601
Monroe,OH,United States,39.446,-84.3658,15600
Artesia,CA,United States,33.8676,-118.0806,15597
Middleburg Heights,OH,United States,41.3699,-81.8135,15597
St. Augustine,FL,United States,29.8962,-81.3111,15596
Coos Bay,OR,United States,43.3811,-124.2326,15595
Loncoche,La Araucanía,Chile,-39.37,-72.63,15590
Portalegre,Portalegre,Portugal,39.29,-7.423,15581
Carthage,MO,United States,37.1506,-94.3279,15556
Viana Do Castelo,Viana do Castelo,Portugal,41.6962,-8.8441,15555
Pimentel,Lambayeque,Peru,-6.8296,-79.93,15552
Pembroke,Québec,Canada,45.8503,-77.1166,15551
Braselton,GA,United States,34.1076,-83.8129,15538
Monte Plata,Monte Plata,Dominican Republic,18.807,-69.784,15532
Satipo,Junín,Peru,-11.26,-74.69,15532
Belmont,NC,United States,35.2213,-81.0411,15515
Aarau,Aargau,Switzerland,47.39,8.034,15501
Overland,MO,United States,38.6959,-90.3683,15496
Clarksburg,WV,United States,39.2703,-80.3618,15489
Hudson,WI,United States,44.9639,-92.7303,15473
Chainat,Chai Nat,Thailand,15.179,100.126,15469
Hendersonville,NC,United States,35.3243,-82.4563,15466
Río Bueno,Los Ríos,Chile,-40.34,-72.96,15456
Griffith,New South Wales,Australia,-34.29,146.04,15455
Shively,KY,United States,38.1988,-85.8139,15455
Mineral Wells,TX,United States,32.8235,-98.0788,15454
Washington,MO,United States,38.5519,-91.0155,15450
Kuala Lipis,Pahang,Malaysia,4.184,102.042,15448
Villa Unión,Sinaloa,Mexico,23.2,-106.23,15443
Herisau,Appenzell Ausserrhoden,Switzerland,47.3833,9.2833,15438
Batavia,NY,United States,42.9986,-78.1808,15437
Nolensville,TN,United States,35.9571,-86.6719,15437
Uvalde,TX,United States,29.2152,-99.7772,15436
Lebanon,MO,United States,37.6721,-92.6597,15429
Kérouané,Kankan,Guinea,9.2704,-9.02,15406
Burrel,Dibër,Albania,41.626,20.016,15405
Brunswick,GA,United States,31.1361,-81.4669,15404
Front Royal,VA,United States,38.925,-78.1834,15400
Nyunzu,Katanga,Congo (Kinshasa),-5.9496,28.0167,15397
Asbury Park,NJ,United States,40.2229,-74.0102,15391
Opelousas,LA,United States,30.5249,-92.0817,15390
Mount Clemens,MI,United States,42.5981,-82.8815,15378
Nerchinsk,Chita,Russia,52.009,116.5486,15360
Kulunda,Altay,Russia,52.5827,78.9473,15345
Lebanon,NH,United States,43.6354,-72.2538,15342
White House,TN,United States,36.4649,-86.6685,15340
Prospect Heights,IL,United States,42.1037,-87.929,15334
Eden,NC,United States,36.503,-79.74,15332
Cardenas,San Luis Potosí,Mexico,22.0,-99.67,15331
Oneonta,NY,United States,42.4548,-75.0669,15331
Phillipsburg,NJ,United States,40.692,-75.179,15328
Junín,Junín,Peru,-11.1496,-76.01,15320
Lockhart,TX,United States,29.8788,-97.6833,15318
Glasgow,KY,United States,37.0048,-85.9259,15313
Rio Grande City,TX,United States,26.381,-98.8215,15311
Arlington,TN,United States,35.2525,-89.6611,15305
Zamora,Zamora Chinchipe,Ecuador,-4.0696,-78.97,15276
Grantsville,UT,United States,40.6113,-112.4691,15267
Udachny,Sakha (Yakutia),Russia,66.4232,112.3965,15266
Takéo,Tak,Cambodia,10.9838,104.7833,15264
Bradley,IL,United States,41.1642,-87.8451,15263
Tessenei,Gash Barka,Eritrea,15.1104,36.6575,15255
Vyazemskiy,Khabarovsk,Russia,47.5328,134.7475,15247
São Gabriel da Cachoeira,Amazonas,Brazil,-0.1332,-67.0833,15231
Belmopan,Cayo,Belize,17.252,-88.7671,15220
Daru,,Papua New Guinea,-9.1092,143.2337,15214
Greenwood Village,CO,United States,39.6159,-104.9117,15205
Cambridge,Waikato,New Zealand,-37.8894,175.4703,15192
Tenafly,NJ,United States,40.9183,-73.9505,15178
Manga,Zoundwéogo,Burkina Faso,11.662,-1.065,15173
Yorkton,Saskatchewan,Canada,51.2171,-102.4665,15172
Waunakee,WI,United States,43.1829,-89.4453,15152
Sarandë,Vlorë,Albania,39.877,20.0,15147
Lüderitz,Karas,Namibia,-26.648,15.1594,15137
Santa Bárbara,Santa Bárbara,Honduras,14.919,-88.236,15119
West Park,FL,United States,25.9787,-80.181,15109
Dixon,IL,United States,41.8448,-89.4765,15096
Dalandzadgad,Ömnögovi,Mongolia,43.5836,104.4403,15093
Davenport,FL,United States,28.1612,-81.6108,15068
Havre de Grace,MD,United States,39.5466,-76.1136,15032
La Palma,CA,United States,33.8506,-118.0396,15029
Warrenville,IL,United States,41.821,-88.1875,15027
Ridgefield,WA,United States,45.8116,-122.7055,15027
Beacon,NY,United States,41.5032,-73.9647,15025
Franklin Park,PA,United States,40.5921,-80.0987,15024
Laurinburg,NC,United States,34.7621,-79.4774,15021
Chaghcharan,Ghor,Afghanistan,34.5167,65.25,15000
Paro,Thimphu,Bhutan,27.4294,89.4168,15000
Kok Yangak,Jalal-Abad,Kyrgyzstan,41.0307,73.2058,15000
Ramechhap,Janakpur,Nepal,27.326,86.087,15000
Bhimphedi,Narayani,Nepal,27.551,85.13,15000
Salyan,Rapti,Nepal,28.35,82.1833,15000
Gikongoro,Southern,Rwanda,-2.4833,29.5667,15000
Chaguaramas,Anzoztegui,Venezuela,9.336,-66.2545,15000
Dallas,GA,United States,33.9165,-84.8408,14985
Cornelius,OR,United States,45.5189,-123.051,14981
Metuchen,NJ,United States,40.5424,-74.3628,14977
Tsumeb,Oshikoto,Namibia,-19.24,17.71,14959
Highland Park,NJ,United States,40.5008,-74.4279,14959
Fort Payne,AL,United States,34.4573,-85.6894,14957
Izamal,Yucatán,Mexico,20.9304,-89.0201,14954
Alexandria,MN,United States,45.8772,-95.377,14943
Vandalia,OH,United States,39.879,-84.1922,14938
Bredasdorp,Western Cape,South Africa,-34.5295,20.03,14936
Berkley,MI,United States,42.4986,-83.1853,14934
Orange City,FL,United States,28.9373,-81.2833,14928
Fairview,NJ,United States,40.8211,-74.003,14927
Tecuala,Nayarit,Mexico,22.4004,-105.46,14921
Kenmore,NY,United States,42.9646,-78.8713,14916
Swift Current,Saskatchewan,Canada,50.2837,-107.7666,14906
Tonawanda,NY,United States,43.0119,-78.8834,14899
Harper Woods,MI,United States,42.439,-82.9293,14895
Mariestad,Västra Götaland,Sweden,58.705,13.828,14891
Depew,NY,United States,42.9118,-78.7044,14891
Johnson City,NY,United States,42.1253,-75.9634,14874
Norwalk,IA,United States,41.4837,-93.6955,14873
Henderson,NC,United States,36.326,-78.4149,14857
Chegdomyn,Khabarovsk,Russia,51.1178,133.0241,14855
Solothurn,Solothurn,Switzerland,47.212,7.537,14853
Macomb,IL,United States,40.4701,-90.6831,14849
Peshkopi,Dibër,Albania,41.6833,20.4333,14848
Gloversville,NY,United States,43.0492,-74.3458,14843
Antioch,IL,United States,42.4772,-88.0671,14833
Oldsmar,FL,United States,28.0484,-82.6713,14831
Monticello,MN,United States,45.2979,-93.7983,14831
Boulder City,NV,United States,35.8438,-114.9116,14828
Urzhar,East Kazakhstan,Kazakhstan,47.1002,81.6048,14826
Iowa Colony,TX,United States,29.4411,-95.4238,14823
Hazel Park,MI,United States,42.4619,-83.0977,14808
Nuuk,Kommuneqarfik Sermersooq,Greenland,64.1983,-51.7327,14798
Hammonton,NJ,United States,39.6608,-74.767,14797
West University Place,TX,United States,29.7154,-95.4316,14791
Talladega,AL,United States,33.4318,-86.0995,14768
Pacific Grove,CA,United States,36.6226,-121.9264,14757
Hereford,TX,United States,34.8226,-102.4002,14752
Tamuín,San Luis Potosí,Mexico,21.9804,-98.75,14748
Castle Pines,CO,United States,39.4625,-104.8706,14747
Ijevan,Tavush,Armenia,40.8756,45.1492,14737
Shiloh,IL,United States,38.552,-89.9151,14736
Athens,TN,United States,35.4568,-84.6045,14731
Smithfield,UT,United States,41.8355,-111.8275,14726
Öndörkhaan,Hentiy,Mongolia,47.3167,110.65,14723
Prince Rupert,British Columbia,Canada,54.3167,-130.33,14708
San Ramon,Junín,Peru,-11.1296,-75.34,14708
Ramsey,NJ,United States,41.0613,-74.147,14706
Hutchinson,MN,United States,44.8854,-94.3769,14701
Shepherdsville,KY,United States,37.9814,-85.702,14691
Falls Church,VA,United States,38.8847,-77.1756,14685
Jacksonville,AL,United States,33.8101,-85.7552,14682
Edgewater,NJ,United States,40.8246,-73.9738,14678
Hidalgo,TX,United States,26.1089,-98.2462,14678
Covington,GA,United States,33.6054,-83.8466,14677
Riverdale,GA,United States,33.5639,-84.411,14672
Roanoke Rapids,NC,United States,36.446,-77.6486,14669
Abong Mbang,Est,Cameroon,3.9837,13.1833,14661
Chesterton,IN,United States,41.5998,-87.055,14657
Chippewa Falls,WI,United States,44.9347,-91.3892,14656
Livingston,CA,United States,37.3873,-120.7249,14643
Gouré,Zinder,Niger,13.9874,10.27,14639
Tecpan,Guerrero,Mexico,17.25,-100.68,14638
Hopatcong,NJ,United States,40.9516,-74.6624,14622
Norridge,IL,United States,41.9637,-87.8232,14620
Huron,SD,United States,44.3623,-98.2096,14618
Whitehall,PA,United States,40.3602,-79.9898,14615
Deming,NM,United States,32.2631,-107.7525,14603
Greensburg,PA,United States,40.3112,-79.5444,14603
Somerton,AZ,United States,32.6018,-114.6963,14594
Troy,MO,United States,38.97,-90.9675,14591
Reidsville,NC,United States,36.3413,-79.6738,14585
Owosso,MI,United States,42.9953,-84.1758,14581
Moultrie,GA,United States,31.1794,-83.7908,14565
Brainerd,MN,United States,46.3553,-94.1984,14563
Azle,TX,United States,32.8955,-97.5392,14562
Bosobolo,Équateur,Congo (Kinshasa),4.1904,19.88,14553
Whitefish Bay,WI,United States,43.1131,-87.9005,14553
Broussard,LA,United States,30.1408,-91.9561,14543
Ust' Ordynskiy,Ust-Orda Buryat,Russia,52.833,104.7,14538
Chatham,IL,United States,39.6745,-89.6933,14525
Harrison,WI,United States,44.1922,-88.2941,14524
Davidson,NC,United States,35.4807,-80.8209,14521
Kiboga,Kiboga,Uganda,0.9161,31.7742,14512
Morris,IL,United States,41.3802,-88.4243,14508
Sterling,IL,United States,41.7997,-89.6959,14508
Glens Falls,NY,United States,43.3112,-73.6453,14507
Vineyard,UT,United States,40.3051,-111.7548,14500
Worthington,OH,United States,40.0969,-83.0202,14497
Powell,OH,United States,40.1677,-83.0816,14491
Swansea,IL,United States,38.5518,-89.9875,14472
Greendale,WI,United States,42.94,-88.0009,14472
Alexander City,AL,United States,32.9167,-85.9406,14470
Port Wentworth,GA,United States,32.192,-81.2057,14468
Middlesex,NJ,United States,40.5746,-74.4983,14461
Circleville,OH,United States,39.6012,-82.9325,14452
Gwanda,Matabeleland South,Zimbabwe,-20.9396,29.01,14450
Jasper,AL,United States,33.8511,-87.2683,14448
Coldwater,MI,United States,41.946,-84.9993,14439
St. Helens,OR,United States,45.8568,-122.8163,14437
Fraser,MI,United States,42.5376,-82.9467,14434
Gabú,Gabú,Guinea Bissau,12.28,-14.234,14430
Ascension,Santa Cruz,Bolivia,-15.6996,-63.08,14429
Parlier,CA,United States,36.609,-119.5436,14426
Bainbridge,GA,United States,30.9062,-84.5727,14423
Beech Grove,IN,United States,39.7157,-86.087,14422
Nioro du Sahel,Kayes,Mali,15.2304,-9.59,14421
Jacksonville,TX,United States,31.9595,-95.2657,14420
Key Biscayne,FL,United States,25.6907,-80.1656,14414
Red Bluff,CA,United States,40.1735,-122.2415,14413
Washington Court House,OH,United States,39.5379,-83.4278,14412
Port Antonio,Portland,Jamaica,18.159,-76.38,14400
Wendell,NC,United States,35.7682,-78.3641,14400
Tórshavn,Eysturoyar,Faroe Islands,62.03,-6.82,14398
Clarkston,GA,United States,33.8135,-84.2418,14396
Basse Santa Su,Upper River,The Gambia,13.31,-14.223,14380
Great Bend,KS,United States,38.3598,-98.7995,14372
Kingston,Tasmania,Australia,-42.9911,147.3084,14371
Salem Lakes,WI,United States,42.5365,-88.1332,14367
Abadla,BZchar,Algeria,31.0171,-2.7333,14364
Livingston,Izabal,Guatemala,15.8307,-88.7562,14350
Glenpool,OK,United States,35.9495,-96.0068,14349
Ozark,AL,United States,31.4516,-85.645,14346
Lindenhurst,IL,United States,42.4171,-88.0264,14339
Scottsbluff,NE,United States,41.8681,-103.662,14305
Elizabethton,TN,United States,36.3396,-82.2378,14302
Coronel Bogado,Itapga,Paraguay,-27.17,-56.25,14297
Alausí,Chimborazo,Ecuador,-2.19,-78.85,14294
Dumas,TX,United States,35.862,-101.965,14291
Indiana,PA,United States,40.622,-79.1553,14289
Port Hedland,Western Australia,Australia,-20.3104,118.606,14288
Corinth,MS,United States,34.9484,-88.5136,14259
Mount Vernon,IL,United States,38.3142,-88.9175,14247
Ballina,New South Wales,Australia,-28.8614,153.568,14242
Chota,Cajamarca,Peru,-6.5496,-78.65,14240
Maridi,West Equatoria,South Sudan,4.9151,29.4769,14224
Kouroussa,Kankan,Guinea,10.653,-9.892,14223
Fergus Falls,MN,United States,46.285,-96.0761,14214
El Daba,Matruh,Egypt,31.0338,28.4333,14212
Kaoma,Western,Zambia,-14.7796,24.8,14212
Collingswood,NJ,United States,39.9153,-75.0784,14204
Tomball,TX,United States,30.0951,-95.6197,14201
Destin,FL,United States,30.4044,-86.4714,14188
Dunmore,PA,United States,41.414,-75.6063,14186
Schwyz,Schwyz,Switzerland,47.02,8.648,14177
Williams Lake,British Columbia,Canada,52.1166,-122.15,14168
Brooks,Alberta,Canada,50.5671,-111.9,14163
Juan Aldama,Zacatecas,Mexico,24.2904,-103.39,14162
Speedway,IN,United States,39.7937,-86.2475,14157
Forest Hill,TX,United States,32.6619,-97.2662,14157
Lakeland,TN,United States,35.2628,-89.725,14147
Boutilimit,Trarza,Mauritania,17.5504,-14.7,14142
Channahon,IL,United States,41.4253,-88.2666,14138
Añatuya,Santiago del Estero,Argentina,-28.4661,-62.8333,14133
Shilka,Chita,Russia,51.8706,116.0306,14132
Lumberton,TX,United States,30.255,-94.208,14129
Willowick,OH,United States,41.6343,-81.4679,14123
Somerville,NJ,United States,40.5697,-74.6077,14112
Plover,WI,United States,44.462,-89.538,14110
East Wenatchee,WA,United States,47.4175,-120.2838,14102
Sironko,Budadiri,Uganda,1.25,34.3,14100
Florham Park,NJ,United States,40.776,-74.3943,14092
North Mankato,MN,United States,44.1827,-94.0411,14091
Maqat,Atyrau,Kazakhstan,47.6482,53.3265,14082
Weddington,NC,United States,35.0221,-80.7354,14080
Avenal,CA,United States,36.0311,-120.1162,14075
Grass Valley,CA,United States,39.2203,-121.0527,14074
Bellefontaine,OH,United States,40.3628,-83.763,14073
Lone Tree,CO,United States,39.5309,-104.871,14063
Beach Park,IL,United States,42.4423,-87.8754,14057
Tega Cay,SC,United States,35.0393,-81.0106,14057
McFarland,CA,United States,35.6673,-119.2307,14049
Çorovodë,Berat,Albania,40.5167,20.2333,14046
Pineville,LA,United States,31.3429,-92.4089,14034
Lamphun,Lamphun,Thailand,18.503,99.074,14030
Wangaratta,Victoria,Australia,-36.36,146.3,14022
Chinsali,Northern,Zambia,-10.5496,32.06,14015
Lewisville,NC,United States,36.1052,-80.4246,14002
Newcastle,OK,United States,35.2424,-97.5953,14001
Koundara,Boke,Guinea,12.48,-13.296,13990
Robbinsdale,MN,United States,45.0245,-93.3306,13968
Federal Heights,CO,United States,39.865,-105.0153,13943
Natchez,MS,United States,31.5424,-91.3856,13933
Roselle Park,NJ,United States,40.6653,-74.2666,13932
New Ulm,MN,United States,44.3121,-94.4689,13925
Pell City,AL,United States,33.5603,-86.2636,13924
King City,CA,United States,36.2163,-121.132,13917
McPherson,KS,United States,38.3699,-97.6645,13906
Marshall,MN,United States,44.4491,-95.7892,13906
Port Augusta,South Australia,Australia,-32.49,137.77,13897
Wauconda,IL,United States,42.277,-88.1353,13891
Auburn,IN,United States,41.3676,-85.055,13888
Hickory Hills,IL,United States,41.7248,-87.828,13884
Kinkala,Pool,Congo (Brazzaville),-4.356,14.762,13882
Sharonville,OH,United States,39.2806,-84.4075,13882
Richmond,New South Wales,Australia,-33.5995,150.74,13880
Pierre,SD,United States,44.3752,-100.32,13880
Glen Carbon,IL,United States,38.7582,-89.9831,13868
Box Elder,SD,United States,44.1109,-103.0811,13868
College Park,GA,United States,33.6414,-84.4635,13867
South Sioux City,NE,United States,42.463,-96.4132,13856
Bedford,IN,United States,38.8602,-86.4895,13855
Guapi,Cauca,Colombia,2.5604,-77.86,13853
Clarksdale,MS,United States,34.1938,-90.5686,13850
Brecksville,OH,United States,41.3072,-81.6199,13850
Beaufort,SC,United States,32.4581,-80.7225,13850
Allouez,WI,United States,44.4723,-88.0262,13839
Chicago Ridge,IL,United States,41.7034,-87.7795,13834
Bardstown,KY,United States,37.8177,-85.4553,13832
Kem,Karelia,Russia,64.9536,34.5684,13829
Fruita,CO,United States,39.1556,-108.7296,13816
Chino Valley,AZ,United States,34.7399,-112.4061,13815
Singleton,New South Wales,Australia,-32.5695,151.16,13813
Wilkinsburg,PA,United States,40.4442,-79.8733,13813
Newport,KY,United States,39.0861,-84.4869,13812
Dardenne Prairie,MO,United States,38.7411,-90.7154,13803
California City,CA,United States,35.1466,-117.8693,13802
Mwinilunga,North-Western,Zambia,-11.7396,24.44,13798
Mill Valley,CA,United States,37.9081,-122.5423,13792
McMinnville,TN,United States,35.6863,-85.7812,13790
Quesnel,British Columbia,Canada,52.9837,-122.4833,13788
New Franklin,OH,United States,40.9543,-81.5849,13788
South Daytona,FL,United States,29.1662,-81.0055,13781
Sauk Rapids,MN,United States,45.5947,-94.1527,13775
Wood Dale,IL,United States,41.9663,-87.9809,13774
Martinsville,VA,United States,36.6835,-79.8636,13763
Trenton,OH,United States,39.4788,-84.4664,13758
Lake Elmo,MN,United States,44.9878,-92.9097,13756
Bandarbeyla,Bari,Somalia,9.4833,50.8167,13753
Waconia,MN,United States,44.8415,-93.7901,13742
Ang Thong,Ang Thong,Thailand,14.5833,100.45,13738
Zareh Sharan,Paktika,Afghanistan,32.85,68.4167,13737
Gonzales,LA,United States,30.2127,-90.9224,13737
Beachwood,OH,United States,41.4763,-81.5032,13734
Mapleton,UT,United States,40.1188,-111.5742,13732
Thompson,Manitoba,Canada,55.7499,-97.8666,13727
Woodinville,WA,United States,47.7577,-122.1468,13718
Waycross,GA,United States,31.211,-82.3577,13714
Lamas,San Martín,Peru,-6.43,-76.52,13693
Motupe,Lambayeque,Peru,-6.15,-79.71,13681
Midlothian,IL,United States,41.6254,-87.7242,13675
Swellendam,Western Cape,South Africa,-34.0196,20.43,13674
Saint Ann's Bay,Saint Ann,Jamaica,18.4326,-77.1995,13671
Trophy Club,TX,United States,32.9925,-97.173,13666
Seabrook,TX,United States,29.5947,-94.9915,13662
Callaway,FL,United States,30.1304,-85.5486,13661
Forest Park,IL,United States,41.8684,-87.8157,13660
Ephrata,PA,United States,40.1809,-76.1802,13660
Cayce,SC,United States,33.9505,-81.0398,13660
Auburn,CA,United States,38.8951,-121.0767,13658
Marion,AR,United States,35.2042,-90.2067,13654
Olean,NY,United States,42.0839,-78.4351,13650
Bongaree,Queensland,Australia,-27.0787,153.1509,13649
Fernandina Beach,FL,United States,30.6581,-81.4515,13647
Marshall,MO,United States,39.1151,-93.2025,13642
Lyndhurst,OH,United States,41.5169,-81.4948,13641
Pedreiras,Maranh,Brazil,-4.5696,-44.67,13638
Maumee,OH,United States,41.5711,-83.6663,13633
Port Lincoln,South Australia,Australia,-34.7332,135.8666,13630
Rogers,MN,United States,45.1838,-93.5717,13617
Worthington,MN,United States,43.6287,-95.5997,13614
Mar de Ajó,Ciudad de Buenos Aires,Argentina,-36.7162,-56.6766,13610
Shorewood,WI,United States,43.0913,-87.8867,13603
Moody,AL,United States,33.6034,-86.4938,13595
Frias,Santiago del Estero,Argentina,-28.6496,-65.15,13594
Port Neches,TX,United States,29.9608,-93.9618,13591
Portland,TN,United States,36.5975,-86.5266,13578
Palmetto,FL,United States,27.5251,-82.575,13577
Chañaral,Atacama,Chile,-26.3481,-70.6215,13543
Irondale,AL,United States,33.5399,-86.6591,13526
Kilgore,TX,United States,32.3967,-94.86,13523
Steamboat Springs,CO,United States,40.4756,-106.8229,13508
Esil,Aqmola,Kazakhstan,51.957,66.3775,13504
Athens,TX,United States,32.2026,-95.8308,13503
Andrews,TX,United States,32.3213,-102.5518,13502
Vicuña,Coquimbo,Chile,-30.0295,-70.74,13496
Eatontown,NJ,United States,40.2916,-74.0541,13496
New Providence,NJ,United States,40.6989,-74.4066,13488
Cajabamba,Cajamarca,Peru,-7.6196,-78.04,13486
Snoqualmie,WA,United States,47.5432,-121.8686,13465
Henderson,TX,United States,32.1573,-94.7959,13464
San Carlos,Nicaragua,Nicaragua,11.1894,-84.7759,13451
Festus,MO,United States,38.2194,-90.4097,13443
Mbulu,Arusha,Tanzania,-3.8496,35.53,13430
Washington,PA,United States,40.1742,-80.2468,13429
Golyshmanovo,Tyumen',Russia,56.3819,68.3715,13424
Greenwood,MS,United States,33.5125,-90.199,13421
Chitipa,Chitipa,Malawi,-9.7162,33.2666,13412
Harrison,AR,United States,36.2426,-93.1176,13409
Blue Ash,OH,United States,39.2461,-84.3868,13408
New Carrollton,MD,United States,38.9656,-76.8775,13405
Faya Largeau,Bet,Chad,17.9167,19.1167,13400
Newton,NC,United States,35.6622,-81.2323,13399
Bollnäs,Gävleborg,Sweden,61.352,16.3666,13398
Luganville,Sanma,Vanuatu,-15.5126,167.1766,13397
Hawaiian Gardens,CA,United States,33.8305,-118.0735,13396
Muisne,Esmeraldas,Ecuador,0.61,-80.02,13393
Warrensville Heights,OH,United States,41.4372,-81.5218,13388
Mariental,Hardap,Namibia,-24.6196,17.9599,13380
Joaquín V. González,Salta,Argentina,-25.0833,-64.1834,13376
Superior,CO,United States,39.9312,-105.1591,13361
Pottsville,PA,United States,40.6799,-76.2092,13355
East Cleveland,OH,United States,41.5307,-81.5785,13352
Tokoroa,Waikato,New Zealand,-38.2245,175.8705,13350
Alcoa,TN,United States,35.807,-83.973,13349
Dolbeau,Québec,Canada,48.8666,-72.2333,13337
Kingston,PA,United States,41.2648,-75.8866,13331
Neosho,MO,United States,36.8475,-94.3977,13328
Miami Springs,FL,United States,25.8202,-80.2889,13325
Webb City,MO,United States,37.1411,-94.4676,13325
Sault Ste. Marie,MI,United States,46.4762,-84.3705,13320
Harrison,OH,United States,39.2566,-84.7862,13320
Kirensk,Irkutsk,Russia,57.7857,108.1119,13308
Connersville,IN,United States,39.658,-85.1417,13298
Moberly,MO,United States,39.4181,-92.4365,13296
Western Springs,IL,United States,41.8023,-87.9006,13290
Milford,DE,United States,38.9098,-75.4223,13289
D'Iberville,MS,United States,30.4435,-88.8954,13286
Greenville,WI,United States,44.2841,-88.5473,13286
Spearfish,SD,United States,44.4921,-103.8197,13282
South Charleston,WV,United States,38.3408,-81.7108,13281
Orangeburg,SC,United States,33.4936,-80.8669,13280
Mountain Home,AR,United States,36.3351,-92.384,13278
Smyrna,DE,United States,39.2953,-75.6087,13277
Coatesville,PA,United States,39.9852,-75.819,13275
Manchester,TN,United States,35.4641,-86.0729,13272
Edgewood,WA,United States,47.2321,-122.2857,13257
Englewood,OH,United States,39.8651,-84.3095,13249
Berthoud,CO,United States,40.2847,-104.9655,13238
Soddy-Daisy,TN,United States,35.2616,-85.1721,13234
Suamico,WI,United States,44.6267,-88.033,13225
Clayton,OH,United States,39.8695,-84.3254,13222
Paso de los Toros,Tacuarembó,Uruguay,-32.81,-56.51,13221
Broome,Western Australia,Australia,-17.9618,122.2308,13218
Endicott,NY,United States,42.0975,-76.0634,13211
Beeville,TX,United States,28.4052,-97.7489,13211
Beyla,Nzerekore,Guinea,8.687,-8.657,13204
University Heights,OH,United States,41.4948,-81.5349,13203
Namanga,Rift Valley,Kenya,-2.5396,36.8,13193
Liberty Lake,WA,United States,47.6685,-117.1042,13188
Atlantic Beach,FL,United States,30.3396,-81.3967,13182
Cambridge,MD,United States,38.5541,-76.0771,13176
Uyar,Krasnoyarsk,Russia,55.8104,94.3153,13167
Eisenstadt,Burgenland,Austria,47.8333,16.5333,13165
Loveland,OH,United States,39.2677,-84.2688,13156
Tayynsha,North Kazakhstan,Kazakhstan,53.8481,69.7638,13148
Woodland Park,NJ,United States,40.8899,-74.1944,13138
Jerome,ID,United States,42.7181,-114.5158,13135
Ridgefield Park,NJ,United States,40.8547,-74.0199,13135
Lewisburg,TN,United States,35.4516,-86.7907,13135
Qulan,Zhambyl,Kazakhstan,42.9204,72.705,13128
Cottonwood,AZ,United States,34.7508,-111.984,13124
Bloomsburg,PA,United States,41.0027,-76.4566,13112
Claremont,NH,United States,43.3865,-72.3345,13111
Butler,PA,United States,40.8616,-79.8962,13099
North Palm Beach,FL,United States,26.8203,-80.0569,13095
Eureka,MO,United States,38.4985,-90.6454,13092
Marietta,OH,United States,39.4232,-81.4464,13090
Holly Hill,FL,United States,29.2456,-81.047,13075
Lincoln,IL,United States,40.1507,-89.3703,13072
Dabola,Faranah,Guinea,10.748,-11.109,13057
Guerrero Negro,Baja California Sur,Mexico,27.9904,-114.17,13054
Whitestown,IN,United States,39.9717,-86.3717,13049
Lake Station,IN,United States,41.5767,-87.2529,13047
Stoughton,WI,United States,42.9238,-89.2225,13044
Fostoria,OH,United States,41.1602,-83.4124,13039
Macará,Loja,Ecuador,-4.3796,-79.95,13035
Menongue,Cuando Cubango,Angola,-14.6666,17.7,13030
Fountain Inn,SC,United States,34.6966,-82.2021,13027
Kingsburg,CA,United States,36.5252,-119.5666,13013
La Grange Park,IL,United States,41.8308,-87.8723,13011
Lake Forest Park,WA,United States,47.7589,-122.2917,13006
Oamaru,Otago,New Zealand,-45.1092,170.9948,13000
Kumi,Kumi,Uganda,1.4608,33.9361,13000
Union,MO,United States,38.4379,-90.9958,13000
Muynoq,Karakalpakstan,Uzbekistan,43.7683,59.0214,13000
Blackfoot,ID,United States,43.1946,-112.3468,12999
Mandeville,LA,United States,30.3767,-90.1011,12999
Champasak,Champasak,Laos,14.8833,105.8667,12994
Robinson,TX,United States,31.4515,-97.1229,12987
Dover,OH,United States,40.53,-81.481,12985
Santa Fe,TX,United States,29.3876,-95.1015,12980
La Grande,OR,United States,45.3245,-118.0869,12973
Sterling,CO,United States,40.6205,-103.1926,12954
Sandy,OR,United States,45.3981,-122.2688,12946
Sedro-Woolley,WA,United States,48.5114,-122.2321,12940
Uyuni,Potosí,Bolivia,-20.46,-66.83,12939
Grand Terrace,CA,United States,34.0311,-117.3131,12939
Amherst,OH,United States,41.4053,-82.2317,12928
El Dorado,KS,United States,37.8216,-96.8622,12919
Glendale,WI,United States,43.1261,-87.9272,12919
Las Vegas,NM,United States,35.6048,-105.217,12905
Kisoro,Kisoro,Uganda,-1.3539,29.6983,12900
Lisburn,Dungannon,United Kingdom,54.5204,-6.67,12899
Branson,MO,United States,36.6123,-93.2918,12897
Tierra Amarilla,Atacama,Chile,-27.48,-70.28,12888
Obo,Haut-Mbomou,Central African Republic,5.4,26.5,12887
Chilca,Lima,Peru,-12.5196,-76.74,12884
Minooka,IL,United States,41.4476,-88.2842,12879
Canton,IL,United States,40.5639,-90.0366,12875
West Carrollton,OH,United States,39.6697,-84.2555,12874
Lincolnwood,IL,United States,42.0054,-87.733,12872
Miami,OK,United States,36.8877,-94.8709,12866
Camabatela,Cuanza Norte,Angola,-8.1896,15.37,12837
Jennings,MO,United States,38.7231,-90.2644,12836
Liestal,Basel-Landschaft,Switzerland,47.483,7.737,12832
Horsham,Victoria,Australia,-36.7096,142.19,12830
Vicente Guerrero,Baja California,Mexico,30.7641,-116.0093,12829
Carpinteria,CA,United States,34.3852,-119.5008,12828
Richmond,TX,United States,29.5809,-95.7613,12816
Los Lagos,Los R,Chile,-39.8495,-72.83,12813
Sharon,PA,United States,41.234,-80.4998,12813
Bexley,OH,United States,39.9654,-82.9345,12785
Garden City,ID,United States,43.6683,-116.2944,12784
Mounds View,MN,United States,45.1067,-93.2068,12782
Powell River,British Columbia,Canada,49.8837,-124.55,12779
Rochester,MI,United States,42.6866,-83.1197,12779
Red Bank,NJ,United States,40.3487,-74.0665,12779
Hazel Crest,IL,United States,41.5742,-87.6893,12771
Bedford,OH,United States,41.3921,-81.5347,12767
Kamuli,Kamuli,Uganda,0.9472,33.1197,12764
Port Washington,WI,United States,43.3849,-87.8841,12763
Newcastle,WA,United States,47.5315,-122.1656,12761
Diébougou,Bougouriba,Burkina Faso,10.952,-3.248,12732
Emeryville,CA,United States,37.8385,-122.3017,12732
Bubanza,Bubanza,Burundi,-3.0833,29.3667,12728
Ziniaré,Oubritenga,Burkina Faso,12.577,-1.293,12703
Enumclaw,WA,United States,47.2022,-121.989,12697
Greenville,OH,United States,40.1047,-84.6214,12696
Librazhd,Elbasan,Albania,41.2,20.3667,12691
Susanville,CA,United States,40.4337,-120.6283,12689
Ottawa,KS,United States,38.6001,-95.2628,12686
Oakland,NJ,United States,41.031,-74.2405,12680
Plano,IL,United States,41.6804,-88.5363,12676
Solana Beach,CA,United States,32.9913,-117.2581,12675
Marysville,CA,United States,39.1515,-121.5834,12674
Uglegorsk,Sakhalin,Russia,49.0833,142.0333,12669
St. Ann,MO,United States,38.7266,-90.3872,12658
Sunchales,Santa Fe,Argentina,-30.9329,-61.5666,12655
Garbahaarey,Gedo,Somalia,3.327,42.227,12652
Crossville,TN,United States,35.9534,-85.0302,12652
Byram,MS,United States,32.1921,-90.287,12651
Kelso,WA,United States,46.1168,-122.8865,12648
Mogocha,Chita,Russia,53.7333,119.7666,12647
Palos Verdes Estates,CA,United States,33.7743,-118.4258,12646
Carencro,LA,United States,30.3126,-92.0387,12639
Poquoson,VA,United States,37.1284,-76.3035,12635
Vadnais Heights,MN,United States,45.0579,-93.0665,12632
Tovuz,Tovuz,Azerbaijan,40.9922,45.6289,12626
Granbury,TX,United States,32.4328,-97.7751,12622
Cheney,WA,United States,47.4911,-117.5815,12620
Wickliffe,OH,United States,41.6063,-81.468,12616
Big Lake,MN,United States,45.3424,-93.743,12610
Grafton,WI,United States,43.3207,-87.9476,12608
Gig Harbor,WA,United States,47.3384,-122.6008,12604
Lake City,FL,United States,30.1886,-82.6422,12602
Wilmington,OH,United States,39.4291,-83.8162,12600
West Plains,MO,United States,36.7374,-91.868,12598
Blytheville,AR,United States,35.9341,-89.9051,12594
Larkspur,CA,United States,37.9405,-122.5302,12589
Barcelos,Amazonas,Brazil,-0.975,-62.9239,12584
Florida City,FL,United States,25.4441,-80.4677,12582
Pago Pago,,American Samoa,-14.2766,-170.7066,12576
North St. Paul,MN,United States,45.0135,-93.0018,12574
Haddonfield,NJ,United States,39.8954,-75.0344,12571
Cloquet,MN,United States,46.7251,-92.5013,12570
Woodhaven,MI,United States,42.1345,-83.2351,12559
Baraboo,WI,United States,43.4694,-89.7373,12554
Brown Deer,WI,United States,43.1743,-87.975,12553
Grover Beach,CA,United States,35.1209,-120.6197,12547
West Monroe,LA,United States,32.5123,-92.1511,12535
Mendota,CA,United States,36.7576,-120.3805,12530
Levelland,TX,United States,33.5815,-102.3641,12530
Cedarburg,WI,United States,43.2999,-87.9884,12527
Washington,IN,United States,38.6582,-87.1604,12513
Belgrade,MT,United States,45.7787,-111.1771,12509
Port Pirie,South Australia,Australia,-33.1911,137.99,12506
Paradise Valley,AZ,United States,33.5522,-111.9613,12502
San Anselmo,CA,United States,37.9821,-122.5699,12498
Lindsay,CA,United States,36.2091,-119.0933,12496
Isla Mujeres,Quintana Roo,Mexico,21.2084,-86.7115,12491
Calbuco,Los Lagos,Chile,-41.7522,-73.1416,12490
Forrest City,AR,United States,35.0136,-90.7932,12490
Camp Verde,AZ,United States,34.5694,-111.857,12489
Gaffney,SC,United States,35.0736,-81.6615,12484
North Adams,MA,United States,42.6756,-73.1181,12483
West Point,UT,United States,41.1217,-112.0982,12479
Fulton,MO,United States,38.8551,-91.9508,12473
Smithfield,NC,United States,35.5238,-78.3522,12468
Eufaula,AL,United States,31.9099,-85.1527,12451
Dunkirk,NY,United States,42.4806,-79.3329,12442
Freehold,NJ,United States,40.2602,-74.2759,12430
Oshikango,Ohangwena,Namibia,-17.3995,15.88,12423
Colesberg,Northern Cape,South Africa,-30.7195,25.1,12423
Leeds,AL,United States,33.5468,-86.5714,12416
Boone,IA,United States,42.0493,-93.8725,12416
Tremonton,UT,United States,41.7184,-112.1878,12411
Kilindoni,Pwani,Tanzania,-7.9163,39.65,12409
Derby,CT,United States,41.3261,-73.0826,12406
Melvindale,MI,United States,42.2786,-83.1823,12402
St. Marys,PA,United States,41.455,-78.5202,12399
Geneva,NY,United States,42.8635,-76.9827,12391
Bound Brook,NJ,United States,40.5677,-74.5373,12371
Greensburg,IN,United States,39.351,-85.5012,12363
Meadville,PA,United States,41.6479,-80.1474,12361
Conneaut,OH,United States,41.9273,-80.5684,12360
Forecariah,Kindia,Guinea,9.43,-13.098,12358
Fort Atkinson,WI,United States,42.924,-88.8455,12350
Warwick,Queensland,Australia,-28.2292,152.0203,12347
Escanaba,MI,United States,45.7463,-87.0836,12343
Patchogue,NY,United States,40.7637,-73.0198,12337
Artesia,NM,United States,32.8522,-104.4246,12326
Richton Park,IL,United States,41.4802,-87.7425,12322
Palmer Town,MA,United States,42.1889,-72.3065,12315
Elgin,TX,United States,30.3539,-97.3901,12304
Aldama,Tamaulipas,Mexico,22.9204,-98.07,12292
Winnetka,IL,United States,42.1062,-87.7428,12292
St. Peter,MN,United States,44.3293,-93.9677,12291
Guymon,OK,United States,36.6901,-101.477,12287
Fortuna,CA,United States,40.5871,-124.1422,12285
Nazyvayevsk,Omsk,Russia,55.567,71.35,12284
Hartsville/Trousdale County,TN,United States,36.393,-86.1567,12271
Northlake,IL,United States,41.9143,-87.9055,12270
Streator,IL,United States,41.125,-88.8296,12269
Somerset,KY,United States,37.0865,-84.6054,12267
Grenada,MS,United States,33.7814,-89.8115,12267
Beatrice,NE,United States,40.2733,-96.746,12262
Ermoupoli,Notio Aigaio,Greece,37.4504,24.9333,12260
Effingham,IL,United States,39.1198,-88.5509,12258
Ionia,MI,United States,42.9768,-85.0746,12249
Yeadon,PA,United States,39.9325,-75.2527,12247
Moloundou,Sangha,Congo (Brazzaville),2.0337,15.2167,12244
Porvoo,Eastern Uusimaa,Finland,60.4004,25.666,12242
Choctaw,OK,United States,35.485,-97.2699,12240
Haverstraw,NY,United States,41.1782,-73.9433,12226
Kewanee,IL,United States,41.2391,-89.9257,12222
Sylacauga,AL,United States,33.1887,-86.2748,12216
Madison,IN,United States,38.7588,-85.3971,12208
Newman,CA,United States,37.3161,-121.0214,12207
Show Low,AZ,United States,34.2651,-110.0383,12192
Somersworth,NH,United States,43.2535,-70.8879,12192
Qalat,Zabul,Afghanistan,32.1123,66.8868,12191
East Bethel,MN,United States,45.3532,-93.2177,12189
Webster,TX,United States,29.5321,-95.1165,12182
Herrin,IL,United States,37.7984,-89.0306,12178
Jefferson Hills,PA,United States,40.2972,-79.9425,12178
Little Chute,WI,United States,44.2911,-88.3204,12178
Crestwood,MO,United States,38.5569,-90.3782,12175
Poulsbo,WA,United States,47.7411,-122.6422,12171
Belomorsk,Karelia,Russia,64.5252,34.7658,12165
Sussex,WI,United States,43.1349,-88.226,12162
Burley,ID,United States,42.5374,-113.7913,12146
Lincolnton,NC,United States,35.4757,-81.2392,12128
Cherlak,Omsk,Russia,54.1605,74.82,12122
Borger,TX,United States,35.6594,-101.4024,12115
Lawrenceburg,KY,United States,38.0339,-84.9047,12112
Babylon,NY,United States,40.6937,-73.326,12106
Brandfort,Orange Free State,South Africa,-28.6996,26.47,12091
Monument,CO,United States,39.0744,-104.8442,12088
Lantana,FL,United States,26.5834,-80.0554,12086
Archdale,NC,United States,35.9047,-79.9598,12084
Justice,IL,United States,41.7534,-87.8269,12081
Lovejoy,GA,United States,33.4415,-84.3174,12080
Wellington,CO,United States,40.7007,-105.0057,12078
Alta,Finnmark,Norway,69.9666,23.2417,12077
Glen Rock,NJ,United States,40.9595,-74.1252,12076
South Miami,FL,United States,25.7085,-80.2951,12073
Waku Kungo,Cuanza Sul,Angola,-11.3595,15.12,12069
Red Bank,TN,United States,35.1117,-85.2962,12065
El Campo,TX,United States,29.2007,-96.2723,12062
Baker,LA,United States,30.5832,-91.1582,12057
Angra do Heroísmo,Azores,Portugal,38.6504,-27.2167,12045
Dikhil,Dikhil,Djibouti,11.104,42.372,12043
Irmo,SC,United States,34.1021,-81.1959,12033
Hasbrouck Heights,NJ,United States,40.8628,-74.0752,12030
Macedonia,OH,United States,41.3149,-81.5016,12025
Aleksandrovsk Sakhalinskiy,Sakhalin,Russia,50.8975,142.1561,12024
Weatherford,OK,United States,35.539,-98.685,12023
Emmaus,PA,United States,40.5352,-75.4979,12017
Vermillion,SD,United States,42.7814,-96.9254,12011
Corriverton,Mahaica-Berbice,Guyana,5.9,-57.17,12000
Elizabethtown,PA,United States,40.1533,-76.5987,12000
River Edge,NJ,United States,40.9268,-74.0375,11995
New Baltimore,MI,United States,42.6853,-82.7376,11992
Lawrenceburg,TN,United States,35.2497,-87.3325,11990
Dolinsk,Sakhalin,Russia,47.3504,142.8,11989
Dundo,Lunda Norte,Angola,-7.38,20.83,11985
San Marino,CA,United States,34.1227,-118.1129,11977
Riverview,MI,United States,42.1735,-83.1984,11976
Kasaji,Katanga,Congo (Kinshasa),-10.3662,23.45,11969
Robertsport,Grand Cape Mount,Liberia,6.7533,-11.3686,11969
Rantoul,IL,United States,40.3026,-88.1549,11956
Tepelenë,Gjirokastër,Albania,40.2833,20.0333,11955
Martinsville,IN,United States,39.4147,-86.4317,11946
South Lyon,MI,United States,42.461,-83.6532,11941
McComb,MS,United States,31.2445,-90.4716,11914
New Kensington,PA,United States,40.5725,-79.7531,11911
James Island,SC,United States,32.7361,-79.9372,11903
Killarney,Kerry,Ireland,52.0504,-9.5167,11902
Los Alamitos,CA,United States,33.7969,-118.0612,11901
La Cruz,Sinaloa,Mexico,23.9204,-106.9,11900
Santa Rosalía,Baja California Sur,Mexico,27.3171,-112.2834,11899
Hardeeville,SC,United States,32.2953,-81.041,11897
Balancán,Tabasco,Mexico,17.8,-91.53,11895
Moss Point,MS,United States,30.4259,-88.5327,11890
Scotts Valley,CA,United States,37.0555,-122.0118,11879
Carahue,La Araucanía,Chile,-38.7095,-73.17,11875
Nacozari de García,Sonora,Mexico,30.42,-109.65,11872
Qabala,Q?b?l?,Azerbaijan,40.9814,47.8458,11867
Ontario,OR,United States,44.025,-116.9788,11866
Gladstone,OR,United States,45.3856,-122.5928,11865
Fenton,MI,United States,42.8006,-83.7177,11863
Picayune,MS,United States,30.5308,-89.6706,11862
Portales,NM,United States,34.1773,-103.3551,11859
Centralia,IL,United States,38.5221,-89.1235,11848
Malargüe,Mendoza,Argentina,-35.4661,-69.5833,11847
Richfield,WI,United States,43.2394,-88.234,11841
Kempsey,New South Wales,Australia,-31.0874,152.822,11840
Wallington,NJ,United States,40.8531,-74.1063,11825
Wetaskiwin,Alberta,Canada,52.9666,-113.3833,11823
Kings Mountain,NC,United States,35.2358,-81.3504,11823
Dolo Bay,Somali,Ethiopia,4.1833,42.0833,11810
Portland,Victoria,Australia,-38.34,141.59,11808
Evanston,WY,United States,41.2601,-110.9637,11807
Haapsalu,Lääne,Estonia,58.9431,23.5414,11805
North Branch,MN,United States,45.5109,-92.9443,11791
Cafayate,Salta,Argentina,-26.0829,-65.9666,11785
Ascensión,Chihuahua,Mexico,31.1,-107.98,11781
Nelson,British Columbia,Canada,49.4837,-117.2833,11779
Negele Boran,Addis Ababa,Ethiopia,5.3166,39.5833,11772
Douglas,GA,United States,31.5061,-82.8543,11769
Arkansas City,KS,United States,37.0725,-97.0384,11765
N'Délé,Bamingui-Bangoran,Central African Republic,8.4091,20.653,11764
Lenoir City,TN,United States,35.8158,-84.283,11754
Woodward,OK,United States,36.4248,-99.4047,11753
Rurrenabaque,La Paz,Bolivia,-14.46,-67.56,11749
Selma,TX,United States,29.5865,-98.3153,11748
Prineville,OR,United States,44.2985,-120.8607,11745
Yorktown,IN,United States,40.1819,-85.5082,11740
Magdagachi,Amur,Russia,53.45,125.8,11739
Lindon,UT,United States,40.342,-111.7173,11734
Bellmawr,NJ,United States,39.8664,-75.0947,11724
Salem,OH,United States,40.9046,-80.8489,11715
North Logan,UT,United States,41.7755,-111.8067,11711
Tarrytown,NY,United States,41.0652,-73.8663,11691
Bastrop,TX,United States,30.1111,-97.3182,11679
Oregon,WI,United States,42.9252,-89.3891,11676
Commerce,CA,United States,33.9945,-118.15,11672
Winfield,KS,United States,37.2428,-96.9797,11669
Niles,MI,United States,41.8345,-86.2479,11665
Gulfport,FL,United States,27.7464,-82.7099,11655
Campbellsville,KY,United States,37.3439,-85.3522,11653
Franklin,OH,United States,39.555,-84.2957,11653
Gympie,Queensland,Australia,-26.1886,152.6709,11649
Mont-Laurier,Québec,Canada,46.5504,-75.5,11642
Lundazi,Eastern,Zambia,-12.2895,33.17,11635
Muswellbrook,New South Wales,Australia,-32.2696,150.89,11630
Alotau,Milne Bay,Papua New Guinea,-10.3021,150.4591,11624
Rincon,GA,United States,32.2947,-81.2353,11624
Covington,LA,United States,30.4802,-90.1118,11618
Pleasant Hill,IA,United States,41.5991,-93.505,11617
Flowery Branch,GA,United States,34.1713,-83.9187,11607
Pichilemu,Libertador General Bernardo O'Higgins,Chile,-34.38,-72.0,11603
Holmen,WI,United States,43.9709,-91.2659,11581
Rathdrum,ID,United States,47.794,-116.8929,11580
Brookhaven,MS,United States,31.5806,-90.4434,11571
Fort Morgan,CO,United States,40.253,-103.7887,11564
Mendota Heights,MN,United States,44.8789,-93.1339,11564
Sebring,FL,United States,27.4714,-81.4516,11563
Severnyy,Komi,Russia,67.6083,64.1233,11562
Lower Burrell,PA,United States,40.5833,-79.718,11561
Gramsh,Elbasan,Albania,40.8667,20.2,11556
Roma,TX,United States,26.4147,-99.0039,11554
Town and Country,MO,United States,38.6306,-90.4772,11553
Omaruru,Erongo,Namibia,-21.436,15.951,11547
Bucyrus,OH,United States,40.8051,-82.9716,11542
Fredericksburg,TX,United States,30.2657,-98.8757,11542
Port Morant,Saint Thomas,Jamaica,17.891,-76.329,11536
Miami Shores,FL,United States,25.867,-80.1783,11530
Danville,IN,United States,39.7588,-86.4953,11525
Bartica,Pomeroon-Supenaam,Guyana,6.4104,-58.63,11524
Elon,NC,United States,36.1023,-79.5088,11520
Batesville,AR,United States,35.7686,-91.6227,11515
Palos Heights,IL,United States,41.6634,-87.796,11515
Zmeinogorsk,Altay,Russia,51.1571,82.195,11514
Woodbury,NY,United States,41.3275,-74.1021,11512
Mexico,MO,United States,39.1622,-91.8728,11507
Spring Lake,NC,United States,35.1846,-78.9947,11507
Gloucester City,NJ,United States,39.8917,-75.1167,11507
Río Colorado,La Pampa,Argentina,-38.9666,-64.0833,11499
Seven Hills,OH,United States,41.3793,-81.6763,11499
Cerrillos,Salta,Argentina,-24.8996,-65.4833,11498
Green River,WY,United States,41.5129,-109.4708,11496
Victoria,MN,United States,44.8621,-93.6584,11493
Aginskoye,Aga Buryat,Russia,51.1031,114.5228,11491
Portachuelo,Santa Cruz,Bolivia,-17.36,-63.4,11485
Woods Cross,UT,United States,40.8732,-111.9178,11480
Collegedale,TN,United States,35.0535,-85.048,11476
Leninobod,Leninabad,Tajikistan,39.75,69.0,11468
Millington,TN,United States,35.3337,-89.8995,11467
Lowell,AR,United States,36.2559,-94.1534,11466
Fort-Liberté,Nord-Est,Haiti,19.6656,-71.8448,11465
Spencer,IA,United States,43.147,-95.1527,11451
Ringwood,NJ,United States,41.104,-74.2711,11451
Oskaloosa,IA,United States,41.2922,-92.6409,11448
Valdez,Esmeraldas,Ecuador,1.2671,-78.9855,11441
Storm Lake,IA,United States,42.643,-95.1965,11434
Samaná,Samaná,Dominican Republic,19.212,-69.332,11432
East Grand Rapids,MI,United States,42.9466,-85.6068,11429
Ridgefield,NJ,United States,40.8327,-74.0141,11417
Sanniquellie,Nimba,Liberia,7.371,-8.685,11415
Fair Oaks Ranch,TX,United States,29.7461,-98.6381,11406
Wilton Manors,FL,United States,26.1593,-80.1393,11403
Petal,MS,United States,31.3482,-89.2351,11403
Norton,OH,United States,41.0289,-81.6455,11398
Guthrie,OK,United States,35.8765,-97.4087,11398
Hadiboh,Hadramawt,Yemen,12.6519,54.0239,11396
Farmington,MI,United States,42.4614,-83.3784,11391
Cocoa Beach,FL,United States,28.3291,-80.6275,11389
Monte Quemado,Santiago del Estero,Argentina,-25.7996,-62.8666,11387
Kirs,Kirov,Russia,59.3138,52.2452,11385
Mwanza,Mwanza,Malawi,-15.6167,34.5167,11379
Okmulgee,OK,United States,35.6252,-95.954,11376
Humahuaca,Jujuy,Argentina,-23.2,-65.3499,11369
Caracaraí,Roraima,Brazil,1.8162,-61.1277,11368
Guttenberg,NJ,United States,40.7928,-74.0046,11365
Belen,Catamarca,Argentina,-27.6496,-67.0333,11359
Belén,Concepción,Paraguay,-23.4695,-57.24,11359
Las Tablas,Los Santos,Panama,7.7604,-80.28,11358
Makoua,Cuvette,Congo (Brazzaville),-0.0096,15.64,11355
Satellite Beach,FL,United States,28.1787,-80.5994,11343
Suffern,NY,United States,41.112,-74.1414,11341
Bolivar,MO,United States,37.6067,-93.4167,11338
Leon Valley,TX,United States,29.4954,-98.6143,11337
New Albany,OH,United States,40.09,-82.7763,11335
Huntertown,IN,United States,41.2173,-85.1614,11316
Delémont,Jura,Switzerland,47.37,7.345,11315
Dobbs Ferry,NY,United States,41.01,-73.8686,11309
Rolesville,NC,United States,35.9246,-78.4615,11297
Elk City,OK,United States,35.3896,-99.4287,11279
Steinkjer,Nord-Trøndelag,Norway,64.0171,11.5,11274
McCordsville,IN,United States,39.8973,-85.9174,11273
Crowley,LA,United States,30.2179,-92.3748,11272
Grand Rapids,MN,United States,47.2385,-93.5326,11271
Monmouth,OR,United States,44.8513,-123.2286,11270
Haysville,KS,United States,37.5661,-97.3535,11268
Pleasant View,UT,United States,41.3249,-112.001,11265
Santa Cruz,Gal,Ecuador,-0.5333,-90.35,11262
Bridgeton,MO,United States,38.7733,-90.417,11261
Signal Hill,CA,United States,33.8035,-118.1697,11249
Minden,LA,United States,32.6191,-93.2728,11248
Fulton,NY,United States,43.3192,-76.4197,11248
Ocean City,NJ,United States,39.2695,-74.5998,11242
Lowell,IN,United States,41.2905,-87.4199,11239
Otar,Almaty,Kazakhstan,43.5346,75.2139,11238
Heath,TX,United States,32.8535,-96.4636,11238
Lovington,NM,United States,32.9445,-103.3492,11237
Prieska,Northern Cape,South Africa,-29.6595,22.73,11236
Loreto,Baja California Sur,Mexico,26.0133,-111.3517,11227
River Forest,IL,United States,41.8949,-87.8191,11227
Lansing,KS,United States,39.2426,-94.8963,11221
Mwingi,Eastern,Kenya,-0.9296,38.07,11219
Ravenna,OH,United States,41.1616,-81.2421,11215
Port Lavaca,TX,United States,28.618,-96.6283,11212
Anderson,CA,United States,40.4498,-122.2951,11210
Westwood,NJ,United States,40.989,-74.0319,11210
Troy,IL,United States,38.7397,-89.8825,11209
Vanimo,Sandaun,Papua New Guinea,-2.69,141.304,11204
Qasr-e Shirin,Kermanshah,Iran,34.5124,45.5772,11202
Koror,,Palau,7.3452,134.4695,11200
Locust Grove,GA,United States,33.3483,-84.1025,11199
Pleasanton,TX,United States,28.9642,-98.4957,11195
Snyder,TX,United States,32.7136,-100.9119,11187
Clawson,MI,United States,42.5367,-83.1504,11176
El Fuerte,Sinaloa,Mexico,26.4204,-108.62,11171
Two Rivers,WI,United States,44.1561,-87.5774,11169
Calimesa,CA,United States,33.9874,-117.0542,11165
Schiller Park,IL,United States,41.9586,-87.8693,11164
Urbana,OH,United States,40.1091,-83.755,11161
Pineville,NC,United States,35.0937,-80.8935,11153
Beachwood,NJ,United States,39.9284,-74.2022,11153
Summerfield,NC,United States,36.1969,-79.8972,11150
Grandview,WA,United States,46.2443,-119.909,11149
Waterloo,IL,United States,38.3412,-90.1527,11144
Villanueva,Zacatecas,Mexico,22.35,-102.88,11138
Parkes,New South Wales,Australia,-33.1296,148.17,11137
Healdsburg,CA,United States,38.6225,-122.8651,11137
Pingree Grove,IL,United States,42.0876,-88.436,11137
Wyomissing,PA,United States,40.3347,-75.9661,11132
Markham,IL,United States,41.6,-87.6905,11129
Lithgow,New South Wales,Australia,-33.4961,150.1528,11128
Platteville,WI,United States,42.7279,-90.4681,11128
Grosse Pointe Park,MI,United States,42.3739,-82.9234,11124
Pike Road,AL,United States,32.2736,-86.1189,11117
DeForest,WI,United States,43.2273,-89.3457,11107
Half Moon Bay,CA,United States,37.4673,-122.4405,11105
Hawera,Taranaki,New Zealand,-39.5795,174.278,11100
Canyon Lake,CA,United States,33.6883,-117.2635,11096
Coshocton,OH,United States,40.2618,-81.8473,11091
Burkburnett,TX,United States,34.0746,-98.5675,11089
Mpigi,Mpigi,Uganda,0.225,32.3136,11082
Malvern,AR,United States,34.3736,-92.8213,11080
Lansdowne,PA,United States,39.9408,-75.276,11077
Bargersville,IN,United States,39.5426,-86.2032,11075
Springdale,OH,United States,39.2906,-84.4758,11073
Pedernales,Pedernales,Dominican Republic,18.038,-71.741,11072
Waynesboro,PA,United States,39.7524,-77.5823,11067
Kearney,MO,United States,39.3551,-94.3586,11060
Wanaque,NJ,United States,41.0424,-74.2886,11048
Marinette,WI,United States,45.0868,-87.6324,11045
Van Wert,OH,United States,40.8648,-84.5885,11040
Burlington,WI,United States,42.6752,-88.2719,11040
Waupun,WI,United States,43.6315,-88.7375,11039
Burr Ridge,IL,United States,41.7479,-87.9201,11023
Brooklyn,OH,United States,41.4347,-81.7492,11022
Franklin Lakes,NJ,United States,41.0075,-74.2057,11021
Lake Grove,NY,United States,40.8578,-73.1168,11021
Middleton,ID,United States,43.7116,-116.615,11016
Sturgis,MI,United States,41.7991,-85.4184,11012
Pontiac,IL,United States,40.8893,-88.6414,11010
Great Neck,NY,United States,40.8024,-73.7331,11007
Bairnsdale,Victoria,Australia,-37.8296,147.61,11005
Grand Haven,MI,United States,43.055,-86.2193,11002
Biltine,Wadi Fira,Chad,14.5333,20.9167,11000
Martin,TN,United States,36.3379,-88.8514,11000
Plymouth,IN,United States,41.3488,-86.3193,10989
Bowen,Queensland,Australia,-20.0013,148.2087,10983
Airway Heights,WA,United States,47.6459,-117.5792,10973
Sleepy Hollow,NY,United States,41.0975,-73.8696,10962
Hobart,WI,United States,44.4954,-88.1556,10960
Brandon,SD,United States,43.5929,-96.5838,10958
Milton,FL,United States,30.6294,-87.0526,10957
Union City,TN,United States,36.4271,-89.0477,10954
Peru,IN,United States,40.7587,-86.0706,10953
Lincoln Park,NJ,United States,40.9238,-74.3042,10951
Columbia,IL,United States,38.4581,-90.216,10933
Rockport,TX,United States,28.0476,-97.05,10929
Spanish Fort,AL,United States,30.723,-87.8659,10923
Riverton,WY,United States,43.0263,-108.3813,10923
Little Ferry,NJ,United States,40.8434,-74.0342,10914
Lyndon,KY,United States,38.263,-85.5879,10909
Abbeville,LA,United States,29.9754,-92.1272,10890
Celina,OH,United States,40.5555,-84.5614,10885
Hillsborough,CA,United States,37.5572,-122.3585,10883
Kargat,Novosibirsk,Russia,55.1959,80.2811,10881
Tehachapi,CA,United States,35.143,-118.446,10881
Bonham,TX,United States,33.588,-96.1901,10879
La Plata,MD,United States,38.5435,-76.9698,10878
Merriam,KS,United States,39.0176,-94.694,10875
Pompton Lakes,NJ,United States,41.0027,-74.2867,10874
Morgan City,LA,United States,29.7103,-91.1915,10873
Newberry,SC,United States,34.2823,-81.6015,10866
Tarboro,NC,United States,35.9052,-77.5572,10859
Sumner,WA,United States,47.2272,-122.2363,10853
Kenora,Ontario,Canada,49.7667,-94.4666,10852
Hyrum,UT,United States,41.6328,-111.8455,10849
Roscoe,IL,United States,42.4256,-89.0095,10843
Ngorongoro,Arusha,Tanzania,-3.2496,35.52,10836
Pozo Almonte,Tarapacm,Chile,-20.2696,-69.8,10830
Winterville,NC,United States,35.5287,-77.4001,10821
Severance,CO,United States,40.5051,-104.8421,10820
Pella,IA,United States,41.4047,-92.9174,10820
Essex Junction,VT,United States,44.4903,-73.1141,10817
Lexington,NE,United States,40.7773,-99.7466,10816
Shelton,WA,United States,47.2189,-123.1112,10806
Fox Lake,IL,United States,42.4282,-88.1839,10805
Dawson Creek,British Columbia,Canada,55.767,-120.2333,10802
Montgomery,OH,United States,39.2512,-84.348,10801
Santa Barbara,Chihuahua,Mexico,26.8004,-105.82,10800
Roanoke,TX,United States,33.0147,-97.229,10798
Campton Hills,IL,United States,41.9502,-88.417,10795
Fairview,TX,United States,33.1405,-96.613,10790
Coweta,OK,United States,35.9718,-95.671,10786
Smithville,MO,United States,39.3969,-94.571,10785
Totowa,NJ,United States,40.9034,-74.2198,10785
Pine Hill,NJ,United States,39.7857,-74.9808,10783
Fairview,OR,United States,45.5476,-122.4368,10782
Doraville,GA,United States,33.9083,-84.2699,10780
Yelm,WA,United States,46.9426,-122.6432,10780
Manville,NJ,United States,40.5413,-74.5893,10779
Alachua,FL,United States,29.7652,-82.4751,10770
Yeppoon,Queensland,Australia,-23.1329,150.7567,10769
Bolama,Bolama,Guinea Bissau,11.583,-15.4828,10769
Magnolia,AR,United States,33.2767,-93.2262,10769
Clayton,CA,United States,37.9403,-121.9301,10754
Dangriga,Stann Creek,Belize,16.97,-88.22,10750
Canton,MS,United States,32.5984,-90.0322,10742
Vidalia,GA,United States,32.2121,-82.4022,10741
Palatka,FL,United States,29.6449,-81.6767,10730
Salem,UT,United States,40.0553,-111.6674,10725
Fife,WA,United States,47.2323,-122.3506,10723
Russellville,AL,United States,34.5057,-87.7281,10722
Bedford Heights,OH,United States,41.4041,-81.5023,10721
Coalcoman,Michoacán,Mexico,18.7804,-103.15,10715
Sierra Madre,CA,United States,34.1688,-118.0502,10713
Karusi,Karuzi,Burundi,-3.1,30.163,10705
New Richmond,WI,United States,45.1252,-92.5371,10705
Vermilion,OH,United States,41.408,-82.3173,10704
Clute,TX,United States,29.0259,-95.3982,10704
Heath,OH,United States,40.0208,-82.4421,10693
Kavaratti,Lakshadweep,India,10.5626,72.6369,10688
Përmet,Gjirokastër,Albania,40.234,20.352,10686
Mariehamn,Finström,Aland,60.097,19.949,10682
Flowood,MS,United States,32.3361,-90.0729,10675
Alexandria,KY,United States,38.9678,-84.3846,10673
Atchison,KS,United States,39.5626,-95.1366,10670
Waynesville,NC,United States,35.4856,-82.9993,10667
Placerville,CA,United States,38.7311,-120.7977,10656
Ewo,Cuvette-Ouest,Congo (Brazzaville),-0.8796,14.82,10650
Jackson,WY,United States,43.4719,-110.7753,10639
Piedmont,CA,United States,37.8225,-122.23,10635
Khilok,Chita,Russia,51.35,110.45,10627
Cottage Grove,OR,United States,43.7959,-123.0572,10623
West Haverstraw,NY,United States,41.2063,-73.9868,10622
Bellmead,TX,United States,31.6015,-97.089,10620
Sonoma,CA,United States,38.2903,-122.4598,10619
Le Mars,IA,United States,42.7815,-96.1733,10618
Summit,IL,United States,41.7885,-87.8139,10616
Nanticoke,PA,United States,41.2005,-75.9997,10615
Darby,PA,United States,39.921,-75.2611,10614
Excelsior Springs,MO,United States,39.3399,-94.241,10612
Corning,NY,United States,42.1482,-77.0564,10612
Mount Airy,NC,United States,36.5085,-80.6145,10610
Benito Juárez,Ciudad de Buenos Aires,Argentina,-37.6655,-59.8,10609
Fort Oglethorpe,GA,United States,34.9318,-85.246,10598
Atoka,TN,United States,35.4259,-89.7844,10593
Morro Bay,CA,United States,35.3668,-120.8683,10589
Songo,UGge,Angola,-7.3496,14.85,10579
Kimpese,Bas-Congo,Congo (Kinshasa),-5.5496,14.4333,10578
Mount Kisco,NY,United States,41.2017,-73.7283,10567
Rifle,CO,United States,39.5376,-107.7703,10563
Waverly,IA,United States,42.722,-92.4695,10561
Batemans Bay,New South Wales,Australia,-35.6896,150.2073,10557
Vernal,UT,United States,40.4517,-109.538,10557
Freeport,TX,United States,28.9433,-95.3561,10550
Manhattan,IL,United States,41.4202,-87.9807,10547
Valparaíso,Zacatecas,Mexico,22.7704,-103.57,10545
London,OH,United States,39.8928,-83.4389,10533
Chestnut Ridge,NY,United States,41.0849,-74.0481,10526
Amos,Québec,Canada,48.5666,-78.1167,10516
Bay St. Louis,MS,United States,30.3234,-89.3588,10511
Cambridge,MN,United States,45.5608,-93.2277,10509
Richmond Heights,OH,United States,41.5606,-81.5077,10509
Port Townsend,WA,United States,48.1218,-122.7879,10502
Lighthouse Point,FL,United States,26.2778,-80.0886,10501
Worth,IL,United States,41.6882,-87.7926,10494
Puquio,Ayacucho,Peru,-14.7,-74.13,10491
Versailles,KY,United States,38.0491,-84.725,10491
Cacheu,Cacheu,Guinea Bissau,12.269,-16.165,10490
Bel Air,MD,United States,39.5349,-76.3463,10490
Newport,OR,United States,44.6214,-124.0438,10489
Oakland,TN,United States,35.2261,-89.5382,10488
Tipp City,OH,United States,39.9645,-84.1864,10484
Canandaigua,NY,United States,42.889,-77.2803,10480
Barrington,IL,United States,42.1515,-88.1285,10476
Warr Acres,OK,United States,35.5261,-97.6181,10472
Filadelfia,Boquerón,Paraguay,-22.34,-60.03,10470
Franklin,KY,United States,36.718,-86.5576,10468
Bluffton,IN,United States,40.7435,-85.1721,10467
Somers Point,NJ,United States,39.3172,-74.6064,10465
Vienna,WV,United States,39.3228,-81.5298,10457
Santiago,Ica,Peru,-14.1896,-75.74,10449
Ntcheu,Ntcheu,Malawi,-14.8167,34.6333,10445
Monroe,WI,United States,42.6029,-89.638,10439
Springbok,Northern Cape,South Africa,-29.6667,17.8833,10438
Baie-Comeau,Québec,Canada,49.2227,-68.158,10435
Española,NM,United States,36.004,-106.0701,10431
Cadillac,MI,United States,44.2513,-85.414,10430
Liberty Hill,TX,United States,30.6634,-97.9055,10428
East Rutherford,NJ,United States,40.8171,-74.085,10421
La Grange,KY,United States,38.3973,-85.3768,10417
Bogue,Brakna,Mauritania,16.5904,-14.27,10415
Northampton,PA,United States,40.6882,-75.4874,10404
Cleveland,MS,United States,33.744,-90.7285,10401
Puerto Quijarro,Santa Cruz,Bolivia,-17.7796,-57.77,10392
Beverly Hills,MI,United States,42.5225,-83.2403,10390
Crestwood,IL,United States,41.6456,-87.7401,10387
St. Albans,WV,United States,38.3776,-81.8193,10387
Solenzo,Banwa,Burkina Faso,12.1833,-4.0833,10385
Reading,OH,United States,39.2242,-84.4333,10380
Columbia,PA,United States,40.0349,-76.4959,10380
Munhall,PA,United States,40.3936,-79.901,10380
Kiama,New South Wales,Australia,-34.7096,150.84,10379
Forest Acres,SC,United States,34.0331,-80.9732,10376
Greenville,Sinoe,Liberia,5.0111,-9.0388,10374
Garden City,GA,United States,32.0872,-81.1766,10373
Bellefontaine Neighbors,MO,United States,38.7528,-90.228,10370
Boaz,AL,United States,34.199,-86.1552,10369
Bethanie,Karas,Namibia,-26.4995,17.15,10363
Taksimo,Buryat,Russia,56.3315,114.89,10359
Burlington,WA,United States,48.4664,-122.3289,10358
Bogalusa,LA,United States,30.7754,-89.8617,10343
Paris,TN,United States,36.2927,-88.3081,10343
Canatlan,Durango,Mexico,24.52,-104.78,10342
Silverton,OR,United States,45.0034,-122.7809,10341
Clinton,TN,United States,36.0973,-84.1289,10337
Robstown,TX,United States,27.794,-97.6692,10335
Anadyr,Chukchi Autonomous Okrug,Russia,64.737,177.475,10332
Rainbow City,AL,United States,33.9288,-86.0842,10322
Shamva,Mashonaland Central,Zimbabwe,-17.3196,31.57,10317
Labrador City,Newfoundland and Labrador,Canada,52.9414,-66.9159,10313
Maryville,MO,United States,40.3425,-94.87,10309
Valley,AL,United States,32.8014,-85.2044,10308
Lyons,IL,United States,41.8122,-87.8186,10304
Cedartown,GA,United States,34.0217,-85.2475,10300
Alpine,UT,United States,40.463,-111.7724,10298
Little Canada,MN,United States,45.0233,-93.0837,10297
Galion,OH,United States,40.7382,-82.7813,10293
Flat Rock,MI,United States,42.0979,-83.2698,10289
Sweetwater,TX,United States,32.4694,-100.4087,10285
River Grove,IL,United States,41.9243,-87.8379,10282
Malibu,CA,United States,34.0259,-118.7596,10277
Sukhothai,Sukhothai,Thailand,17.0119,99.7515,10276
Mahomet,IL,United States,40.1901,-88.3895,10273
Galena Park,TX,United States,29.7452,-95.2346,10271
Safford,AZ,United States,32.8333,-109.6974,10270
Wood River,IL,United States,38.8633,-90.0776,10270
Wabash,IN,United States,40.8028,-85.8292,10269
Hinton,Alberta,Canada,53.4,-117.5833,10265
Shasta Lake,CA,United States,40.6766,-122.3809,10262
Berwick,PA,United States,41.055,-76.251,10261
Caldera,Atacama,Chile,-27.0696,-70.83,10259
Arkadelphia,AR,United States,34.1274,-93.0709,10255
Glenwood Springs,CO,United States,39.5471,-107.3426,10250
Taylorville,IL,United States,39.5627,-89.3083,10247
Independence,OR,United States,44.8578,-123.1977,10247
Farmersville,CA,United States,36.3047,-119.2086,10243
Snohomish,WA,United States,47.9289,-122.0927,10243
Fairmont,MN,United States,43.6448,-94.464,10240
Fairview,TN,United States,35.9824,-87.127,10240
Cody,WY,United States,44.5212,-109.0575,10240
Kendallville,IN,United States,41.4434,-85.2582,10239
Lonquimay,La Araucanpa,Chile,-38.4333,-71.2333,10237
South Amboy,NJ,United States,40.4864,-74.2788,10237
Merowe,Northern,Sudan,18.4833,31.8167,10234
Alvorada,Tocantins,Brazil,-12.47,-49.082,10232
Elkhorn,WI,United States,42.6716,-88.5363,10230
Baker City,OR,United States,44.7749,-117.832,10225
Clay,AL,United States,33.6966,-86.6082,10221
Avon Park,FL,United States,27.5897,-81.5073,10219
Puerto Carreño,Vichada,Colombia,6.185,-67.493,10216
Busselton,Western Australia,Australia,-33.6564,115.3487,10214
Warrenton,VA,United States,38.7178,-77.7973,10210
Exeter,CA,United States,36.2941,-119.146,10206
Sweet Home,OR,United States,44.404,-122.7015,10206
Hermantown,MN,United States,46.8023,-92.2408,10202
Kaiapoi,Canterbury,New Zealand,-43.3813,172.651,10200
Wood-Ridge,NJ,United States,40.8502,-74.0871,10197
Reedsburg,WI,United States,43.5351,-89.9955,10190
Ironton,OH,United States,38.5326,-82.6781,10187
Birao,Vakaga,Central African Republic,10.2837,22.7833,10178
Watervliet,NY,United States,42.7249,-73.707,10170
Ondjiva,Cunene,Angola,-17.0696,15.73,10169
Camden,AR,United States,33.5677,-92.8491,10165
San Elizario,TX,United States,31.5784,-106.262,10164
Ivins,UT,United States,37.1738,-113.6808,10164
Carroll,IA,United States,42.0703,-94.8643,10163
Airmont,NY,United States,41.0992,-74.0979,10163
Riverdale,IL,United States,41.6427,-87.6356,10159
Dayton,MN,United States,45.1891,-93.4716,10157
Ingleside,TX,United States,27.8706,-97.2079,10147
Rio Vista,CA,United States,38.1767,-121.7034,10145
Innisfail,Queensland,Australia,-17.5313,146.0387,10143
Katherine,Northern Territory,Australia,-14.4666,132.2666,10141
Raymondville,TX,United States,26.4757,-97.7777,10135
Otuzco,La Libertad,Peru,-7.9,-78.57,10134
Green Cove Springs,FL,United States,29.9853,-81.681,10130
Alpena,MI,United States,45.0745,-83.4436,10130
New Hyde Park,NY,United States,40.7323,-73.6859,10129
Columbia City,IN,United States,41.1631,-85.4788,10126
Portage,WI,United States,43.549,-89.4659,10126
Hackettstown,NJ,United States,40.8537,-74.8249,10125
Kennett,MO,United States,36.2402,-90.0472,10117
Waldwick,NJ,United States,41.0134,-74.1252,10105
Molalla,OR,United States,45.1493,-122.5849,10103
Greymouth,West Coast,New Zealand,-42.4716,171.2231,10100
Nogliki,Sakhalin,Russia,51.8333,143.1667,10098
Oneida,NY,United States,43.0704,-75.6736,10094
Paris,KY,United States,38.2002,-84.2727,10089
Massena,NY,United States,44.929,-74.893,10082
Eumseong,Chungcheongbuk-do,South Korea,36.9353,127.6897,10077
Salaverry,La Libertad,Peru,-8.22,-78.99,10066
Jesup,GA,United States,31.5946,-81.8957,10065
Hartland,WI,United States,43.1024,-88.3356,10065
Rrëshen,Lezhë,Albania,41.7833,19.8167,10064
Woodbury,NJ,United States,39.8379,-75.1515,10063
Hillsdale,NJ,United States,41.0071,-74.0451,10062
Sellersburg,IN,United States,38.3995,-85.7743,10058
Winfield,IL,United States,41.8784,-88.153,10054
North Bend,OR,United States,43.4072,-124.2345,10054
Fort Madison,IA,United States,40.6208,-91.3495,10053
Kennedale,TX,United States,32.644,-97.2172,10052
Lancaster,NY,United States,42.9006,-78.6688,10047
Roboré,Santa Cruz,Bolivia,-18.3295,-59.76,10036
Sandpoint,ID,United States,48.2817,-116.56,10024
Burlington,NJ,United States,40.0788,-74.8525,10024
Maywood,NJ,United States,40.9029,-74.0635,10023
Decatur,IN,United States,40.8289,-84.9278,10020
Taltal,Antofagasta,Chile,-25.4,-70.47,10018
Cape Canaveral,FL,United States,28.3932,-80.6048,10014
Mission,KS,United States,39.0268,-94.657,10014
East Rockaway,NY,United States,40.6438,-73.6671,10010
Kinnelon,NJ,United States,40.982,-74.3859,10009
Lago Vista,TX,United States,30.4526,-97.991,10009
Howell,MI,United States,42.6081,-83.9343,10008
Skovorodino,Amur,Russia,53.9833,123.9167,10007
Cairo,GA,United States,30.8792,-84.2055,10007
Lincoln City,OR,United States,44.9779,-124.0061,10007
Moba,Katanga,Congo (Kinshasa),-7.0596,29.72,10006
Kuruman,Northern Cape,South Africa,-27.4496,23.42,10006
Senanga,Western,Zambia,-16.1196,23.27,10005
Tarin Kowt,Uruzgan,Afghanistan,32.6333,65.8667,10000
Choele Choel,RRo Negro,Argentina,-39.2666,-65.6833,10000
Moranbah,Queensland,Australia,-22.0016,148.038,10000
Gar,Xizang,China,32.2004,79.9833,10000
Gyangze,Xizang,China,28.95,89.6333,10000
Hammerfest,Finnmark,Norway,70.6613,23.688,10000
Olyokminsk,Sakha (Yakutia),Russia,60.5032,120.3926,10000
Obluchye,Yevrey,Russia,49.0,131.0833,10000
An Nabk,Al Jawf,Saudi Arabia,31.3333,37.3333,10000
Monett,MO,United States,36.9215,-93.9271,10000
Timnath,CO,United States,40.5332,-104.9645,9991
Selkirk,Manitoba,Canada,50.15,-96.8833,9986
Astoria,OR,United States,46.1874,-123.8151,9986
Detroit Lakes,MN,United States,46.8076,-95.8466,9981
Vera,Santa Fe,Argentina,-29.4662,-60.2166,9979
Winchester,TN,United States,35.1891,-86.1049,9978
St. Anthony,MN,United States,45.0303,-93.2154,9970
Cambridge,OH,United States,40.021,-81.5855,9969
Mazowe,Mashonaland Central,Zimbabwe,-17.5196,30.97,9966
Town of Pecos,TX,United States,31.3917,-103.5272,9965
Highland,IL,United States,38.7698,-89.6861,9961
Makale,Sulawesi Selatan,Indonesia,-3.0968,119.8531,9960
Grafton,New South Wales,Australia,-29.712,152.9377,9955
Willoughby Hills,OH,United States,41.5842,-81.433,9954
Helotes,TX,United States,29.578,-98.6805,9952
Vilyuysk,Sakha (Yakutia),Russia,63.7553,121.6248,9948
Corte Madera,CA,United States,37.9318,-122.5077,9947
Wasilla,AK,United States,61.5811,-149.4608,9945
Gamba,Ogooué-Maritime,Gabon,-2.65,10.0,9928
Marysville,MI,United States,42.9085,-82.481,9917
Struthers,OH,United States,41.0512,-80.5927,9916
Mechanicsburg,PA,United States,40.2114,-77.0059,9911
Catió,Tombali,Guinea Bissau,11.2167,-15.1667,9898
Ayutla,Guerrero,Mexico,16.9004,-99.22,9897
Mount Airy,MD,United States,39.3747,-77.1538,9889
Bulaevo,North Kazakhstan,Kazakhstan,54.9053,70.44,9886
Bocas del Toro,Bocas del Toro,Panama,9.3354,-82.2475,9883
Alamosa,CO,United States,37.4745,-105.877,9883
Greencastle,IN,United States,39.6418,-86.8463,9882
Thomaston,GA,United States,32.8917,-84.3267,9876
Bristol,PA,United States,40.1028,-74.8523,9876
Cordele,GA,United States,31.9561,-83.7701,9868
Morehead City,NC,United States,34.7279,-76.7391,9863
Sturgeon Bay,WI,United States,44.8227,-87.3698,9861
Mooresville,IN,United States,39.6025,-86.3687,9859
Bogandé,Gnagna,Burkina Faso,12.969,-0.138,9854
Harrisonville,MO,United States,38.6525,-94.347,9852
Marathon,FL,United States,24.7323,-81.0251,9849
Dalby,Queensland,Australia,-27.1939,151.2657,9847
Sparta,WI,United States,43.9382,-90.8127,9842
Komsomolets,Qostanay,Kazakhstan,53.7506,62.0502,9838
Sanger,TX,United States,33.3821,-97.1654,9831
Eagle Point,OR,United States,42.4677,-122.8016,9829
Hailey,ID,United States,43.5127,-114.2995,9824
New Square,NY,United States,41.141,-74.0294,9824
Sedona,AZ,United States,34.8585,-111.7931,9819
Muskegon Heights,MI,United States,43.2019,-86.241,9815
Ellisville,MO,United States,38.5896,-90.5884,9801
Olmos,Lambayeque,Peru,-5.9796,-79.75,9800
Cedar Hills,UT,United States,40.412,-111.7543,9800
Brooksville,FL,United States,28.5166,-82.4047,9789
Vernon,TX,United States,34.1477,-99.3004,9788
Wapakoneta,OH,United States,40.5652,-84.1907,9786
DuPont,WA,United States,47.1074,-122.6476,9784
Lobamba,Manzini,eSwatini,-26.4667,31.2,9782
Peru,IL,United States,41.3492,-89.1386,9780
Canal Winchester,OH,United States,39.8466,-82.8213,9777
Rye Brook,NY,United States,41.03,-73.6864,9772
West Point,MS,United States,33.6062,-88.6576,9770
Pokrovsk,Sakha (Yakutia),Russia,61.4934,129.1273,9763
College Place,WA,United States,46.0416,-118.3894,9762
Farmington,AR,United States,36.0366,-94.2525,9761
Grosse Pointe Farms,MI,United States,42.3975,-82.8892,9757
Hillsborough,NC,United States,36.0779,-79.098,9757
Yazoo City,MS,United States,32.8622,-90.408,9754
Gore,Southland,New Zealand,-46.0947,168.9604,9750
Hamburg,NY,United States,42.7234,-78.8348,9744
Lititz,PA,United States,40.154,-76.3043,9742
Vidor,TX,United States,30.1281,-93.9917,9738
Steinbach,Manitoba,Canada,49.5171,-96.6833,9729
Mayfield,KY,United States,36.7375,-88.6445,9713
Aqadyr,Qaraghandy,Kazakhstan,48.2749,72.8599,9710
Brentwood,PA,United States,40.3734,-79.9758,9706
Mandritsara,Mahajanga,Madagascar,-15.8328,48.8166,9705
East Liverpool,OH,United States,40.633,-80.5674,9705
Morrisville,PA,United States,40.2076,-74.7803,9705
Matawan,NJ,United States,40.411,-74.2365,9704
Louisville,OH,United States,40.837,-81.2642,9700
Dayton,TX,United States,30.0132,-94.936,9693
Spring Hill,KS,United States,38.7567,-94.821,9689
Auburn,GA,United States,34.0152,-83.8337,9688
Washington,NC,United States,35.558,-77.0542,9683
Woodway,TX,United States,31.4983,-97.2308,9680
Tshabong,Kgalagadi,Botswana,-26.0095,22.4,9679
Sembe,Sangha,Congo (Brazzaville),1.6404,14.58,9679
Phangnga,Phangnga,Thailand,8.451,98.534,9676
Anaconda-Deer Lodge County,MT,United States,46.0947,-113.1416,9673
Greenwood,AR,United States,35.2269,-94.2764,9671
Bridge City,TX,United States,30.0309,-93.8381,9666
Blanchard,OK,United States,35.1523,-97.6652,9663
Fort William,Highland,United Kingdom,56.8165,-5.1121,9652
Djambala,Plateaux,Congo (Brazzaville),-2.5396,14.75,9651
Keansburg,NJ,United States,40.4519,-74.1556,9648
Trujillo,Colón,Honduras,15.9104,-85.96,9646
Brewer,ME,United States,44.7845,-68.7346,9646
Pryor Creek,OK,United States,36.2997,-95.3113,9636
Middletown,KY,United States,38.2421,-85.5207,9630
Canonsburg,PA,United States,40.2642,-80.1868,9629
Fultondale,AL,United States,33.6174,-86.8014,9617
Middletown,PA,United States,40.2009,-76.7292,9608
Mont Belvieu,TX,United States,29.8519,-94.8683,9608
San Justo,Santa Fe,Argentina,-30.7829,-60.5833,9607
Bogota,NJ,United States,40.8743,-74.0297,9606
Clarksville,AR,United States,35.4539,-93.4816,9600
Delta,CO,United States,38.7574,-108.088,9599
Southside,AL,United States,33.8908,-86.018,9597
DeRidder,LA,United States,30.845,-93.2952,9594
Biryusinsk,Irkutsk,Russia,55.9607,97.8144,9583
Fairfield,AL,United States,33.4748,-86.9194,9582
Fallon,NV,United States,39.4737,-118.7779,9577
Amityville,NY,United States,40.6698,-73.4158,9577
Uniontown,PA,United States,39.8993,-79.7245,9577
Charters Towers,Queensland,Australia,-20.0809,146.2587,9573
Capitola,CA,United States,36.9761,-121.954,9572
Whitehouse,TX,United States,32.2217,-95.2207,9571
Dombarovskiy,Orenburg,Russia,50.7546,59.54,9556
Igrim,Khanty-Mansiy,Russia,63.1933,64.4194,9545
Sunbury,PA,United States,40.8615,-76.7867,9539
Bel Aire,KS,United States,37.7759,-97.2466,9537
Keokuk,IA,United States,40.4095,-91.4025,9513
Orange Cove,CA,United States,36.6211,-119.3187,9497
Gibsonville,NC,United States,36.1022,-79.543,9496
Sauk Village,IL,United States,41.4901,-87.5706,9491
Aberdeen,NC,United States,35.1346,-79.4355,9488
Oak Island,NC,United States,33.9133,-78.1198,9480
Monroe,NY,United States,41.3177,-74.1857,9477
Grinnell,IA,United States,41.7352,-92.7249,9473
Cumming,GA,United States,34.2061,-84.1338,9471
Florence,OR,United States,43.9916,-124.1065,9470
Girard,OH,United States,41.1656,-80.6961,9469
Commerce,TX,United States,33.241,-95.8989,9467
North College Hill,OH,United States,39.2171,-84.552,9463
Arden Hills,MN,United States,45.0712,-93.1655,9461
McFarland,WI,United States,43.0192,-89.2834,9460
Berlin,NH,United States,44.4843,-71.2771,9459
Angola,IN,United States,41.6411,-85.011,9456
Windsor,WI,United States,43.2457,-89.2815,9456
Fredonia,NY,United States,42.4407,-79.3319,9455
Northlake,TX,United States,33.0738,-97.2562,9453
Tomah,WI,United States,43.988,-90.5014,9452
Fort Lupton,CO,United States,40.0828,-104.8055,9447
Bladensburg,MD,United States,38.9424,-76.9259,9446
Live Oak,CA,United States,39.2788,-121.6624,9443
Park Ridge,NJ,United States,41.0362,-74.0443,9440
Harrisburg,SD,United States,43.4343,-96.7124,9435
LaSalle,IL,United States,41.3352,-89.0972,9432
Madeira,OH,United States,39.1851,-84.3731,9423
Juan José Castelli,Chaco,Argentina,-25.9495,-60.6166,9421
Clinton,MO,United States,38.3712,-93.7681,9416
Sarnen,Obwalden,Switzerland,46.899,8.243,9410
Zebulon,NC,United States,35.8295,-78.3142,9401
Emerald,Queensland,Australia,-23.5122,148.1673,9398
Pleasant Grove,AL,United States,33.494,-86.9781,9390
Brownsville,TN,United States,35.589,-89.2579,9386
Kundiawa,Chimbu,Papua New Guinea,-6.023,144.96,9383
Oakwood,OH,United States,39.7202,-84.1733,9378
Silver City,NM,United States,32.7786,-108.2694,9377
St. Francis,WI,United States,42.971,-87.8717,9377
Bridgeport,WV,United States,39.3034,-80.2429,9377
Oil City,PA,United States,41.4288,-79.7078,9374
Hawthorn Woods,IL,United States,42.2358,-88.0675,9373
Jennings,LA,United States,30.224,-92.6583,9372
Hooper,UT,United States,41.1626,-112.342,9369
The Village,OK,United States,35.5703,-97.5575,9368
Alma,MI,United States,43.3803,-84.6544,9364
Weyburn,Saskatchewan,Canada,49.6666,-103.85,9362
Parsons,KS,United States,37.334,-95.265,9362
Montvale,NJ,United States,41.0546,-74.0473,9361
San Pedro,San Pedro,Paraguay,-24.09,-57.08,9360
Shira,Khakass,Russia,54.4914,89.9531,9358
Harvard,IL,United States,42.4296,-88.6211,9356
Gore,Addis Ababa,Ethiopia,8.149,35.537,9352
Orlu,Imo,Nigeria,5.7837,7.0333,9351
Denham Springs,LA,United States,30.4743,-90.959,9349
Itasca,IL,United States,41.9766,-88.0188,9346
Amherst,Nova Scotia,Canada,45.8166,-64.2166,9336
Havre,MT,United States,48.5419,-109.678,9330
Villa Ahumada,Chihuahua,Mexico,30.6104,-106.51,9326
Waterford,CA,United States,37.6427,-120.7542,9323
Rochelle,IL,United States,41.9191,-89.0637,9319
Rensselaer,NY,United States,42.6457,-73.7325,9310
Sheffield,AL,United States,34.757,-87.6971,9307
Ogdensburg,NY,United States,44.7092,-75.4633,9304
Toccoa,GA,United States,34.5821,-83.3272,9303
Leonia,NJ,United States,40.8634,-73.9885,9303
Groton,CT,United States,41.3251,-72.0669,9302
Fairfield,IA,United States,41.0064,-91.9666,9300
Warrenton,MO,United States,38.8191,-91.1379,9298
Collinsville,OK,United States,36.3693,-95.8618,9296
Laurens,SC,United States,34.5027,-82.0214,9288
Altoona,WI,United States,44.8,-91.4396,9287
Steger,IL,United States,41.4723,-87.6177,9283
Wesley Chapel,NC,United States,35.0058,-80.6934,9280
Perkasie,PA,United States,40.3717,-75.2928,9277
Swan Hill,Victoria,Australia,-35.3396,143.54,9276
Chatham,NJ,United States,40.7407,-74.3845,9275
Bluefield,WV,United States,37.2628,-81.2113,9272
Providence,UT,United States,41.7036,-111.8133,9267
Shelby,OH,United States,40.8851,-82.6583,9263
Palm Beach,FL,United States,26.6948,-80.0419,9258
Jacinto City,TX,United States,29.7664,-95.2412,9257
Conshohocken,PA,United States,40.0772,-75.3041,9256
Flossmoor,IL,United States,41.5391,-87.6857,9252
Millersville,PA,United States,40.0053,-76.3518,9252
Ulladulla,New South Wales,Australia,-35.3495,150.47,9250
Kasane,North-West,Botswana,-17.8096,25.15,9250
Quakertown,PA,United States,40.4397,-75.3458,9247
Augusta,KS,United States,37.698,-96.9732,9245
Charlotte,MI,United States,42.5662,-84.8318,9242
Kapuskasing,Ontario,Canada,49.4167,-82.4333,9240
Shawano,WI,United States,44.7779,-88.586,9237
Diamondhead,MS,United States,30.3821,-89.3502,9236
Ventnor City,NJ,United States,39.342,-74.4826,9226
Waseca,MN,United States,44.0815,-93.504,9221
Harrodsburg,KY,United States,37.7681,-84.8488,9219
Ertis,Pavlodar,Kazakhstan,53.3453,75.4499,9216
San Jose,Santa Cruz,Bolivia,-17.85,-60.78,9211
Sugar Grove,IL,United States,41.7686,-88.4489,9210
Kaufman,TX,United States,32.5836,-96.3167,9201
Oak Grove,MN,United States,45.3484,-93.3273,9194
Manteno,IL,United States,41.2478,-87.8443,9178
Bethalto,IL,United States,38.9017,-90.0448,9170
Tuscumbia,AL,United States,34.7185,-87.7026,9169
Halachó,Yucatán,Mexico,20.48,-90.08,9165
Whitefish,MT,United States,48.438,-114.348,9163
Hampton,GA,United States,33.3777,-84.299,9162
Eunice,LA,United States,30.4904,-92.4191,9161
Riverdale,UT,United States,41.1731,-112.0023,9160
York,SC,United States,34.9983,-81.2331,9154
Providence Village,TX,United States,33.2378,-96.9568,9154
Plymouth,MI,United States,42.3712,-83.4676,9153
Ust-Nera,Sakha (Yakutia),Russia,64.5666,143.2,9148
Usakos,Erongo,Namibia,-21.9995,15.58,9147
Elsmere,KY,United States,38.9937,-84.6019,9147
Absecon,NJ,United States,39.4236,-74.493,9130
Porto Nacional,Tocantins,Brazil,-10.7,-48.4199,9129
Lapeer,MI,United States,43.0451,-83.3267,9128
Warren,PA,United States,41.8429,-79.1439,9125
Clanton,AL,United States,32.8456,-86.6195,9123
Cresskill,NJ,United States,40.94,-73.9583,9118
Challapata,Oruro,Bolivia,-18.8996,-66.78,9114
Bernalillo,NM,United States,35.3124,-106.5541,9114
Cleveland,TX,United States,30.3382,-95.0903,9113
Ménaka,Gao,Mali,15.9167,2.4,9110
Mae Hong Son,Mae Hong Son,Thailand,19.301,97.969,9109
Lancaster,SC,United States,34.7261,-80.779,9103
Des Peres,MO,United States,38.5984,-90.4453,9099
Little Falls,MN,United States,45.9856,-94.3597,9095
Baxter,MN,United States,46.3439,-94.276,9092
Colac,Victoria,Australia,-38.3395,143.58,9089
Merrill,WI,United States,45.1806,-89.7003,9089
Shar,East Kazakhstan,Kazakhstan,49.6003,81.0549,9087
Milliken,CO,United States,40.3105,-104.8584,9084
Booneville,MS,United States,34.6644,-88.568,9081
Ayr,Queensland,Australia,-19.5702,147.3995,9078
Dauphin,Manitoba,Canada,51.15,-100.0499,9077
Poteau,OK,United States,35.0667,-94.6103,9075
Jumla,Karnali,Nepal,29.25,82.2167,9073
Washington Terrace,UT,United States,41.1683,-111.9782,9070
Inírida,Guainía,Colombia,3.854,-67.9061,9065
Orange Park,FL,United States,30.1709,-81.7047,9064
Richmond Heights,MO,United States,38.6309,-90.3332,9058
Tula,Tamaulipas,Mexico,23.0004,-99.72,9054
Gretna,NE,United States,41.1279,-96.1969,9054
Novo Airão,Amazonas,Brazil,-2.6208,-60.9438,9049
Craig,CO,United States,40.5171,-107.5554,9049
Chillicothe,MO,United States,39.7961,-93.55,9044
Seneca,SC,United States,34.6811,-82.9656,9043
East Stroudsburg,PA,United States,41.0049,-75.1715,9042
Sunset Hills,MO,United States,38.5312,-90.4093,9041
Willowbrook,IL,United States,41.7673,-87.9421,9038
Namsos,Nord-Trøndelag,Norway,64.4833,11.5,9035
Cortez,CO,United States,37.3498,-108.5767,9033
Guntersville,AL,United States,34.3679,-86.2523,9028
Lynwood,IL,United States,41.5226,-87.5505,9025
Aliquippa,PA,United States,40.6158,-80.2552,9022
Indian Harbour Beach,FL,United States,28.1575,-80.6001,9019
Stanwood,WA,United States,48.2451,-122.3422,9016
Middlesborough,KY,United States,36.6135,-83.7225,9012
Rice Lake,WI,United States,45.482,-91.7458,9012
Saline,MI,United States,42.1747,-83.7771,9006
Indianola,MS,United States,33.4489,-90.6438,9003
B'abda,Mount Lebanon,Lebanon,33.8333,35.5333,9000
Aguelhok,Kidal,Mali,19.4549,0.8564,9000
Mbamba Bay,Ruvuma,Tanzania,-11.2829,34.7666,8997
Grants,NM,United States,35.1542,-107.8323,8996
Chamical,La Rioja,Argentina,-30.3496,-66.3167,8989
Bastrop,LA,United States,32.7749,-91.9078,8989
Greenville,MI,United States,43.1796,-85.254,8989
Smithfield,VA,United States,36.9724,-76.6142,8989
Lake Park,FL,United States,26.8001,-80.0675,8984
Oxford,NC,United States,36.3217,-78.5865,8972
Navasota,TX,United States,30.3864,-96.0907,8969
Newark,NY,United States,43.042,-77.094,8967
Sheffield Lake,OH,United States,41.4883,-82.0979,8965
Economy,PA,United States,40.6437,-80.1863,8962
Sinop,Mato Grosso,Brazil,-11.85,-55.46,8961
Bondurant,IA,United States,41.698,-93.4577,8959
Orting,WA,United States,47.0969,-122.2117,8955
Clayton,NJ,United States,39.6641,-75.0744,8948
Pearsall,TX,United States,28.8929,-99.0972,8946
Sodankylä,Lapland,Finland,67.4171,26.6,8942
Fitzgerald,GA,United States,31.713,-83.2522,8942
Ecorse,MI,United States,42.2496,-83.1404,8941
Kachiry,Pavlodar,Kazakhstan,53.0804,76.09,8931
East Grand Forks,MN,United States,47.9286,-97.0138,8929
Kuybyshevskiy,Khatlon,Tajikistan,37.9794,68.689,8925
Purcellville,VA,United States,39.1375,-77.7114,8924
Aransas Pass,TX,United States,27.915,-97.1032,8923
Mascoutah,IL,United States,38.5181,-89.8,8916
Signal Mountain,TN,United States,35.1439,-85.3415,8916
Quibala,Cuanza Sul,Angola,-10.7296,14.98,8915
Livingston,MT,United States,45.6655,-110.5559,8908
Plymouth,WI,United States,43.7453,-87.9653,8908
Oak Grove,MO,United States,39.007,-94.1284,8907
Makhambet,Atyrau,Kazakhstan,47.6714,51.5798,8905
Joshua,TX,United States,32.4591,-97.3838,8901
Zhangaozen,Mangghystau,Kazakhstan,43.3004,52.8,8895
Mound,MN,United States,44.932,-93.6583,8895
Savoy,IL,United States,40.0591,-88.2545,8891
Rockingham,NC,United States,34.9386,-79.7603,8890
Kemijärvi,Lapland,Finland,66.6667,27.4167,8883
Ladue,MO,United States,38.6364,-90.3851,8880
Pitman,NJ,United States,39.7331,-75.1297,8880
Cottage Grove,WI,United States,43.0922,-89.2053,8880
Othello,WA,United States,46.8221,-119.1658,8878
Cuencame,Durango,Mexico,24.8704,-103.7,8876
Benton Harbor,MI,United States,42.1135,-86.4472,8875
Hillview,KY,United States,38.062,-85.6965,8874
Beebe,AR,United States,35.0724,-91.9011,8871
Hamilton,Victoria,Australia,-37.7312,142.0234,8869
Fort Valley,GA,United States,32.5511,-83.8799,8868
Parkville,MO,United States,39.2144,-94.7043,8859
Pulaski,VA,United States,37.0528,-80.7619,8858
Tiburon,CA,United States,37.8868,-122.4626,8846
Riverside,IL,United States,41.831,-87.8159,8845
Bath,ME,United States,43.9325,-69.8472,8844
Olivette,MO,United States,38.6724,-90.3786,8843
Grandview Heights,OH,United States,39.9793,-83.0401,8841
Andalusia,AL,United States,31.3094,-86.478,8840
Caldwell,NJ,United States,40.8392,-74.277,8834
Haledon,NJ,United States,40.937,-74.1889,8834
Sitia,Kriti,Greece,35.2004,26.0986,8833
Gypsum,CO,United States,39.6202,-106.9564,8833
Collingdale,PA,United States,39.9151,-75.2776,8833
Arab,AL,United States,34.3324,-86.5012,8830
Cloverdale,CA,United States,38.7948,-123.0147,8825
Thief River Falls,MN,United States,48.1112,-96.1776,8821
Boonton,NJ,United States,40.9038,-74.4064,8821
Graham,TX,United States,33.1009,-98.5778,8819
Mokhotlong,Mokhotlong,Lesotho,-29.291,29.078,8809
Park City,KS,United States,37.8084,-97.3253,8808
Piedmont,OK,United States,35.6748,-97.7535,8804
Carbondale,PA,United States,41.5714,-75.5048,8796
Minnetrista,MN,United States,44.9386,-93.7124,8791
Franklin,NH,United States,43.4539,-71.6699,8790
Hoquiam,WA,United States,46.9772,-123.9097,8789
Hondo,TX,United States,29.3542,-99.1618,8786
Shannon,Clare,Ireland,52.7038,-8.8641,8781
Nueva Ocotepeque,Ocotepeque,Honduras,14.437,-89.182,8780
Beaver Falls,PA,United States,40.7594,-80.3226,8777
Buyant-Uhaa,Dornogovi,Mongolia,44.8666,110.15,8776
Liberty,TX,United States,30.0388,-94.7888,8774
Gilberts,IL,United States,42.11,-88.3719,8772
Tuskegee,AL,United States,32.4187,-85.6825,8765
Fruitland Park,FL,United States,28.8496,-81.9369,8765
Marrupa,Nassa,Mozambique,-13.1984,37.4995,8762
Jefferson City,TN,United States,36.1208,-83.4833,8761
Skiatook,OK,United States,36.3465,-95.9454,8760
Park Hills,MO,United States,37.817,-90.4999,8759
Tocantinópolis,Tocantins,Brazil,-6.3196,-47.42,8750
Napoleon,OH,United States,41.398,-84.125,8750
Travelers Rest,SC,United States,34.96,-82.445,8750
Wharton,TX,United States,29.3176,-96.1023,8742
Seaford,DE,United States,38.6573,-75.6134,8735
St. Pete Beach,FL,United States,27.7168,-82.7396,8732
Scott,LA,United States,30.2398,-92.0948,8728
Anthony,NM,United States,32.0131,-106.5984,8726
Corozal,Corozal,Belize,18.398,-88.388,8724
Harahan,LA,United States,29.9364,-90.2027,8719
Audubon,NJ,United States,39.8901,-75.0724,8716
Georgetown,SC,United States,33.3724,-79.2808,8714
Al Quwayiyah,Ar Riyad,Saudi Arabia,24.0737,45.2806,8712
Ellsworth,ME,United States,44.5829,-68.4801,8711
Hillsboro,TX,United States,32.009,-97.1145,8703
Milton,WA,United States,47.252,-122.3173,8693
Dripping Springs,TX,United States,30.1959,-98.0937,8689
Maysville,KY,United States,38.65,-83.793,8687
Lake Geneva,WI,United States,42.5833,-88.4285,8684
Pea Ridge,AR,United States,36.4528,-94.1259,8680
Pleasant Hill,MO,United States,38.806,-94.2723,8679
Altdorf,Uri,Switzerland,46.879,8.638,8678
Presque Isle,ME,United States,46.689,-67.9919,8677
Wyoming,OH,United States,39.2297,-84.4816,8672
Helena-West Helena,AR,United States,34.5314,-90.6201,8670
Ephrata,WA,United States,47.3123,-119.5343,8665
Cusseta-Chattahoochee County unified government,GA,United States,32.3474,-84.788,8661
Gadabay,G?d?b?y,Azerbaijan,40.5656,45.8161,8657
Luba,Bioko Sur,Equatorial Guinea,3.45,8.55,8655
Sutherlin,OR,United States,43.3862,-123.3227,8652
Brownfield,TX,United States,33.1755,-102.2734,8652
Toppenish,WA,United States,46.3802,-120.3126,8650
La Libertad,Petén,Guatemala,16.7804,-90.12,8646
Dade City,FL,United States,28.3559,-82.1934,8646
Highland Park,TX,United States,32.8311,-96.8012,8642
Lucas,TX,United States,33.101,-96.5812,8642
Sallisaw,OK,United States,35.4604,-94.8066,8641
Suntar,Sakha (Yakutia),Russia,62.1444,117.6319,8639
Fort Mitchell,KY,United States,39.0455,-84.5562,8639
Payette,ID,United States,44.0801,-116.9269,8636
Conover,NC,United States,35.7152,-81.2168,8635
North Haledon,NJ,United States,40.9636,-74.1853,8633
Harwood Heights,IL,United States,41.9663,-87.8056,8632
Lake Villa,IL,United States,42.4176,-88.0826,8625
Guadalupe,CA,United States,34.9649,-120.5731,8622
Bee Cave,TX,United States,30.3077,-97.9626,8621
Corrales,NM,United States,35.2396,-106.6271,8616
Old Forge,PA,United States,41.3704,-75.7409,8612
Bryan,OH,United States,41.4703,-84.5481,8609
Rock Falls,IL,United States,41.7721,-89.6942,8600
Tecumseh,MI,United States,42.0061,-83.9445,8596
Jeannette,PA,United States,40.3278,-79.6139,8591
Olmsted Falls,OH,United States,41.3657,-81.9038,8587
Mount Pleasant,IA,United States,40.9622,-91.5472,8581
Dunn,NC,United States,35.3116,-78.613,8581
Thompson's Station,TN,United States,35.8126,-86.9101,8580
Kingaroy,Queensland,Australia,-26.539,151.8406,8573
Selah,WA,United States,46.6459,-120.5383,8571
Glencoe,IL,United States,42.1345,-87.7632,8570
Coffeyville,KS,United States,37.0327,-95.6516,8570
Covington,TN,United States,35.5659,-89.6485,8568
Monmouth,IL,United States,40.9142,-90.6431,8567
Port Jervis,NY,United States,41.378,-74.6908,8565
Cheviot,OH,United States,39.1577,-84.6139,8565
Clarendon Hills,IL,United States,41.7984,-87.9572,8562
Inverell,New South Wales,Australia,-29.7668,151.1126,8561
Hope,AR,United States,33.6682,-93.5889,8558
Chos Malal,Neuqutn,Argentina,-37.383,-70.2666,8556
West Long Branch,NJ,United States,40.2879,-74.02,8555
New Paltz,NY,United States,41.7499,-74.0797,8552
Firebaugh,CA,United States,36.8537,-120.4537,8547
Closter,NJ,United States,40.9729,-73.9603,8544
Aqsu,Aqmola,Kazakhstan,52.4502,71.9597,8543
Sioux Center,IA,United States,43.0748,-96.1704,8543
Kronenwetter,WI,United States,44.8199,-89.5887,8539
Highland Heights,OH,United States,41.5518,-81.4691,8537
Mascotte,FL,United States,28.6043,-81.9055,8536
Monona,WI,United States,43.0539,-89.3335,8536
Orange Beach,AL,United States,30.294,-87.5954,8534
Gering,NE,United States,41.827,-103.6625,8531
Plain City,UT,United States,41.3067,-112.0943,8531
Black Mountain,NC,United States,35.615,-82.3279,8530
Albertville,MN,United States,45.236,-93.6627,8527
Delavan,WI,United States,42.6305,-88.6298,8523
Winslow,AZ,United States,35.0242,-110.7093,8517
Duvall,WA,United States,47.7355,-121.9722,8517
Olney,IL,United States,38.7281,-88.0842,8512
Houghton,MI,United States,47.1118,-88.5672,8508
Perryville,MO,United States,37.7263,-89.8765,8506
Farmingdale,NY,United States,40.7328,-73.4468,8502
Hilf,Ash Sharqiyah,Oman,20.6562,58.8768,8500
Kirkwall,Moray,United Kingdom,58.967,-2.95,8500
Oranjemund,Karas,Namibia,-28.5495,16.43,8496
San Antonio Oeste,RRo Negro,Argentina,-40.7329,-64.9333,8492
Emmett,ID,United States,43.8692,-116.4913,8492
Santa Clara,UT,United States,37.1314,-113.6566,8492
Mukwonago,WI,United States,42.853,-88.3206,8492
Sunnyvale,TX,United States,32.7998,-96.5585,8486
Waukesha,WI,United States,42.9604,-88.2493,8484
Upper Saddle River,NJ,United States,41.0632,-74.1,8480
Prairie View,TX,United States,30.0829,-95.9771,8479
Centerville,GA,United States,32.6365,-83.6857,8470
Chanute,KS,United States,37.6697,-95.4642,8468
Gettysburg,PA,United States,39.8306,-77.2341,8468
Evinayong,Centro Sur,Equatorial Guinea,1.45,10.5667,8462
Charlestown,IN,United States,38.4298,-85.6704,8460
Lock Haven,PA,United States,41.1371,-77.4532,8457
Goundam,Timbuktu,Mali,16.417,-3.6666,8456
Achacachi,La Paz,Bolivia,-16.0833,-68.6666,8447
Highland Park,MI,United States,42.4052,-83.0977,8443
St. Francis,MN,United States,45.394,-93.3941,8442
Miles City,MT,United States,46.4058,-105.8389,8438
Potsdam,NY,United States,44.6708,-74.9835,8436
Camden,SC,United States,34.2589,-80.6092,8431
Northfield,NJ,United States,39.3731,-74.5541,8426
Elwood,IN,United States,40.2738,-85.8373,8423
Vallegrande,Santa Cruz,Bolivia,-18.4896,-64.11,8422
Raritan,NJ,United States,40.5713,-74.646,8422
Orrville,OH,United States,40.8483,-81.7769,8422
Lewistown,PA,United States,40.5972,-77.5715,8418
Malverne,NY,United States,40.6745,-73.6721,8417
Princeton,IN,United States,38.3545,-87.5795,8401
Katakwi,Usuk,Uganda,1.8911,33.9661,8400
Edgewood,KY,United States,39.0087,-84.5599,8398
Waite Park,MN,United States,45.5209,-94.243,8396
Cushing,OK,United States,35.9797,-96.7618,8391
Aleg,Brakna,Mauritania,17.058,-13.909,8388
Barre,VT,United States,44.1991,-72.508,8387
Clinton,OK,United States,35.5071,-98.9705,8383
Carl Junction,MO,United States,37.1642,-94.5427,8379
St. Marys,OH,United States,40.5476,-84.3923,8377
Wagoner,OK,United States,35.9657,-95.3777,8375
Tuttle,OK,United States,35.3139,-97.7536,8373
Bay Minette,AL,United States,30.8944,-87.7913,8371
Los Fresnos,TX,United States,26.0741,-97.488,8362
Socorro,NM,United States,34.0545,-106.9062,8361
Center Line,MI,United States,42.4806,-83.0274,8354
Dalhart,TX,United States,36.0574,-102.5122,8353
Hood River,OR,United States,45.7091,-121.526,8346
Brokopondo,Brokopondo,Suriname,5.0404,-55.02,8340
Sunbury,OH,United States,40.2494,-82.8802,8340
Mount Joy,PA,United States,40.1106,-76.5057,8340
Franklin,VA,United States,36.684,-76.9414,8339
Runnemede,NJ,United States,39.8534,-75.0755,8338
Doylestown,PA,United States,40.3142,-75.1277,8338
Lochbuie,CO,United States,40.0091,-104.7265,8336
Enoch,UT,United States,37.7666,-113.0453,8336
Gonzales,CA,United States,36.506,-121.4429,8327
Abingdon,VA,United States,36.7067,-81.9716,8325
Richland Hills,TX,United States,32.8102,-97.2265,8323
Pleasant Hills,PA,United States,40.3298,-79.9596,8322
Clinton,NC,United States,35.0004,-78.3315,8320
Downingtown,PA,United States,40.0083,-75.7022,8320
Masindi-Port,Masindi,Uganda,1.7004,32.0699,8319
Crete,IL,United States,41.4405,-87.6245,8316
Maryville,IL,United States,38.7288,-89.9663,8316
Atmore,AL,United States,31.1241,-87.4578,8315
Independence,KS,United States,37.2329,-95.7136,8315
Quincy,WA,United States,47.2349,-119.8525,8315
Brunswick,MD,United States,39.318,-77.6253,8309
Hastings-on-Hudson,NY,United States,40.988,-73.8812,8307
Floresville,TX,United States,29.1467,-98.1652,8306
Eaton,OH,United States,39.7501,-84.6345,8301
Milan,TN,United States,35.912,-88.754,8292
Virginia,MN,United States,47.528,-92.5176,8291
Brookhaven,PA,United States,39.8711,-75.3913,8291
Swissvale,PA,United States,40.4203,-79.886,8290
Commerce,GA,United States,34.2143,-83.4757,8287
Senatobia,MS,United States,34.6086,-89.981,8287
Paradise,CA,United States,39.7542,-121.6064,8285
Sitka,AK,United States,57.1932,-135.3674,8282
Pulaski,TN,United States,35.193,-87.0347,8276
Nibley,UT,United States,41.673,-111.8468,8271
Glenwood,IL,United States,41.541,-87.6118,8268
Richfield,UT,United States,38.7613,-112.093,8268
North Bend,WA,United States,47.488,-121.7688,8268
Aubrey,TX,United States,33.3085,-96.9791,8267
Lamesa,TX,United States,32.7333,-101.9538,8266
Jerseyville,IL,United States,39.1172,-90.3267,8263
Long Grove,IL,United States,42.195,-88.011,8263
Nevada,MO,United States,37.8449,-94.3503,8262
Winnemucca,NV,United States,40.9644,-117.7246,8261
Price,UT,United States,39.604,-110.8004,8261
Kenilworth,NJ,United States,40.6781,-74.2881,8259
Scappoose,OR,United States,45.7581,-122.8731,8259
Hatboro,PA,United States,40.1774,-75.1055,8257
Springfield,FL,United States,30.1712,-85.6122,8255
Park City,UT,United States,40.6573,-111.4938,8254
Winooski,VT,United States,44.4956,-73.1849,8251
Olovyannaya,Chita,Russia,50.95,115.5666,8247
Flushing,MI,United States,43.0628,-83.8426,8243
New Prague,MN,United States,44.5457,-93.5756,8240
Newton,NJ,United States,41.0515,-74.7536,8240
Stayton,OR,United States,44.8055,-122.7998,8225
Aiquile,Cochabamba,Bolivia,-18.1896,-65.18,8224
Perryton,TX,United States,36.3929,-100.7977,8219
Trinidad,CO,United States,37.1732,-104.4903,8216
Brazil,IN,United States,39.5224,-87.1245,8214
Zhanibek,West Kazakhstan,Kazakhstan,49.4276,46.8772,8212
Roxboro,NC,United States,36.3946,-78.9773,8212
Menominee,MI,United States,45.1221,-87.6236,8207
Cuero,TX,United States,29.1027,-97.2871,8204
Moree,New South Wales,Australia,-29.4699,149.8301,8203
Sequim,WA,United States,48.0737,-123.0878,8203
Yeghegnadzor,Vayots Dzor,Armenia,39.7611,45.3333,8200
Qarqaraly,Qaraghandy,Kazakhstan,49.4249,75.4649,8195
Pewaukee,WI,United States,43.0869,-88.2564,8195
Los Altos Hills,CA,United States,37.3668,-122.1386,8189
Oradell,NJ,United States,40.9567,-74.0329,8188
Sheboygan Falls,WI,United States,43.7293,-87.8262,8187
Prairie Grove,AR,United States,35.9861,-94.3034,8186
Rhinelander,WI,United States,45.6361,-89.4255,8185
Mahtomedi,MN,United States,45.0583,-92.9702,8184
York,NE,United States,40.8704,-97.5927,8180
Dunellen,NJ,United States,40.5903,-74.4657,8176
Monticello,AR,United States,33.6248,-91.7937,8175
Wytheville,VA,United States,36.9534,-81.0884,8172
Bellevue,OH,United States,41.2741,-82.8399,8164
Camp Hill,PA,United States,40.2422,-76.9274,8163
Fletcher,NC,United States,35.4329,-82.5074,8158
Mason,MI,United States,42.5807,-84.4423,8153
Austell,GA,United States,33.8198,-84.6438,8148
Westwego,LA,United States,29.9054,-90.1435,8148
Ndalatando,Cuanza Norte,Angola,-9.2995,14.91,8144
Somers,WI,United States,42.6432,-87.8922,8140
Croton-on-Hudson,NY,United States,41.2097,-73.9012,8136
Wilson,PA,United States,40.6844,-75.2417,8135
Butler,NJ,United States,40.9978,-74.347,8133
Orland,CA,United States,39.7461,-122.1855,8132
Port Jefferson,NY,United States,40.9422,-73.0528,8129
Dalnegorsk,Primor'ye,Russia,44.5372,135.5172,8123
Wickenburg,AZ,United States,33.9948,-112.7589,8123
Mount Rainier,MD,United States,38.9424,-76.9646,8119
Orono,MN,United States,44.961,-93.5877,8119
Putina,Callao,Peru,-15.47,-69.43,8118
Wyoming,MN,United States,45.3399,-92.9684,8116
Almirante,Bocas del Toro,Panama,9.3,-82.4,8114
Denison,IA,United States,42.0164,-95.3529,8114
Fort Stockton,TX,United States,30.8926,-102.8842,8113
Butner,NC,United States,36.1343,-78.7407,8108
South Weber,UT,United States,41.1342,-111.9388,8105
Castle Shannon,PA,United States,40.3664,-80.0195,8101
Johnstown,NY,United States,43.0073,-74.3751,8099
Newport,AR,United States,35.6238,-91.2317,8089
Hampshire,IL,United States,42.1156,-88.5052,8086
Ketchikan,AK,United States,55.3571,-131.6746,8079
Spotswood,NJ,United States,40.3936,-74.3927,8078
Rabaul,East New Britain,Papua New Guinea,-4.2055,152.1434,8074
Brentwood,MO,United States,38.6194,-90.3475,8070
Corning,CA,United States,39.9282,-122.182,8069
Puerto Aisén,Ais,Chile,-45.3999,-72.7,8067
Uliastay,Dzavhan,Mongolia,47.75,96.8167,8056
Alliance,NE,United States,42.1026,-102.8762,8056
Qusmuryn,Qostanay,Kazakhstan,52.458,64.6,8049
Oak Brook,IL,United States,41.8364,-87.9532,8049
Hornell,NY,United States,42.333,-77.6632,8049
Vinton,VA,United States,37.2742,-79.8882,8046
Winfield,IN,United States,41.4121,-87.2624,8045
Siler City,NC,United States,35.7261,-79.4557,8043
Maplewood,MO,United States,38.6121,-90.3239,8041
Paris,IL,United States,39.6151,-87.6891,8039
Kirby,TX,United States,29.4617,-98.3853,8039
Rolling Hills Estates,CA,United States,33.7784,-118.3274,8033
Rawlins,WY,United States,41.7851,-107.2247,8032
Berkeley,MO,United States,38.7463,-90.3362,8031
Macclenny,FL,United States,30.281,-82.1253,8027
Deniliquin,New South Wales,Australia,-35.5296,144.95,8024
Farr West,UT,United States,41.3015,-112.0318,8021
Kontcha,Adamaoua,Cameroon,7.967,12.2333,8018
Decatur,TX,United States,33.2259,-97.587,8016
Woodfin,NC,United States,35.6461,-82.5944,8012
Wynne,AR,United States,35.2352,-90.7885,8011
Newberry,FL,United States,29.6458,-82.5946,8010
El Calafate,Santa Cruz,Argentina,-50.3333,-72.3,8000
Oldeani,Arusha,Tanzania,-3.3496,35.55,8000
Wahpeton,ND,United States,46.2721,-96.6122,8000
Bellevue,PA,United States,40.4939,-80.0553,8000
Jackson,WI,United States,43.3199,-88.1641,8000
Hillsdale,MI,United States,41.9275,-84.6375,7998
Island Lake,IL,United States,42.2788,-88.2005,7992
Montpelier,VT,United States,44.2664,-72.5715,7991
Lexington,TN,United States,35.6421,-88.3753,7988
Perry,IA,United States,41.8379,-94.0933,7984
Antigo,WI,United States,45.1413,-89.1552,7974
Oak Grove,KY,United States,36.6738,-87.4225,7973
Bajram Curri,Kukës,Albania,42.3333,20.0833,7967
Blair,NE,United States,41.5416,-96.1353,7967
Brighton,MI,United States,42.5297,-83.7845,7958
Illizi,Illizi,Algeria,26.4834,8.4666,7957
Glen Ridge,NJ,United States,40.8048,-74.2046,7952
Tyrone,GA,United States,33.4761,-84.5945,7949
Pismo Beach,CA,United States,35.1532,-120.6739,7948
Senmonorom,Môndól Kiri,Cambodia,12.45,107.2,7944
Keflavík,Suðurnes,Iceland,64.0166,-22.5666,7930
North Bay Village,FL,United States,25.8491,-80.151,7930
Dormont,PA,United States,40.394,-80.0377,7930
Three Rivers,MI,United States,41.9454,-85.6295,7928
Grand Blanc,MI,United States,42.9325,-83.6205,7925
Hillside,IL,United States,41.8675,-87.9018,7923
Latrobe,PA,United States,40.3124,-79.3826,7922
Lake Dallas,TX,United States,33.1278,-97.0228,7917
Quincy,FL,United States,30.566,-84.5858,7913
Lincolnshire,IL,United States,42.1965,-87.9177,7912
Big Rapids,MI,United States,43.6997,-85.4813,7912
Gracias,Lempira,Honduras,14.5833,-88.5833,7909
Harrisburg,IL,United States,37.7377,-88.5458,7907
Port Maria,Saint Mary,Jamaica,18.377,-76.9,7906
Silvis,IL,United States,41.4977,-90.4101,7896
South Beloit,IL,United States,42.4848,-89.0274,7893
Ersekë,Korçë,Albania,40.3333,20.6833,7890
Esperance,Western Australia,Australia,-33.8573,121.8889,7888
San Juan Bautista,Misiones,Paraguay,-26.68,-57.15,7882
Union,SC,United States,34.7235,-81.6248,7881
Hudsonville,MI,United States,42.8634,-85.8622,7879
West Dundee,IL,United States,42.1106,-88.3437,7878
Dexter,MO,United States,36.7928,-89.963,7878
Ashland,WI,United States,46.5818,-90.8719,7878
Woodland Park,CO,United States,38.9982,-105.059,7873
Georgetown,DE,United States,38.6895,-75.3872,7873
Dryden,Ontario,Canada,49.7833,-92.8333,7862
Inverness,FL,United States,28.8422,-82.3423,7857
Lampasas,TX,United States,31.064,-98.1828,7855
Dilolo,Katanga,Congo (Kinshasa),-10.6996,22.3333,7854
Oak Hill,WV,United States,37.972,-81.1579,7849
Brevard,NC,United States,35.2478,-82.7285,7847
Carnegie,PA,United States,40.408,-80.086,7847
Woodlake,CA,United States,36.4128,-119.1007,7846
Arcadia,FL,United States,27.2212,-81.8584,7846
Marshfield,MO,United States,37.3422,-92.911,7845
Park City,IL,United States,42.3537,-87.8924,7842
Corbin,KY,United States,36.9316,-84.1008,7841
Kenton,OH,United States,40.6445,-83.61,7840
Humboldt,TN,United States,35.8274,-88.9045,7840
Bernardsville,NJ,United States,40.7304,-74.5926,7837
Ashland,VA,United States,37.7604,-77.4724,7822
Yreka,CA,United States,41.724,-122.6316,7808
Ponchatoula,LA,United States,30.4406,-90.4428,7804
South Boston,VA,United States,36.7118,-78.9134,7803
San Juan del Sur,Nicaragua,Nicaragua,11.25,-85.86,7790
Stuttgart,AR,United States,34.4952,-91.5486,7788
Chosan,Chagang-do,North Korea,40.8255,125.8008,7786
Grand Ledge,MI,United States,42.7529,-84.7449,7784
Boonville,MO,United States,38.9614,-92.7462,7782
Falmouth,Trelawny,Jamaica,18.4796,-77.656,7779
Grove City,PA,United States,41.1571,-80.0886,7779
Kill Devil Hills,NC,United States,36.0171,-75.6714,7778
Oak Ridge,NC,United States,36.1741,-79.9922,7776
Rockton,IL,United States,42.4471,-89.0631,7768
Moengo,Marowijne,Suriname,5.63,-54.41,7766
Ripon,WI,United States,43.8436,-88.8379,7766
Broadview,IL,United States,41.8584,-87.8562,7762
Victor Harbor,South Australia,Australia,-35.5596,138.6173,7760
Mount Horeb,WI,United States,43.006,-89.7315,7756
Umatilla,OR,United States,45.9176,-119.332,7755
Pinson,AL,United States,33.7093,-86.6636,7753
Punta Gorda,Toledo,Belize,16.1003,-88.81,7748
Kenai,AK,United States,60.5622,-151.2081,7746
Campbell,OH,United States,41.078,-80.59,7745
Madras,OR,United States,44.6639,-121.1604,7744
Noble,OK,United States,35.1349,-97.3711,7739
Geneseo,NY,United States,42.799,-77.8095,7731
Kalabo,Western,Zambia,-14.9896,22.68,7731
St. Joseph,MI,United States,42.0997,-86.4888,7729
Round Lake Park,IL,United States,42.3407,-88.0812,7724
Moundsville,WV,United States,39.9221,-80.7421,7724
Basehor,KS,United States,39.1353,-94.929,7719
Corcoran,MN,United States,45.1069,-93.578,7719
Clinton,SC,United States,34.4739,-81.8609,7714
Webster City,IA,United States,42.4624,-93.8182,7713
Bremen,GA,United States,33.7108,-85.1519,7712
Hitchcock,TX,United States,29.2826,-95.0076,7710
Montevallo,AL,United States,33.1261,-86.8477,7708
New Albany,MS,United States,34.4923,-89.0217,7706
Palmyra,PA,United States,40.31,-76.5948,7702
Princeton,IL,United States,41.3806,-89.4641,7700
St. Johns,MI,United States,43.0005,-84.5555,7699
Oberlin,OH,United States,41.2861,-82.2196,7697
Winters,CA,United States,38.5333,-121.9755,7694
Castillos,Rocha,Uruguay,-34.1696,-53.83,7686
Las Lomitas,Formosa,Argentina,-24.6996,-60.6,7683
Hughson,CA,United States,37.6021,-120.866,7683
Fairlawn,OH,United States,41.131,-81.6223,7682
Seward,NE,United States,40.9092,-97.0961,7672
Charles Town,WV,United States,39.264,-77.8813,7672
Union,KY,United States,38.9469,-84.6737,7671
Revelstoke,British Columbia,Canada,51.0005,-118.1833,7668
Ruidoso,NM,United States,33.3495,-105.6688,7663
Bayghanin,Aqtöbe,Kazakhstan,48.6917,55.874,7657
Fanwood,NJ,United States,40.6417,-74.3857,7655
Bentiu,Unity,South Sudan,9.2333,29.8333,7653
Jersey Village,TX,United States,29.8929,-95.5772,7653
Great Neck Plaza,NY,United States,40.7869,-73.7262,7651
Dacula,GA,United States,33.982,-83.9011,7650
Jefferson,WI,United States,43.004,-88.8085,7646
Guide,Gansu,China,36.0451,101.4242,7642
Baldwinsville,NY,United States,43.1597,-76.3385,7639
Pittston,PA,United States,41.3279,-75.7857,7638
Millsboro,DE,United States,38.5887,-75.3096,7637
Ripley,TN,United States,35.7461,-89.5341,7626
Kimberly,WI,United States,44.2668,-88.338,7626
Colonie,NY,United States,42.7209,-73.8317,7622
Bonner Springs,KS,United States,39.0754,-94.8717,7621
Bansang,Maccarthy Island,The Gambia,13.4336,-14.65,7615
Lander,WY,United States,42.8313,-108.7599,7615
Swainsboro,GA,United States,32.5856,-82.3348,7611
Canfield,OH,United States,41.0296,-80.77,7610
Marengo,IL,United States,42.2465,-88.5975,7608
Brigantine,NJ,United States,39.4139,-74.3779,7602
Pocahontas,AR,United States,36.2634,-90.9712,7601
Bloomingdale,NJ,United States,41.0355,-74.3356,7598
Ludington,MI,United States,43.9572,-86.4429,7597
London,KY,United States,37.11,-84.0817,7596
Dahlonega,GA,United States,34.5299,-83.9796,7585
Decorah,IA,United States,43.3016,-91.7848,7578
Westlake Village,CA,United States,34.1367,-118.8174,7573
Marble Falls,TX,United States,30.5602,-98.2773,7573
Happy Valley - Goose Bay,Newfoundland and Labrador,Canada,53.3,-60.3,7572
Mount Sterling,KY,United States,38.0655,-83.9488,7571
Chehalis,WA,United States,46.6642,-122.9654,7571
Wellington,KS,United States,37.2781,-97.4067,7568
Hubbard,OH,United States,41.1581,-80.5647,7568
Clear Lake,IA,United States,43.1351,-93.3737,7567
Ilion,NY,United States,43.0113,-75.0397,7567
Southwest Ranches,FL,United States,26.0497,-80.3738,7566
Fort Scott,KS,United States,37.828,-94.7041,7565
King,NC,United States,36.2747,-80.3569,7561
Bradford,PA,United States,41.961,-78.6409,7560
Pacific,MO,United States,38.4814,-90.7507,7554
Ocean Shores,WA,United States,46.9654,-124.1472,7549
Mitla,Oaxaca,Mexico,16.917,-96.4,7547
New Cumberland,PA,United States,40.2288,-76.8783,7547
Urubamba,Cusco,Peru,-13.3042,-72.1166,7540
Villa Hills,KY,United States,39.0655,-84.598,7537
Berlin,NJ,United States,39.7921,-74.937,7534
Addis,LA,United States,30.3695,-91.2636,7532
Venus,TX,United States,32.4324,-97.1018,7528
Lexington,VA,United States,37.7823,-79.4443,7528
Shorewood,MN,United States,44.9024,-93.5953,7526
Lamar,CO,United States,38.076,-102.6147,7525
Hales Corners,WI,United States,42.9412,-88.0495,7522
Iron Mountain,MI,United States,45.8269,-88.0594,7519
Roatán,Islas de la Bahía,Honduras,16.33,-86.519,7514
Lincoln,AL,United States,33.5802,-86.1279,7514
Hastings,MI,United States,42.6501,-85.2884,7512
Aurora,MO,United States,36.9674,-93.7186,7512
Haddon Heights,NJ,United States,39.8791,-75.0659,7511
Catoosa,OK,United States,36.1803,-95.7703,7510
Banff,Alberta,Canada,51.178,-115.5719,7502
Young,New South Wales,Australia,-34.3096,148.29,7501
Yarmouth,Nova Scotia,Canada,43.8308,-66.1126,7500
Breaux Bridge,LA,United States,30.2831,-91.9059,7500
Lavon,TX,United States,33.0234,-96.437,7495
Marion,NC,United States,35.6776,-82.0013,7493
Palmyra,NJ,United States,40.0026,-75.0353,7489
Longboat Key,FL,United States,27.4005,-82.6442,7488
Crete,NE,United States,40.6248,-96.9537,7488
Tell City,IN,United States,37.953,-86.7593,7485
Independence,OH,United States,41.38,-81.6333,7481
Farmville,VA,United States,37.2961,-78.4004,7478
Stans,Nidwalden,Switzerland,46.95,8.3833,7475
Belen,NM,United States,34.7666,-106.8085,7474
Tranqueras,Rivera,Uruguay,-31.2,-55.75,7474
Igarka,Krasnoyarsk,Russia,67.4671,86.5833,7470
Jasper,TX,United States,30.9227,-93.9933,7470
Ojai,CA,United States,34.4492,-119.2467,7466
Alamo Heights,TX,United States,29.4828,-98.4682,7466
Gaoual,Boke,Guinea,11.754,-13.213,7461
Williston Park,NY,United States,40.7588,-73.6466,7459
Archbald,PA,United States,41.5064,-75.5505,7457
Vernon,WI,United States,42.879,-88.2666,7456
Ellwood City,PA,United States,40.862,-80.2829,7454
St. James,NC,United States,33.9444,-78.1003,7443
Wauseon,OH,United States,41.5534,-84.1401,7443
Pikeville,KY,United States,37.4769,-82.5288,7437
Knoxville,IA,United States,41.3185,-93.1026,7432
Caribou,ME,United States,46.8365,-67.9361,7431
Old Town,ME,United States,44.9542,-68.7397,7431
Cotati,CA,United States,38.3285,-122.71,7430
Robertsdale,AL,United States,30.5571,-87.7047,7421
Coracora,Ayacucho,Peru,-15.0196,-73.79,7420
Fairfax,CA,United States,37.9885,-122.5952,7417
Belle Plaine,MN,United States,44.6198,-93.7646,7416
Nebraska City,NE,United States,40.6759,-95.8616,7414
Bellbrook,OH,United States,39.6384,-84.0854,7409
Mahmud-E Eraqi,Kapisa,Afghanistan,35.0167,69.3333,7407
El Alamein,Matruh,Egypt,30.8171,28.95,7400
Trumann,AR,United States,35.6769,-90.526,7400
Taneytown,MD,United States,39.6575,-77.169,7400
Richland,MS,United States,32.2304,-90.1596,7400
Hartsville,SC,United States,34.366,-80.0833,7399
Russellville,KY,United States,36.8395,-86.8956,7398
New London,WI,United States,44.3959,-88.7386,7398
Carnarvon,Western Australia,Australia,-24.8998,113.6501,7392
Creston,IA,United States,41.0603,-94.3647,7392
Neiafu,,Tonga,-18.6496,-173.9833,7391
Eagle,CO,United States,39.6432,-106.8213,7391
Clover,SC,United States,35.1116,-81.2203,7391
Forest City,NC,United States,35.3347,-81.8708,7387
Tea,SD,United States,43.4556,-96.824,7381
Sebastopol,CA,United States,38.4,-122.8276,7380
Reyes,El Beni,Bolivia,-14.3096,-67.37,7376
Hudson Falls,NY,United States,43.3047,-73.5816,7376
Scottsburg,IN,United States,38.6845,-85.7822,7373
Isanti,MN,United States,45.4915,-93.2428,7370
River Oaks,TX,United States,32.7766,-97.3984,7370
Susuman,Maga Buryatdan,Russia,62.7833,148.1668,7367
Tontitown,AR,United States,36.1674,-94.2421,7364
Dayton,TN,United States,35.4954,-85.0087,7362
Vandalia,IL,United States,38.9746,-89.1107,7358
Escalon,CA,United States,37.7913,-120.9996,7355
Lake Alfred,FL,United States,28.1068,-81.7235,7355
Batesville,IN,United States,39.2977,-85.2135,7354
Bloomfield,NM,United States,36.7433,-107.9739,7349
Valley Center,KS,United States,37.8336,-97.3649,7347
Wharton,NJ,United States,40.8971,-74.5745,7346
White Oak,PA,United States,40.3388,-79.7961,7346
Mills River,NC,United States,35.3813,-82.5889,7337
Washington,NJ,United States,40.7585,-74.9832,7335
Luan Chau,Vi?n Bi,Vietnam,21.74,103.343,7335
Goranboy,Goranboy,Azerbaijan,40.6103,46.7897,7333
Salum,Matruh,Egypt,31.567,25.15,7330
Batesville,MS,United States,34.321,-89.9249,7330
Albion,MI,United States,42.2479,-84.7592,7329
Cameron,MO,United States,39.7445,-94.2323,7324
Page,AZ,United States,36.9418,-111.5133,7320
DuBois,PA,United States,41.1223,-78.7562,7320
Briarcliff Manor,NY,United States,41.1403,-73.8475,7319
Savannah,TN,United States,35.2209,-88.2351,7311
Monahans,TX,United States,31.6557,-103.0837,7311
Lake Hallie,WI,United States,44.8917,-91.4203,7310
Lacy-Lakeview,TX,United States,31.6312,-97.1051,7309
Osakarovka,Qaraghandy,Kazakhstan,50.5799,72.5699,7305
Inverness,IL,United States,42.1151,-88.1009,7302
Leeton,New South Wales,Australia,-34.5449,146.3973,7299
Walled Lake,MI,United States,42.5372,-83.4737,7297
Marianna,FL,United States,30.7614,-85.2563,7294
Grove,OK,United States,36.585,-94.7872,7293
Bossembélé,Bangui,Central African Republic,5.267,17.65,7287
Cedarhurst,NY,United States,40.6252,-73.7278,7285
Angier,NC,United States,35.5146,-78.7401,7283
Perry,FL,United States,30.1091,-83.5823,7281
Souderton,PA,United States,40.311,-75.3224,7276
Fowler,CA,United States,36.6241,-119.6747,7274
Northport,NY,United States,40.904,-73.345,7273
Gridley,CA,United States,39.3622,-121.6971,7269
Crookston,MN,United States,47.7747,-96.6064,7268
Seminole,OK,United States,35.2348,-96.6493,7262
Strasburg,VA,United States,39.0034,-78.3495,7260
Wolfforth,TX,United States,33.509,-102.0051,7258
Pleasantville,NY,United States,41.134,-73.7841,7255
McCook,NE,United States,40.2045,-100.6216,7253
Washington,IA,United States,41.2979,-91.6937,7252
Emerson,NJ,United States,40.975,-74.0232,7251
Nyack,NY,United States,41.093,-73.9152,7244
Sealy,TX,United States,29.7641,-96.1622,7243
La Follette,TN,United States,36.3717,-84.1256,7242
Clarkston,WA,United States,46.4154,-117.0501,7242
Heber Springs,AR,United States,35.4996,-92.0293,7239
Clewiston,FL,United States,26.7528,-80.9392,7238
Herkimer,NY,United States,43.0281,-74.9933,7235
Church Hill,TN,United States,36.5196,-82.7141,7232
Seminole,TX,United States,32.7222,-102.6498,7231
Charles City,IA,United States,43.0648,-92.6745,7228
East Hills,NY,United States,40.7958,-73.6292,7228
Flatwoods,KY,United States,38.5231,-82.7193,7227
Roosevelt,UT,United States,40.2877,-109.988,7224
Monticello,NY,United States,41.6525,-74.6878,7221
Scotia,NY,United States,42.832,-73.9604,7221
Gonzales,TX,United States,29.5125,-97.4472,7221
Hiawatha,IA,United States,42.0561,-91.6899,7219
Wetumpka,AL,United States,32.5404,-86.207,7218
Ridley Park,PA,United States,39.878,-75.3255,7216
Sandwich,IL,United States,41.6501,-88.619,7212
La Sarre,Québec,Canada,48.8,-79.2,7206
Delafield,WI,United States,43.0674,-88.3888,7203
Laurel,MT,United States,45.674,-108.7768,7193
Carhué,Ciudad de Buenos Aires,Argentina,-37.1829,-62.7333,7190
Bestobe,Aqmola,Kazakhstan,52.4997,73.0997,7189
Mammoth Lakes,CA,United States,37.6244,-118.9884,7187
Timiryazevskiy,Tomsk,Russia,56.4926,84.9036,7182
Globe,AZ,United States,33.3936,-110.7411,7179
Rumson,NJ,United States,40.3621,-74.0045,7178
Tolleson,AZ,United States,33.4484,-112.256,7173
Belle Isle,FL,United States,28.4649,-81.3513,7171
Glenolden,PA,United States,39.8996,-75.292,7168
Sorø,Sjaælland,Denmark,55.433,11.5667,7167
Logan,OH,United States,39.5384,-82.4064,7166
Riverdale Park,MD,United States,38.9667,-76.9271,7164
Seaside,OR,United States,45.989,-123.921,7164
Dunbar,WV,United States,38.3695,-81.7361,7163
Okandja,Haut-Ogooué,Gabon,-0.6829,13.7833,7155
Tobol,Qostanay,Kazakhstan,52.698,62.5749,7155
Trinity,NC,United States,35.8768,-80.0104,7155
Gunnedah,New South Wales,Australia,-30.987,150.2623,7148
Wick,Highland,United Kingdom,58.4333,-3.0834,7147
West Frankfort,IL,United States,37.8995,-88.9308,7145
Delano,MN,United States,45.0384,-93.793,7142
Pelham,NY,United States,40.9111,-73.8077,7138
Devils Lake,ND,United States,48.1126,-98.8748,7135
Kasson,MN,United States,44.0325,-92.7483,7126
Nephi,UT,United States,39.7047,-111.8333,7122
Josephine,TX,United States,33.0631,-96.3166,7113
Brockport,NY,United States,43.2133,-77.9408,7111
Parry Sound,Ontario,Canada,45.3337,-80.033,7105
Pedro Luro,Ciudad de Buenos Aires,Argentina,-39.4833,-62.6833,7100
Keyport,NJ,United States,40.4326,-74.2003,7099
Live Oak,FL,United States,30.2956,-82.9851,7093
Unionville,NC,United States,35.0785,-80.5171,7087
Mentor-on-the-Lake,OH,United States,41.7151,-81.3635,7084
Morrilton,AR,United States,35.1555,-92.7389,7083
Narrabri,New South Wales,Australia,-30.3319,149.7874,7082
Zambezi,North-Western,Zambia,-13.54,23.1099,7074
Junction City,OR,United States,44.2119,-123.2002,7072
North Riverside,IL,United States,41.8461,-87.8263,7071
Belfast,ME,United States,44.4259,-69.0264,7069
Barrington,NJ,United States,39.8689,-75.0514,7069
Sturgis,SD,United States,44.412,-103.5006,7067
Canton,NY,United States,44.6,-75.1666,7064
Cortland,OH,United States,41.3321,-80.7195,7062
Delphos,OH,United States,40.8466,-84.3365,7061
Salem,IL,United States,38.6275,-88.9594,7056
Stephenville,Newfoundland and Labrador,Canada,48.5504,-58.5666,7054
Spring Lake Park,MN,United States,45.1159,-93.2452,7049
Fayetteville,TN,United States,35.1502,-86.5623,7047
Maryborough,Victoria,Australia,-37.0496,143.73,7046
LaFayette,GA,United States,34.7088,-85.2815,7044
Kapoeta,East Equatoria,South Sudan,4.7721,33.5902,7042
Medina,MN,United States,45.0345,-93.5756,7039
La Junta,CO,United States,37.9794,-103.5473,7033
Rockland,ME,United States,44.1239,-69.1305,7031
Greenville,AL,United States,31.8431,-86.637,7030
Quellón,Los Lagos,Chile,-43.0996,-73.6,7029
Melekeok,,Palau,7.4874,134.6265,7026
Sausalito,CA,United States,37.8584,-122.4918,7021
Volo,IL,United States,42.3303,-88.1587,7016
Selma,NC,United States,35.5397,-78.2917,7012
Robinson,IL,United States,39.0086,-87.7334,7010
Nolanville,TX,United States,31.0725,-97.6051,7010
St. Louis,MI,United States,43.4085,-84.6112,7008
University Park,IL,United States,41.4469,-87.713,7002
Stratford,NJ,United States,39.829,-75.0155,7000
Oneonta,AL,United States,33.947,-86.4898,6995
Stawell,Victoria,Australia,-37.0596,142.76,6991
Waveland,MS,United States,30.2954,-89.3937,6990
"Islamorada, Village of Islands",FL,United States,24.9844,-80.5433,6988
Rayne,LA,United States,30.2405,-92.2673,6986
Neptune Beach,FL,United States,30.3126,-81.3931,6984
Greenville,IL,United States,38.8866,-89.3894,6979
Milton-Freewater,OR,United States,45.934,-118.391,6977
Lascano,Rocha,Uruguay,-33.6696,-54.2,6976
Newport,TN,United States,35.9616,-83.1976,6973
Obetz,OH,United States,39.8644,-82.9446,6971
Idabel,OK,United States,33.9074,-94.8222,6971
Midland Park,NJ,United States,40.9958,-74.1413,6970
Bulverde,TX,United States,29.7745,-98.435,6970
Milltown,NJ,United States,40.4502,-74.4348,6968
Nevada,IA,United States,42.0175,-93.4697,6967
Willis,TX,United States,30.4342,-95.4842,6964
Murphysboro,IL,United States,37.7672,-89.3324,6963
Frostburg,MD,United States,39.6505,-78.9268,6963
Taft,CA,United States,35.1267,-119.4242,6961
Atherton,Queensland,Australia,-17.2703,145.4694,6959
Kieta,North Solomons,Papua New Guinea,-6.2163,155.6333,6958
Linwood,NJ,United States,39.3437,-74.571,6957
Hamilton,AL,United States,34.1387,-87.9708,6952
Greenbrier,TN,United States,36.4216,-86.7902,6951
Union,OH,United States,39.9066,-84.2933,6949
Nicuadala,Zambezia,Mozambique,-17.6077,36.8197,6945
West Miami,FL,United States,25.7578,-80.2969,6944
Burnet,TX,United States,30.7506,-98.2382,6940
Taylor Mill,KY,United States,39.0088,-84.4995,6937
Mulvane,KS,United States,37.4765,-97.2354,6936
St. Albans,VT,United States,44.8115,-73.0845,6935
Fircrest,WA,United States,47.2307,-122.5157,6932
Mendota,IL,United States,41.5567,-89.1005,6929
Pacific,WA,United States,47.262,-122.2524,6927
Mountainside,NJ,United States,40.6807,-74.3603,6924
Lindale,TX,United States,32.4941,-95.4073,6923
Nakasongola,Nakasongola,Uganda,1.3089,32.4564,6921
Philadelphia,MS,United States,32.7751,-89.122,6921
Youngtown,AZ,United States,33.585,-112.3049,6919
Fort Bragg,CA,United States,39.4398,-123.8018,6919
Tamaqua,PA,United States,40.8041,-75.9266,6917
Ocean City,MD,United States,38.3931,-75.0712,6915
Walden,NY,United States,41.56,-74.1882,6915
Vine Grove,KY,United States,37.8119,-85.9844,6907
Stewartville,MN,United States,43.8607,-92.4898,6904
Manorhaven,NY,United States,40.8389,-73.7108,6901
Tuckahoe,NY,United States,40.9531,-73.8229,6900
Karibib,Erongo,Namibia,-21.939,15.853,6898
Clinton,IL,United States,40.147,-88.9632,6898
Huntingdon,PA,United States,40.4982,-78.0073,6898
Kirtland,OH,United States,41.5964,-81.3394,6896
Litchfield Park,AZ,United States,33.5018,-112.3595,6884
River Rouge,MI,United States,42.2743,-83.1242,6882
Fruitland,ID,United States,44.0191,-116.921,6879
Oğuz,Oguz,Azerbaijan,41.0708,47.4583,6876
Zholymbet,Aqmola,Kazakhstan,51.7502,71.7099,6876
Ambridge,PA,United States,40.5916,-80.2269,6875
Nappanee,IN,United States,41.4461,-85.9968,6872
Purcell,OK,United States,35.0237,-97.3737,6864
Thomson,GA,United States,33.4693,-82.4951,6860
Donaldsonville,LA,United States,30.0951,-90.9925,6860
Keene,TX,United States,32.3961,-97.3235,6860
Mexia,TX,United States,31.6807,-96.4832,6859
Mount Healthy,OH,United States,39.2338,-84.5467,6853
Satsuma,AL,United States,30.8579,-88.0634,6849
Eldridge,IA,United States,41.639,-90.5809,6846
Ambler,PA,United States,40.1564,-75.2215,6843
Kosciusko,MS,United States,33.0582,-89.5894,6842
Ward,AR,United States,35.0138,-91.9577,6840
Demopolis,AL,United States,32.4997,-87.8267,6833
Sullivan,MO,United States,38.2129,-91.1636,6829
Carolina Beach,NC,United States,34.0419,-77.8998,6826
Gun Barrel City,TX,United States,32.3282,-96.1318,6824
Atherton,CA,United States,37.4571,-122.2011,6823
Gulf Breeze,FL,United States,30.3683,-87.1734,6823
Pepper Pike,OH,United States,41.4794,-81.4602,6823
Gunnison,CO,United States,38.548,-106.9246,6815
Marvin,NC,United States,34.9996,-80.8167,6813
Plattsmouth,NE,United States,41.0053,-95.8929,6808
Hurricane,WV,United States,38.4275,-82.0181,6806
Stickney,IL,United States,41.817,-87.7737,6803
Byron,MN,United States,44.0381,-92.641,6803
Shamokin,PA,United States,40.7881,-76.555,6803
Maize,KS,United States,37.7749,-97.4591,6802
Harrisville,UT,United States,41.2853,-111.986,6802
Rosário,Maranh,Brazil,-2.94,-44.26,6798
Khandyga,Sakha (Yakutia),Russia,62.666,135.6,6796
Clifton Heights,PA,United States,39.9301,-75.2958,6796
Cowra,New South Wales,Australia,-33.8296,148.68,6795
South Lebanon,OH,United States,39.3633,-84.2201,6793
Farim,Oio,Guinea Bissau,12.493,-15.227,6792
Allendale,NJ,United States,41.0327,-74.1338,6791
St. Joseph,MN,United States,45.5651,-94.3021,6788
Van Alstyne,TX,United States,33.4217,-96.5832,6782
Atlantic,IA,United States,41.393,-95.0219,6781
Kishkenekol,North Kazakhstan,Kazakhstan,53.6368,72.3414,6779
Loomis,CA,United States,38.8094,-121.1955,6779
St. Augustine Beach,FL,United States,29.8416,-81.271,6779
Freeport,FL,United States,30.5008,-86.1344,6778
Golfito,Puntarenas,Costa Rica,8.65,-83.15,6777
Bedford,VA,United States,37.3363,-79.5177,6777
Silsbee,TX,United States,30.3455,-94.1768,6775
Marshall,MI,United States,42.2626,-84.9587,6774
Sultan,WA,United States,47.8711,-121.8041,6766
Bridgewater,VA,United States,38.3885,-78.9645,6765
Byron Bay,New South Wales,Australia,-28.6565,153.6129,6764
DeFuniak Springs,FL,United States,30.7125,-86.1197,6764
North Syracuse,NY,United States,43.1339,-76.1304,6763
Zimmerman,MN,United States,45.4406,-93.5961,6762
La Feria,TX,United States,26.1538,-97.825,6758
Opp,AL,United States,31.2844,-86.2574,6757
Columbiana,OH,United States,40.8855,-80.6678,6757
Thames,Waikato,New Zealand,-37.1384,175.5853,6756
Indiantown,FL,United States,27.0401,-80.4882,6755
Elkins,WV,United States,38.9238,-79.854,6755
Jordan,MN,United States,44.6646,-93.6402,6752
Lanett,AL,United States,32.8586,-85.2078,6751
Mount Carmel,IL,United States,38.419,-87.7698,6751
Munford,TN,United States,35.4429,-89.8159,6751
"Lynchburg, Moore County metropolitan government",TN,United States,35.2889,-86.3587,6748
Lawrence,NY,United States,40.6029,-73.7144,6747
Morehead,KY,United States,38.19,-83.4491,6740
Antigonish,Nova Scotia,Canada,45.6269,-61.9982,6739
Folcroft,PA,United States,39.8882,-75.2758,6735
Sturtevant,WI,United States,42.6989,-87.9016,6735
St. Gabriel,LA,United States,30.2552,-91.1004,6733
Chester,IL,United States,37.9258,-89.8277,6732
Holly Springs,MS,United States,34.778,-89.4458,6732
Tagum,Davao del Norte,Philippines,7.3821,125.8017,6726
Valley Park,MO,United States,38.55,-90.4959,6725
Monessen,PA,United States,40.152,-79.883,6723
Galax,VA,United States,36.6656,-80.9143,6717
Roeland Park,KS,United States,39.0359,-94.6374,6712
Lyman,SC,United States,34.9739,-82.1302,6709
Carbondale,CO,United States,39.3956,-107.215,6708
Connellsville,PA,United States,40.0159,-79.5896,6700
Ellettsville,IN,United States,39.2322,-86.6241,6694
Rinconada,Jujuy,Argentina,-22.4329,-66.1666,6692
Gorom Gorom,Oudalan,Burkina Faso,14.45,-0.2333,6691
Hapeville,GA,United States,33.6609,-84.4094,6691
Calumet Park,IL,United States,41.6657,-87.6577,6685
Norwich,NY,United States,42.5333,-75.5228,6685
Huron,OH,United States,41.3976,-82.5626,6685
Bayville,NY,United States,40.9073,-73.5612,6683
Boonville,IN,United States,38.0466,-87.291,6682
Thurmont,MD,United States,39.62,-77.4077,6680
Brookings,OR,United States,42.0724,-124.3049,6672
Snowflake,AZ,United States,34.5215,-110.0912,6670
Makarov,Sakhalin,Russia,48.6337,142.8,6663
Garrett,IN,United States,41.3526,-85.1238,6661
Boiling Spring Lakes,NC,United States,34.0439,-78.0749,6658
New Haven,MI,United States,42.7298,-82.797,6657
Ontario,OH,United States,40.7682,-82.6148,6653
Blakely,PA,United States,41.4859,-75.6013,6653
Loudon,TN,United States,35.7372,-84.3621,6652
High Springs,FL,United States,29.7996,-82.5893,6648
Upper Sandusky,OH,United States,40.8307,-83.2707,6647
Willow Park,TX,United States,32.7539,-97.6502,6630
Sweetwater,TN,United States,35.6026,-84.4734,6628
Oakmont,PA,United States,40.5198,-79.8367,6626
Ghadamis,Ghadamis,Libya,30.1333,9.5,6623
Zixing,Hunan,China,25.97,113.4,6618
Hillsboro,OH,United States,39.2123,-83.6112,6617
Litchfield,IL,United States,39.176,-89.6655,6614
Belpre,OH,United States,39.2805,-81.5923,6614
Carver,MN,United States,44.7615,-93.6325,6613
Aspen,CO,United States,39.1952,-106.8368,6612
Highland Heights,KY,United States,39.0355,-84.4566,6612
Horta,Azores,Portugal,38.5347,-28.6448,6611
Awjilah,Ajdabiya,Libya,29.108,21.2869,6610
Osceola,AR,United States,35.6942,-89.9934,6610
Walkersville,MD,United States,39.4743,-77.3634,6610
Steilacoom,WA,United States,47.1693,-122.5923,6610
Fox Point,WI,United States,43.1581,-87.9014,6608
Black Diamond,WA,United States,47.3147,-122.0177,6602
Lake Mills,WI,United States,43.0776,-88.9064,6602
Carthage,TX,United States,32.152,-94.3371,6601
Benton,IL,United States,38.0132,-88.9173,6598
Bir Anzarane,Oued el Dahab,Morocco,23.8837,-14.5333,6597
Rockaway,NJ,United States,40.8959,-74.5173,6596
Dacono,CO,United States,40.0635,-104.9468,6595
Lerwick,Aberdeen,United Kingdom,60.15,-1.15,6594
Winthrop Harbor,IL,United States,42.4806,-87.8296,6594
Moraine,OH,United States,39.6975,-84.2427,6586
Cankuzo,Cankuzo,Burundi,-3.1667,30.5167,6585
Qazaly,Qyzylorda,Kazakhstan,45.7628,62.1075,6582
Eatonton,GA,United States,33.3258,-83.3889,6579
Orland Hills,IL,United States,41.5907,-87.8421,6578
Iowa Park,TX,United States,33.9628,-98.6809,6578
North Caldwell,NJ,United States,40.8645,-74.26,6574
Jimaní,Independencia,Dominican Republic,18.493,-71.851,6567
North Vernon,IN,United States,39.0149,-85.6301,6566
Buena Vista,VA,United States,37.7293,-79.3581,6566
Mongomo,Wele-Nzás,Equatorial Guinea,1.6337,11.3166,6560
Elburn,IL,United States,41.886,-88.4609,6559
Outjo,Kunene,Namibia,-20.1095,16.14,6557
Stone Mountain,GA,United States,33.8042,-84.1714,6553
Valley City,ND,United States,46.9226,-98.0041,6551
Krum,TX,United States,33.265,-97.2249,6548
Pratt,KS,United States,37.6986,-98.7659,6546
Litchfield,MN,United States,45.122,-94.5259,6541
Bennettsville,SC,United States,34.6282,-79.686,6540
De Soto,KS,United States,38.9723,-94.9511,6539
Black Jack,MO,United States,38.799,-90.2634,6538
Morris Plains,NJ,United States,40.8388,-74.4742,6538
Hempstead,TX,United States,30.1006,-96.0777,6537
Swarthmore,PA,United States,39.9023,-75.3487,6536
Cynthiana,KY,United States,38.383,-84.3018,6534
Harrah,OK,United States,35.472,-97.1827,6534
Quirihue,Ñuble,Chile,-36.28,-72.53,6529
Schuyler,NE,United States,41.4501,-97.0616,6529
Colusa,CA,United States,39.2,-122.0095,6527
Normandy Park,WA,United States,47.433,-122.3447,6527
Tumut,New South Wales,Australia,-35.3096,148.22,6526
Geneseo,IL,United States,41.4513,-90.1548,6525
Warwick,NY,United States,41.2552,-74.3547,6523
Treasure Island,FL,United States,27.7648,-82.7691,6522
Bonne Terre,MO,United States,37.9211,-90.5427,6522
Willard,MO,United States,37.293,-93.4171,6521
Kennett Square,PA,United States,39.8438,-75.7113,6521
Cooma,New South Wales,Australia,-36.2396,149.12,6520
Lebanon,KY,United States,37.5702,-85.2601,6517
Bridgeport,TX,United States,33.2104,-97.7725,6514
Milton,PA,United States,41.0021,-76.8523,6497
Pukë,Shkodër,Albania,42.0333,19.8833,6495
Huntingburg,IN,United States,38.3009,-86.9619,6495
De Soto,MO,United States,38.1411,-90.5608,6493
Larchmont,NY,United States,40.926,-73.752,6493
Woodland,WA,United States,45.9182,-122.7535,6493
Chesapeake Beach,MD,United States,38.6895,-76.5544,6492
San Ramón,El Beni,Bolivia,-13.2896,-64.71,6490
Powell,WY,United States,44.7618,-108.7576,6488
Red Lion,PA,United States,39.8986,-76.6077,6487
Solvay,NY,United States,43.0571,-76.2123,6484
Sheridan,OR,United States,45.0959,-123.3981,6483
Jonesborough,TN,United States,36.296,-82.4763,6480
Adel,IA,United States,41.6094,-94.0127,6474
Catasauqua,PA,United States,40.6538,-75.461,6469
Eudora,KS,United States,38.9347,-95.0941,6466
Leitchfield,KY,United States,37.4862,-86.2847,6463
St. John,MO,United States,38.7148,-90.3463,6460
Brier,WA,United States,47.7924,-122.2734,6460
Ingeniero Guillermo N. Juarez,Formosa,Argentina,-23.9,-61.85,6453
Mead,CO,United States,40.227,-104.9883,6450
Douglas,WY,United States,42.7548,-105.3978,6449
Milford,OH,United States,39.1652,-84.2848,6445
Abilene,KS,United States,38.9245,-97.228,6443
Sidney,NE,United States,41.1336,-102.9695,6440
Union Gap,WA,United States,46.5544,-120.4921,6439
Salem,IN,United States,38.6046,-86.0975,6437
Oakdale,LA,United States,30.8164,-92.6559,6437
West View,PA,United States,40.5182,-80.0333,6437
Watchung,NJ,United States,40.6428,-74.4362,6434
Taos,NM,United States,36.3871,-105.5804,6427
Nitro,WV,United States,38.4116,-81.8078,6426
Crestwood,KY,United States,38.3437,-85.4777,6424
Amory,MS,United States,33.9818,-88.4826,6422
Cumberland,IN,United States,39.7868,-85.9446,6419
Milford,MI,United States,42.5885,-83.6016,6419
Irvington,NY,United States,41.0343,-73.867,6417
Cold Spring,KY,United States,39.0156,-84.4345,6414
Oakwood,GA,United States,34.2221,-83.8849,6412
Henderson,TN,United States,35.4431,-88.6566,6412
Melut,Upper Nile,South Sudan,10.4337,32.2,6407
Bronxville,NY,United States,40.9395,-73.8264,6404
Ralston,NE,United States,41.2,-96.0378,6401
Orange City,IA,United States,43.0018,-96.0553,6397
Mabank,TX,United States,32.3719,-96.1095,6396
Morrow,GA,United States,33.5783,-84.3356,6395
Hampstead,MD,United States,39.6146,-76.8548,6395
Walker,LA,United States,30.4864,-90.8656,6394
Flin Flon,Manitoba,Canada,54.7666,-101.8833,6393
Wilmer,TX,United States,32.599,-96.6816,6385
Johnsburg,IL,United States,42.3832,-88.2468,6384
Palmer,AK,United States,61.5972,-149.1147,6378
Huron,CA,United States,36.2042,-120.0953,6377
Prospect Park,PA,United States,39.8861,-75.3074,6374
Merimbula,New South Wales,Australia,-36.8996,149.9,6367
Horseheads,NY,United States,42.1686,-76.8297,6367
Oak Point,TX,United States,33.1705,-96.9875,6367
Prosser,WA,United States,46.209,-119.7677,6366
Slinger,WI,United States,43.3354,-88.2765,6363
Twin Lakes,WI,United States,42.5156,-88.2504,6362
Temple,GA,United States,33.7332,-85.0273,6360
Pigeon Forge,TN,United States,35.798,-83.5638,6357
Mount Vernon,IN,United States,37.937,-87.8959,6355
San Carlos,Santa Cruz,Bolivia,-17.4,-63.73,6353
San Carlos,Negros Occidental,Philippines,10.5504,123.38,6353
San Matias,Santa Cruz,Bolivia,-16.36,-58.42,6352
Dalaba,Mamou,Guinea,10.656,-12.272,6349
Ban Houayxay,Bokeo,Laos,20.2775,100.4128,6347
Verkhnevilyuysk,Sakha (Yakutia),Russia,63.4457,120.3167,6341
Franklin,LA,United States,29.7849,-91.5096,6341
Lakemoor,IL,United States,42.3389,-88.2027,6338
Clyde,OH,United States,41.3036,-82.9794,6337
Tecumseh,OK,United States,35.2643,-96.9334,6335
Carlstadt,NJ,United States,40.8264,-74.0623,6333
Rossford,OH,United States,41.5776,-83.5722,6333
Waupaca,WI,United States,44.35,-89.07,6333
Talent,OR,United States,42.2405,-122.7812,6332
Penitas,TX,United States,26.2583,-98.4386,6331
Barnesville,GA,United States,33.0487,-84.1493,6329
Sanibel,FL,United States,26.451,-82.1057,6328
Tiffin,IA,United States,41.705,-91.6544,6325
Rupert,ID,United States,42.6189,-113.674,6324
Elm Grove,WI,United States,43.0475,-88.087,6316
Fort Nelson,British Columbia,Canada,58.8167,-122.533,6315
Biloela,Queensland,Australia,-24.3936,150.4961,6309
Steelton,PA,United States,40.2258,-76.8254,6308
Ghanzi,Ghanzi,Botswana,-21.6996,21.64,6306
Dillon,SC,United States,34.4245,-79.3676,6306
Polk City,IA,United States,41.7818,-93.7226,6303
Pembroke Park,FL,United States,25.9889,-80.1803,6300
Millersville,TN,United States,36.3968,-86.7111,6299
Bethel,AK,United States,60.7939,-161.7961,6292
Lucea,Hanover,Jamaica,18.443,-78.179,6289
Aledo,TX,United States,32.6974,-97.6069,6287
Crockett,TX,United States,31.3171,-95.4566,6286
Chickasaw,AL,United States,30.7715,-88.0797,6283
Granville,OH,United States,40.0568,-82.5041,6281
Manistee,MI,United States,44.2453,-86.3275,6279
Cherryville,NC,United States,35.3846,-81.3789,6278
Selfoss,Biskupstungnahreppur,Iceland,63.9334,-20.9969,6275
Cherry Hills Village,CO,United States,39.6374,-104.9475,6273
Gladewater,TX,United States,32.5425,-94.9471,6272
Glenarden,MD,United States,38.9293,-76.8577,6270
Paulsboro,NJ,United States,39.84,-75.24,6267
Blythewood,SC,United States,34.2092,-80.9953,6267
Huntington Woods,MI,United States,42.4819,-83.1681,6260
Pass Christian,MS,United States,30.318,-89.2391,6255
Warrenton,OR,United States,46.1731,-123.9297,6255
Taylor,PA,United States,41.3958,-75.7147,6246
Smithers,British Columbia,Canada,54.7666,-127.1666,6245
Shrewsbury,MO,United States,38.5866,-90.3282,6243
Diekirch,Diekirch,Luxembourg,49.8833,6.1667,6242
Margaret,AL,United States,33.6729,-86.4639,6236
Blaine,WA,United States,48.9872,-122.7488,6232
Alvarado,TX,United States,32.4061,-97.216,6225
White Oak,TX,United States,32.53,-94.8539,6221
Prospect Park,NJ,United States,40.9416,-74.1741,6219
Kingston,TN,United States,35.8727,-84.5045,6218
Battlefield,MO,United States,37.1193,-93.3683,6217
Torrington,WY,United States,42.065,-104.1735,6212
Rochester,IN,United States,41.0604,-86.1983,6211
Jackson,OH,United States,39.0445,-82.6447,6206
Ndende,Ngounié,Gabon,-2.3829,11.3833,6200
Marion,SC,United States,34.1787,-79.3957,6195
Princeton,KY,United States,37.1065,-87.8849,6194
Parker,TX,United States,33.0631,-96.6252,6192
Rushville,IN,United States,39.6186,-85.4458,6191
Forest Hills,PA,United States,40.4251,-79.8545,6189
Calipatria,CA,United States,33.1687,-115.4856,6188
Independence,IA,United States,42.4622,-91.9032,6188
Portland,IN,United States,40.4377,-84.9835,6187
Ishpeming,MI,United States,46.4703,-87.6751,6183
Braidwood,IL,United States,41.2702,-88.2234,6173
Rockford,MI,United States,43.137,-85.5545,6171
Harriman,TN,United States,35.9304,-84.5626,6171
Greenbrier,AR,United States,35.2288,-92.3836,6170
Roseland,NJ,United States,40.8217,-74.3101,6168
Ville Platte,LA,United States,30.6899,-92.2742,6167
Wesley Hills,NY,United States,41.1576,-74.079,6167
Oceanport,NJ,United States,40.316,-74.0205,6166
South Williamsport,PA,United States,41.2294,-77.0005,6166
Wayne,NE,United States,42.2375,-97.0089,6165
Willows,CA,United States,39.5148,-122.1992,6160
Gardiner,ME,United States,44.1951,-69.7938,6159
East Rochester,NY,United States,43.1122,-77.4872,6158
Elsmere,DE,United States,39.7384,-75.5946,6157
Dallas,NC,United States,35.3179,-81.1832,6156
Gizo,Choiseul,Solomon Islands,-8.0996,156.835,6154
Lauderdale-by-the-Sea,FL,United States,26.1913,-80.0995,6154
Siteki,Lubombo,eSwatini,-26.455,31.952,6152
Lewistown,MT,United States,47.0514,-109.4524,6149
Hutchins,TX,United States,32.6434,-96.7098,6149
Countryside,IL,United States,41.7742,-87.8752,6147
Mocksville,NC,United States,35.8997,-80.5611,6147
Doctor Pedro P. Peña,Formosa,Argentina,-22.48,-62.3,6143
Jonesboro,GA,United States,33.5208,-84.3547,6140
Tequesta,FL,United States,26.9649,-80.1132,6134
Byron,GA,United States,32.6495,-83.748,6132
Aztec,NM,United States,36.8159,-107.9703,6130
Edgewood,NM,United States,35.1313,-106.2202,6130
Umba,Murmansk,Russia,66.6814,34.3455,6128
Ingham,Queensland,Australia,-18.6496,146.1666,6127
Iqaluit,Nunavut,Canada,63.7505,-68.5002,6124
Greenwood,MO,United States,38.8421,-94.3335,6123
Woodcliff Lake,NJ,United States,41.026,-74.0611,6122
Willard,OH,United States,41.0519,-82.7235,6122
Hellertown,PA,United States,40.5813,-75.3379,6117
Preston,ID,United States,42.0994,-111.8807,6112
Sidney,MT,United States,47.7155,-104.1672,6112
Bathurst,New South Wales,Australia,-33.4196,149.57,6111
Bathurst,New Brunswick,Canada,47.6,-65.65,6111
Ararat,Victoria,Australia,-37.2795,142.91,6110
Fair Haven,NJ,United States,40.3619,-74.0388,6109
Ephraim,UT,United States,39.3562,-111.5847,6108
Rittman,OH,United States,40.9734,-81.7846,6105
Wilmore,KY,United States,37.8778,-84.6639,6104
Tonganoxie,KS,United States,39.1079,-95.0791,6102
Peculiar,MO,United States,38.7308,-94.4686,6101
Gustine,CA,United States,37.2525,-120.9955,6099
Crystal City,TX,United States,28.6907,-99.8271,6099
Gas City,IN,United States,40.4886,-85.5943,6091
Madison,SD,United States,44.0062,-97.1085,6091
Kirundo,Kirundo,Burundi,-2.5847,30.0972,6083
Cave Springs,AR,United States,36.2684,-94.2195,6081
Martins Ferry,OH,United States,40.1043,-80.7291,6076
Midway,UT,United States,40.5202,-111.4755,6076
Corry,PA,United States,41.9282,-79.6331,6075
Old Tappan,NJ,United States,41.0233,-73.9842,6074
Blackwell,OK,United States,36.8013,-97.3009,6072
Pevely,MO,United States,38.2881,-90.4,6064
Dinguiraye,Faranah,Guinea,11.299,-10.726,6062
Fort Wright,KY,United States,39.0458,-84.5361,6061
Nazareth,PA,United States,40.74,-75.3126,6061
Darlington,SC,United States,34.3014,-79.8672,6057
Weiser,ID,United States,44.2547,-116.9689,6056
The Pas,Manitoba,Canada,53.8166,-101.2333,6055
Karasburg,Karas,Namibia,-28.0196,18.74,6054
Little Silver,NJ,United States,40.337,-74.0345,6053
Pauls Valley,OK,United States,34.7102,-97.224,6053
Maquoketa,IA,United States,42.0605,-90.6639,6051
Glendale,MO,United States,38.5935,-90.3826,6051
Wappingers Falls,NY,United States,41.5982,-73.9169,6046
Dundee,FL,United States,28.0173,-81.6034,6043
Cottleville,MO,United States,38.7516,-90.6578,6043
Homer,AK,United States,59.6475,-151.5131,6040
Alpine,TX,United States,30.3639,-103.6645,6039
Puerto Baquerizo Moreno,Galápagos,Ecuador,-0.9,-89.6,6030
Chepes,La Rioja,Argentina,-31.35,-66.6,6020
Watford City,ND,United States,47.8015,-103.2667,6020
De Queen,AR,United States,34.0422,-94.3421,6019
Monticello,IL,United States,40.0335,-88.5741,6018
The Village of Indian Hill,OH,United States,39.1886,-84.336,6018
Stokesdale,NC,United States,36.2281,-79.9774,6016
Cheverly,MD,United States,38.9259,-76.9135,6015
Edna,TX,United States,28.9751,-96.6485,6012
Milan,MI,United States,42.0813,-83.6848,6009
Asbury,IA,United States,42.512,-90.7799,6007
Waterville,OH,United States,41.502,-83.7369,6003
Dickson City,PA,United States,41.4683,-75.6358,6002
Norway House,Manitoba,Canada,53.9666,-97.8333,6000
Chapaev,West Kazakhstan,Kazakhstan,50.1915,51.1449,6000
Phongsali,Phôngsali,Laos,21.6833,102.1,6000
Tessalit,Kidal,Mali,20.2014,1.0888,6000
Ferfer,Hiiraan,Somalia,5.0854,45.165,6000
Truth or Consequences,NM,United States,33.2376,-107.2762,6000
Westlake,FL,United States,26.7547,-80.3015,5999
Plaquemine,LA,United States,30.2832,-91.2438,5998
Alma,AR,United States,35.4924,-94.2139,5997
Edgerton,WI,United States,42.8389,-89.0696,5991
Erwin,TN,United States,36.1458,-82.412,5989
Wonthaggi,Victoria,Australia,-38.6095,145.59,5985
Northville,MI,United States,42.4362,-83.4883,5982
Moosic,PA,United States,41.356,-75.7047,5982
Tazovsky,Yamal-Nenets,Russia,67.4667,78.7,5981
Dundee,MI,United States,41.9665,-83.6694,5980
McGregor,TX,United States,31.4197,-97.4263,5979
Raton,NM,United States,36.885,-104.4396,5978
Chillicothe,IL,United States,40.916,-89.5027,5977
Hartford City,IN,United States,40.4537,-85.3732,5974
Belding,MI,United States,43.0965,-85.233,5972
Solvang,CA,United States,34.5938,-120.1397,5970
Bowie,TX,United States,33.557,-97.8461,5964
Lake City,SC,United States,33.8677,-79.7539,5961
Richmond,MO,United States,39.2754,-93.9726,5958
Sharon Hill,PA,United States,39.9074,-75.2678,5958
Avon,CO,United States,39.6419,-106.5158,5954
Kermit,TX,United States,31.8539,-103.0924,5952
East Aurora,NY,United States,42.7668,-78.617,5951
Walkertown,NC,United States,36.1497,-80.1689,5950
Fruit Heights,UT,United States,41.0289,-111.9046,5950
Clairton,PA,United States,40.2967,-79.889,5949
Everman,TX,United States,32.6288,-97.2842,5941
Woodstock,VA,United States,38.8721,-78.5171,5940
Port St. Johns,Eastern Cape,South Africa,-31.6279,29.5283,5939
Holly,MI,United States,42.7988,-83.623,5938
Muineachan,Monaghan,Ireland,54.25,-6.9667,5937
Starke,FL,United States,29.9475,-82.1129,5937
Perry,UT,United States,41.4645,-112.0405,5936
Franklin,PA,United States,41.383,-79.8321,5935
Port Clinton,OH,United States,41.5097,-82.9383,5933
Mount Arlington,NJ,United States,40.9208,-74.6408,5931
Bellefonte,PA,United States,40.9142,-77.7682,5930
Senoia,GA,United States,33.3077,-84.5548,5929
Hamlet,NC,United States,34.8892,-79.7106,5928
Maintirano,Mahajanga,Madagascar,-18.0666,44.0167,5925
Brookville,OH,United States,39.8395,-84.4173,5918
Holdenville,OK,United States,35.0835,-96.4014,5918
Mitú,Vaupés,Colombia,1.1983,-70.1736,5917
Dumfries,VA,United States,38.5673,-77.3224,5916
Louisville,MS,United States,33.1229,-89.0549,5913
Sheridan,CO,United States,39.6478,-105.0175,5908
Medina,NY,United States,43.2197,-78.3879,5906
Salida,CO,United States,38.5299,-105.9979,5900
Somerset,PA,United States,40.005,-79.0779,5898
Justin,TX,United States,33.0818,-97.3142,5892
Hilton,NY,United States,43.29,-77.7926,5891
Norwood,PA,United States,39.886,-75.2958,5890
St. Clair,MI,United States,42.8265,-82.4924,5887
Pilot Point,TX,United States,33.3983,-96.9555,5884
Meadow Lake,Saskatchewan,Canada,54.1301,-108.4347,5882
Pontotoc,MS,United States,34.2509,-89.0083,5882
Mount Zion,IL,United States,39.784,-88.885,5878
Manasquan,NJ,United States,40.1124,-74.0382,5877
Belle Fourche,SD,United States,44.6638,-103.8591,5873
Mundybash,Kemerovo,Russia,53.2333,87.3167,5870
Fruitland,MD,United States,38.3204,-75.6265,5869
Geneva,OH,United States,41.8008,-80.9463,5866
Crafton,PA,United States,40.4333,-80.0711,5866
Media,PA,United States,39.92,-75.3883,5862
Yoakum,TX,United States,29.2932,-97.147,5862
Argyle,TX,United States,33.1055,-97.1775,5859
West Bountiful,UT,United States,40.9013,-111.9085,5857
Kerikeri,Northland,New Zealand,-35.2285,173.9507,5856
Northam,Western Australia,Australia,-31.6566,116.6534,5855
Jackson,GA,United States,33.2924,-83.9678,5854
Locust,NC,United States,35.2686,-80.4367,5854
Hightstown,NJ,United States,40.2685,-74.5258,5853
Oxford,PA,United States,39.7856,-75.9797,5847
Semmes,AL,United States,30.7962,-88.2476,5846
Petoskey,MI,United States,45.3648,-85.0107,5846
Swartz Creek,MI,United States,42.9642,-83.8162,5840
Lafayette,TN,United States,36.524,-86.0306,5839
Tarrant,AL,United States,33.5929,-86.7663,5833
Eaton,CO,United States,40.5257,-104.713,5832
Stroudsburg,PA,United States,40.9832,-75.1943,5832
Richmond,MI,United States,42.8106,-82.7522,5831
Los Ranchos de Albuquerque,NM,United States,35.162,-106.6457,5828
Estes Park,CO,United States,40.367,-105.5339,5824
Estherville,IA,United States,43.3997,-94.8342,5823
Evansville,WI,United States,42.7781,-89.296,5823
Edinboro,PA,United States,41.875,-80.1242,5821
Attalla,AL,United States,33.9862,-86.121,5818
Belmar,NJ,United States,40.1797,-74.0244,5816
Vegreville,Alberta,Canada,53.5,-112.05,5813
District Heights,MD,United States,38.8589,-76.8884,5811
Clearfield,PA,United States,41.0215,-78.4394,5810
Germantown,OH,United States,39.6325,-84.3645,5809
Carterville,IL,United States,37.7628,-89.0845,5808
Wake Village,TX,United States,33.4238,-94.127,5808
Lorengau,Manus,Papua New Guinea,-2.032,147.28,5806
Groveport,OH,United States,39.8573,-82.8914,5806
Pontoon Beach,IL,United States,38.7218,-90.0636,5804
Dunlap,TN,United States,35.3675,-85.3898,5804
Grand Turk,,Turks and Caicos Islands,21.4664,-71.136,5801
Central City,KY,United States,37.2968,-87.129,5800
Eyumojok,Sud-Ouest,Cameroon,5.7504,8.9833,5798
Oelwein,IA,United States,42.6716,-91.9128,5791
Dayton,KY,United States,39.1123,-84.4628,5790
Hudson,NY,United States,42.2519,-73.786,5790
Carnarvon,Northern Cape,South Africa,-30.9496,22.1333,5785
Tallulah,LA,United States,32.4067,-91.1917,5785
Coal City,IL,United States,41.2789,-88.2801,5784
Salamanca,NY,United States,42.1647,-78.7413,5783
Metropolis,IL,United States,37.1496,-88.6874,5782
Paola,KS,United States,38.5789,-94.8604,5780
Bartonville,IL,United States,40.642,-89.6598,5779
Hillsboro,IL,United States,39.1762,-89.4729,5773
New Whiteland,IN,United States,39.5617,-86.0994,5773
Grafton,OH,United States,41.2841,-82.03,5773
Belleview,FL,United States,29.0606,-82.0559,5770
Childress,TX,United States,34.4355,-100.2824,5770
Rainsville,AL,United States,34.4944,-85.8365,5768
Littlefield,TX,United States,33.9192,-102.3348,5768
Fderik,Tiris Zemmour,Mauritania,22.679,-12.707,5760
Windcrest,TX,United States,29.5148,-98.3813,5759
Bilibino,Chukchi Autonomous Okrug,Russia,68.0504,166.3333,5757
Plymouth,PA,United States,41.2409,-75.952,5755
Berryville,AR,United States,36.371,-93.5704,5754
Luling,TX,United States,29.6817,-97.6467,5754
Piggs Peak,Hhohho,eSwatini,-25.961,31.247,5750
Beardstown,IL,United States,40.0101,-90.4311,5749
Webster,NY,United States,43.2164,-77.4219,5749
New Holland,PA,United States,40.1013,-76.0901,5748
Peoria Heights,IL,United States,40.7467,-89.57,5747
Livingston,TX,United States,30.71,-94.9379,5747
Waterford,WI,United States,42.7644,-88.2167,5744
Carlisle,OH,United States,39.579,-84.321,5740
Nashville,NC,United States,35.9692,-77.9567,5737
Verdigris,OK,United States,36.2535,-95.6604,5736
Jamesburg,NJ,United States,40.349,-74.4402,5735
Monroeville,AL,United States,31.5162,-87.3277,5734
Goshen,NY,United States,41.4016,-74.3269,5733
Albion,NY,United States,43.246,-78.1902,5730
Norwood,NJ,United States,40.992,-73.9506,5729
Columbia,MS,United States,31.2569,-89.8254,5727
Columbia Falls,MT,United States,48.3715,-114.1918,5723
Poolesville,MD,United States,39.1418,-77.4105,5720
Ingeniero Jacobacci,RRo Negro,Argentina,-41.3,-69.5833,5719
Monticello,KY,United States,36.8411,-84.8513,5715
Philomath,OR,United States,44.542,-123.3595,5714
Dos Palos,CA,United States,36.9854,-120.6338,5708
Goddard,KS,United States,37.6718,-97.5597,5708
Anamosa,IA,United States,42.1088,-91.2752,5704
Tiksi,Sakha (Yakutia),Russia,71.6269,128.835,5700
Adel,GA,United States,31.1248,-83.4255,5700
Kaser,NY,United States,41.1213,-74.0686,5699
Ranson,WV,United States,39.3101,-77.883,5699
Chisago City,MN,United States,45.3456,-92.91,5698
McKees Rocks,PA,United States,40.469,-80.0633,5695
Du Quoin,IL,United States,38.0017,-89.2328,5694
Elsa,TX,United States,26.2978,-97.9936,5693
Willow Springs,IL,United States,41.7341,-87.884,5688
Hickory Creek,TX,United States,33.1109,-97.0347,5688
Rensselaer,IN,United States,40.9396,-87.1687,5684
Slaton,TX,United States,33.4455,-101.6509,5684
Glarus,Glarus,Switzerland,47.05,9.0667,5681
Kununurra,Western Australia,Australia,-15.7666,128.7333,5679
Bay Harbor Islands,FL,United States,25.888,-80.1336,5679
Winston,OR,United States,43.1201,-123.4245,5678
Hyde Park,UT,United States,41.8011,-111.8099,5677
White City metro township,UT,United States,40.5687,-111.8626,5676
Dowagiac,MI,United States,41.9834,-86.1128,5673
Glencoe,MN,United States,44.7696,-94.151,5672
Bellevue,KY,United States,39.1012,-84.4775,5671
Union Beach,NJ,United States,40.4475,-74.17,5671
Brookshire,TX,United States,29.7824,-95.9514,5667
Villa Park,CA,United States,33.818,-117.8113,5664
Milton,WI,United States,42.7747,-88.94,5658
Washingtonville,NY,United States,41.4285,-74.1586,5655
Appenzell,Appenzell Innerrhoden,Switzerland,47.3333,9.4167,5649
Kerema,Gulf,Papua New Guinea,-7.927,145.838,5646
Zeeland,MI,United States,42.8142,-86.0143,5645
Horace,ND,United States,46.757,-96.9113,5643
Princeton,WV,United States,37.3688,-81.0962,5642
East Alton,IL,United States,38.8841,-90.1079,5639
Odessa,MO,United States,38.9994,-93.9664,5638
Patterson,LA,United States,29.6909,-91.3095,5636
Mount Carmel,PA,United States,40.7959,-76.412,5635
Rockwood,TN,United States,35.8701,-84.6749,5635
Cicero,IN,United States,40.1219,-86.034,5630
Walton,KY,United States,38.8624,-84.615,5629
Béni Ounif,BZchar,Algeria,32.0493,-1.2514,5628
Bessemer City,NC,United States,35.2843,-81.2829,5625
Trenton,MO,United States,40.0813,-93.6024,5622
Kings Point,NY,United States,40.8179,-73.7393,5622
Kasempa,North-Western,Zambia,-13.4596,25.82,5622
Mena,AR,United States,34.5808,-94.2371,5618
Williams,CA,United States,39.1498,-122.139,5617
Marion,VA,United States,36.8374,-81.5157,5617
Ulysses,KS,United States,37.5773,-101.3549,5616
Palmerton,PA,United States,40.8041,-75.6171,5616
Polson,MT,United States,47.6882,-114.1408,5613
Punxsutawney,PA,United States,40.9437,-78.9748,5613
Henryetta,OK,United States,35.4417,-95.9864,5612
Crescent City,CA,United States,41.7645,-124.2008,5611
Berlin,WI,United States,43.9697,-88.95,5611
Waynesboro,GA,United States,33.0913,-82.0143,5607
Pendleton,IN,United States,40.0058,-85.7714,5604
International Falls,MN,United States,48.5864,-93.4077,5603
Buckley,WA,United States,47.1622,-122.0203,5603
Okeechobee,FL,United States,27.2416,-80.8293,5602
Creswell,OR,United States,43.9226,-123.014,5597
Shippensburg,PA,United States,40.0487,-77.5232,5594
Chestertown,MD,United States,39.2204,-76.0705,5590
Colby,KS,United States,39.3847,-101.0451,5589
Rockdale,TX,United States,30.6557,-97.0085,5588
DeWitt,IA,United States,41.8227,-90.5441,5587
Ashland City,TN,United States,36.2562,-87.0327,5586
McKenzie,TN,United States,36.1366,-88.5071,5586
Rigby,ID,United States,43.6736,-111.9135,5577
Credit River,MN,United States,44.6708,-93.3611,5575
Vossavangen,Hordaland,Norway,60.63,6.441,5571
Okhotsk,Khabarovsk,Russia,59.383,143.217,5570
Eastman,GA,United States,32.1976,-83.1707,5568
Osceola,IA,United States,41.0297,-93.7853,5568
Wilmington,IL,United States,41.3194,-88.1602,5568
Somerdale,NJ,United States,39.8454,-75.0217,5567
Marlin,TX,United States,31.308,-96.8932,5563
Selinsgrove,PA,United States,40.8001,-76.8654,5562
Mount Carmel,TN,United States,36.5649,-82.6678,5556
Holtville,CA,United States,32.8138,-115.3783,5555
Pahokee,FL,United States,26.8202,-80.662,5553
Sinton,TX,United States,28.0384,-97.511,5551
New Castle,DE,United States,39.67,-75.5665,5549
Covington,VA,United States,37.7811,-79.9854,5545
Northfield,IL,United States,42.103,-87.7774,5543
Monticello,IN,United States,40.7452,-86.7673,5543
Holdrege,NE,United States,40.4394,-99.377,5542
Pelham Manor,NY,United States,40.8931,-73.8059,5542
Flagler Beach,FL,United States,29.4739,-81.131,5541
Bath,NY,United States,42.3361,-77.3169,5539
Sandersville,GA,United States,32.9821,-82.8097,5536
Lake Bluff,IL,United States,42.2827,-87.8523,5534
North Kansas City,MO,United States,39.1396,-94.5648,5534
New Brighton,PA,United States,40.7356,-80.3095,5534
Spirit Lake,IA,United States,43.4167,-95.1131,5533
Walnut Ridge,AR,United States,36.0848,-90.9468,5532
Carlinville,IL,United States,39.2775,-89.8761,5531
Manchester,MD,United States,39.6532,-76.8867,5527
Medina,TN,United States,35.817,-88.7905,5526
Exeter,PA,United States,41.3332,-75.8212,5524
Saravan,Saravan,Laos,15.716,106.427,5521
Anadarko,OK,United States,35.0653,-98.2445,5518
Rothschild,WI,United States,44.8737,-89.6197,5514
Spring Grove,IL,United States,42.4507,-88.2402,5512
Cameron,TX,United States,30.8608,-96.9762,5511
Hollidaysburg,PA,United States,40.4311,-78.393,5506
Caazapá,Caazapa,Paraguay,-26.2,-56.38,5504
Roma,Queensland,Australia,-26.5594,148.7907,5496
Cramerton,NC,United States,35.23,-81.0733,5496
Macon,MO,United States,39.7422,-92.4706,5495
Stettler,Alberta,Canada,52.333,-112.6833,5494
New Carlisle,OH,United States,39.9444,-84.0277,5494
Pleasant View,TN,United States,36.3893,-87.0455,5488
Monaca,PA,United States,40.6834,-80.2734,5487
Thatcher,AZ,United States,32.8127,-109.7665,5486
Greenville,PA,United States,41.4051,-80.3838,5484
Sandy Oaks,TX,United States,29.1817,-98.4092,5480
Mali,Labe,Guinea,12.084,-12.301,5479
Smiths Station,AL,United States,32.5229,-85.0994,5477
Walterboro,SC,United States,32.9009,-80.6759,5475
Surfside,FL,United States,25.8788,-80.125,5472
Clementon,NJ,United States,39.8027,-74.9838,5465
Shillington,PA,United States,40.3026,-75.9671,5464
Emporia,VA,United States,36.6962,-77.536,5463
Red Oak,IA,United States,41.0141,-95.2244,5461
Williamsville,NY,United States,42.9582,-78.7395,5458
St. Robert,MO,United States,37.8253,-92.152,5457
Wellston,OH,United States,39.1174,-82.5376,5457
Waynesville,MO,United States,37.8194,-92.2193,5455
Granite Shoals,TX,United States,30.5888,-98.3673,5451
Grosse Pointe,MI,United States,42.3839,-82.9039,5449
Columbus,WI,United States,43.3368,-89.03,5448
Avarua,,Cook Islands,-21.1962,-159.7854,5445
Hollywood,SC,United States,32.7513,-80.2019,5445
Tura,Evenk,Russia,64.2833,100.25,5444
Spring Valley,IL,United States,41.3229,-89.1834,5442
White Hall,AR,United States,34.2752,-92.1006,5437
Genoa,IL,United States,42.091,-88.695,5437
Sylvester,GA,United States,31.5297,-83.8346,5436
Ouadda,Haute-Kotto,Central African Republic,8.0671,22.4,5434
San Quintín,Baja California,Mexico,30.4837,-115.95,5433
Ione,CA,United States,38.3629,-120.9477,5431
Sheldon,IA,United States,43.1797,-95.8434,5422
Estacada,OR,United States,45.2982,-122.3324,5421
Atlanta,TX,United States,33.1132,-94.1676,5421
New Hempstead,NY,United States,41.1457,-74.051,5419
Whiteland,IN,United States,39.5551,-86.0744,5415
Leesville,LA,United States,31.1411,-93.2842,5408
Glencoe,AL,United States,33.9483,-85.9336,5404
Douglass Hills,KY,United States,38.2361,-85.5532,5403
Malone,NY,United States,44.8482,-74.2896,5400
Sayre,PA,United States,41.9857,-76.5208,5400
Smithville,TN,United States,35.9584,-85.8211,5392
Mudgee,New South Wales,Australia,-32.5896,149.5801,5391
Hoschton,GA,United States,34.0859,-83.7622,5388
Roanoke,AL,United States,33.1453,-85.3695,5387
Witu,Coast,Kenya,-2.3796,40.43,5380
Olyphant,PA,United States,41.4515,-75.5758,5380
Winterset,IA,United States,41.3499,-94.0181,5374
Prairie du Chien,WI,United States,43.0433,-91.1373,5373
St. Paul Park,MN,United States,44.8357,-92.9941,5371
Primera,TX,United States,26.2232,-97.7517,5371
North Hills,NY,United States,40.7764,-73.6778,5370
La Habra Heights,CA,United States,33.959,-117.949,5368
North Fond du Lac,WI,United States,43.811,-88.4855,5366
Archer Lodge,NC,United States,35.6823,-78.3704,5365
Chelsea,MI,United States,42.3114,-84.0194,5364
Rusk,TX,United States,31.7978,-95.1488,5362
Kimberly,ID,United States,42.5349,-114.3707,5359
Sunset,UT,United States,41.1381,-112.0284,5358
Kodiak,AK,United States,57.7912,-152.4197,5354
Wright City,MO,United States,38.8322,-91.0356,5354
Hiram,GA,United States,33.8908,-84.7505,5353
Fairport,NY,United States,43.0995,-77.4431,5353
Odenville,AL,United States,33.7009,-86.4234,5352
Collegeville,PA,United States,40.1869,-75.4575,5351
Qaminis,Benghazi,Libya,31.6606,20.0155,5348
Berlin,MD,United States,38.3315,-75.2154,5346
Centerville,IA,United States,40.7298,-92.872,5344
Coraopolis,PA,United States,40.5146,-80.1618,5344
Algona,IA,United States,43.0763,-94.2317,5342
Peace River,Alberta,Canada,56.2333,-117.2833,5340
Ripley,MS,United States,34.7324,-88.9435,5338
Benson,AZ,United States,31.9145,-110.3286,5337
Deer Park,OH,United States,39.2039,-84.3978,5336
Posen,IL,United States,41.6291,-87.6858,5334
Headland,AL,United States,31.355,-85.357,5333
Canal Fulton,OH,United States,40.8923,-81.5879,5333
Social Circle,GA,United States,33.6461,-83.7128,5330
Desaguadero,Callao,Peru,-16.5646,-69.045,5329
Reminderville,OH,United States,41.3272,-81.3974,5329
Tyrone,PA,United States,40.6765,-78.246,5328
Salem,NJ,United States,39.5682,-75.4726,5325
Sansom Park,TX,United States,32.8027,-97.4021,5323
Central,SC,United States,34.7234,-82.7747,5322
Newport,MN,United States,44.8744,-92.9986,5321
Englewood Cliffs,NJ,United States,40.8846,-73.9447,5321
Whispering Pines,NC,United States,35.2482,-79.3719,5320
Magnolia,TX,United States,30.213,-95.7426,5320
La Esperanza,Intibucá,Honduras,14.333,-88.1667,5318
Iola,KS,United States,37.9274,-95.4007,5318
Madisonville,TN,United States,35.5232,-84.363,5318
Lake City,MN,United States,44.4457,-92.2809,5315
Princeton,MN,United States,45.5682,-93.5903,5312
Vinita,OK,United States,36.6488,-95.161,5312
Johnstown,OH,United States,40.1491,-82.6869,5310
Bridgeport,PA,United States,40.1041,-75.3435,5310
Cornelia,GA,United States,34.5166,-83.5315,5309
Middletown,MD,United States,39.4413,-77.5352,5307
Carolina Shores,NC,United States,33.9079,-78.5731,5307
Hohenau,Itapúa,Paraguay,-27.0796,-55.75,5306
Clarinda,IA,United States,40.7377,-95.0337,5305
Highwood,IL,United States,42.206,-87.8129,5304
Ada,OH,United States,40.7681,-83.8252,5302
28 de Noviembre,Santa Cruz,Argentina,-51.65,-72.3,5300
West Salem,WI,United States,43.8985,-91.0875,5298
Batesburg-Leesville,SC,United States,33.9133,-81.5281,5297
La Crescent,MN,United States,43.8297,-91.305,5294
South Pasadena,FL,United States,27.7529,-82.7393,5288
Summit,WI,United States,43.0462,-88.4774,5287
Springfield,MI,United States,42.3241,-85.2354,5281
Forest,MS,United States,32.3598,-89.4759,5279
Grambling,LA,United States,32.5263,-92.708,5278
Turgay,Qostanay,Kazakhstan,49.626,63.499,5277
Sergeant Bluff,IA,United States,42.3975,-96.3509,5274
St. Helena,CA,United States,38.5128,-122.4681,5272
Fort Meade,FL,United States,27.7659,-81.8055,5270
Brush,CO,United States,40.2593,-103.6363,5268
Westville,IN,United States,41.5375,-86.9049,5268
Hamilton,MT,United States,46.2516,-114.16,5268
Weldon Spring,MO,United States,38.7094,-90.6525,5263
Polygyros,Kentriki Makedonia,Greece,40.381,23.453,5258
Lehighton,PA,United States,40.8277,-75.7165,5256
Schuylkill Haven,PA,United States,40.6283,-76.1725,5256
St. Martinville,LA,United States,30.127,-91.8311,5255
Lewisburg,PA,United States,40.9641,-76.89,5255
Giddings,TX,United States,30.1837,-96.928,5254
Fort Myers Beach,FL,United States,26.4302,-81.914,5251
Glennville,GA,United States,31.9388,-81.9324,5245
Tipton,IN,United States,40.2825,-86.0432,5245
Herculaneum,MO,United States,38.2576,-90.3931,5245
Kanab,UT,United States,37.0347,-112.53,5240
Manchester,IA,United States,42.4853,-91.4561,5239
Chardon,OH,United States,41.5793,-81.2091,5239
Gladstone,MI,United States,45.8505,-87.0262,5237
Montevideo,MN,United States,44.9502,-95.7154,5235
Springville,AL,United States,33.7405,-86.4841,5233
Rockmart,GA,United States,34.0083,-85.045,5231
Caruthersville,MO,United States,36.1813,-89.6669,5228
Sisimiut,Qeqqata Kommunia,Greenland,66.95,-53.6666,5227
Chester,SC,United States,34.705,-81.2132,5227
North Manchester,IN,United States,41.0043,-85.7756,5225
LaBelle,FL,United States,26.721,-81.4525,5222
Moab,UT,United States,38.5701,-109.5478,5221
Blakely,GA,United States,31.3809,-84.9271,5218
Guadalupe,AZ,United States,33.3665,-111.9632,5217
Barling,AR,United States,35.3313,-94.2752,5215
Fort Shevchenko,Mangghystau,Kazakhstan,44.5171,50.2666,5213
Warren,AR,United States,33.6118,-92.0677,5211
Northwood,OH,United States,41.6101,-83.4827,5211
Long View,NC,United States,35.7231,-81.3855,5207
Porter,IN,United States,41.6275,-87.0827,5204
New Liskeard,Ontario,Canada,47.5,-79.6666,5203
Hudson,TX,United States,31.3192,-94.7847,5203
Kaitaia,Northland,New Zealand,-35.1099,173.2727,5202
Sheridan,AR,United States,34.3216,-92.4431,5202
Kalangala,Kalangala,Uganda,-0.3089,32.225,5200
Kibale,Kibale,Uganda,0.8,31.0667,5200
Tillamook,OR,United States,45.4561,-123.8331,5196
Daytona Beach Shores,FL,United States,29.1713,-80.9807,5194
Lawrenceburg,IN,United States,39.1074,-84.8758,5194
Linton,IN,United States,39.0355,-87.1571,5194
Toronto,OH,United States,40.4579,-80.6096,5190
Hugo,OK,United States,34.0116,-95.5122,5190
Lone Grove,OK,United States,34.181,-97.2533,5190
Bristol,WI,United States,42.5323,-88.0091,5187
Eureka,IL,United States,40.714,-89.277,5186
Sarmiento,Chubut,Argentina,-45.6,-69.0833,5185
Veneta,OR,United States,44.0472,-123.3513,5183
Shelley,ID,United States,43.3795,-112.1261,5182
Fox Chapel,PA,United States,40.526,-79.8889,5180
Glenwood,IA,United States,41.0447,-95.7406,5175
Shallotte,NC,United States,33.9782,-78.3808,5171
West Hazleton,PA,United States,40.9743,-76.0254,5171
Huize,Yunnan,China,26.3504,103.4167,5170
Louisburg,KS,United States,38.6205,-94.6771,5170
Holly Ridge,NC,United States,34.4935,-77.5631,5170
Williamsburg,KY,United States,36.7387,-84.1657,5169
Brewton,AL,United States,31.1092,-87.0766,5167
Cherokee,IA,United States,42.7495,-95.5522,5167
Eaton Rapids,MI,United States,42.5097,-84.6519,5165
Titusville,PA,United States,41.6272,-79.6698,5164
Alexandria,IN,United States,40.263,-85.6737,5163
Frankenmuth,MI,United States,43.3328,-83.7391,5163
North Oaks,MN,United States,45.1048,-93.1011,5163
Center,TX,United States,31.7931,-94.1803,5163
Allegan,MI,United States,42.5311,-85.8392,5162
Margate City,NJ,United States,39.3309,-74.5068,5162
Garwood,NJ,United States,40.6513,-74.3232,5161
Orange,VA,United States,38.2478,-78.1132,5158
Uhrichsville,OH,United States,40.4041,-81.349,5155
Cave Creek,AZ,United States,33.8362,-111.9821,5152
Union Grove,WI,United States,42.6864,-88.0495,5152
Chadron,NE,United States,42.826,-103.0025,5145
Morris,MN,United States,45.5859,-95.9054,5140
Breckenridge,TX,United States,32.7568,-98.913,5140
Vadsø,Finnmark,Norway,70.0966,29.7657,5139
Newman,Western Australia,Australia,-23.3666,119.7333,5138
Mayville,WI,United States,43.4982,-88.5476,5138
Chernyshevsky,Sakha (Yakutia),Russia,63.0128,112.4714,5137
Bolivar,TN,United States,35.264,-89.0119,5136
Lakeport,CA,United States,39.0383,-122.9226,5135
Combarbalá,Coquimbo,Chile,-31.18,-71.0,5134
Kingsford,MI,United States,45.8064,-88.1004,5134
Jackson,CA,United States,38.3485,-120.7728,5132
Liberty,NY,United States,41.7966,-74.7432,5130
Poplar Grove,IL,United States,42.3511,-88.8438,5129
Bangor,PA,United States,40.868,-75.2085,5128
Utica,MI,United States,42.6287,-83.0233,5124
Rosario,San Pedro,Paraguay,-24.4196,-57.1,5123
Wildwood,NJ,United States,38.9875,-74.8182,5123
Tucumcari,NM,United States,35.1703,-103.705,5123
Mineola,TX,United States,32.6529,-95.4803,5119
Port Isabel,TX,United States,26.063,-97.2467,5118
Teyateyaneng,Berea,Lesotho,-29.153,27.753,5115
Big Stone Gap,VA,United States,36.8627,-82.7761,5114
Nassau Bay,TX,United States,29.5448,-95.0874,5113
Elmsford,NY,United States,41.0541,-73.8143,5103
Gilmer,TX,United States,32.7323,-94.9458,5100
Winona Lake,IN,United States,41.2171,-85.8131,5099
Monee,IL,United States,41.4181,-87.7501,5097
Birdsboro,PA,United States,40.2623,-75.8101,5095
Richlands,VA,United States,37.088,-81.8104,5095
Lake Barrington,IL,United States,42.2102,-88.1695,5092
Ayden,NC,United States,35.4694,-77.4166,5092
Camilla,GA,United States,31.2341,-84.2096,5089
Berkeley,IL,United States,41.8891,-87.9115,5089
Mechanicville,NY,United States,42.9041,-73.6889,5089
New Freedom,PA,United States,39.7353,-76.6967,5089
Rogersville,MO,United States,37.1148,-93.0747,5087
New Martinsville,WV,United States,39.6456,-80.8627,5087
Dodgeville,WI,United States,42.966,-90.1297,5085
West York,PA,United States,39.9534,-76.761,5078
Duryea,PA,United States,41.3513,-75.7761,5075
Becker,MN,United States,45.3865,-93.8873,5074
Savannah,MO,United States,39.9388,-94.828,5072
Duquesne,PA,United States,40.3735,-79.8502,5072
Windsor Heights,IA,United States,41.6045,-93.7128,5067
Whitehouse,OH,United States,41.5216,-83.7958,5063
Horseshoe Bay,TX,United States,30.5408,-98.3806,5063
Penn Yan,NY,United States,42.6607,-77.0531,5062
Clarks Summit,PA,United States,41.4902,-75.7065,5060
Redwood Falls,MN,United States,44.5471,-95.1026,5059
Terrell Hills,TX,United States,29.4771,-98.4472,5059
Calistoga,CA,United States,38.5814,-122.5827,5058
Pleasant Garden,NC,United States,35.952,-79.7547,5057
Kingfisher,OK,United States,35.8447,-97.9393,5057
Davison,MI,United States,43.0318,-83.5187,5056
Buckhannon,WV,United States,38.9927,-80.2282,5055
Adairsville,GA,United States,34.3708,-84.9212,5052
Williamston,NC,United States,35.8465,-77.0661,5051
Pana,IL,United States,39.3946,-89.0908,5049
Elko New Market,MN,United States,44.5671,-93.3343,5048
Grant-Valkaria,FL,United States,27.9343,-80.5659,5045
Hearst,Ontario,Canada,49.7005,-83.6666,5043
Wanaka,Otago,Necw Zealand,-44.698,169.1449,5037
Woodside,CA,United States,37.4222,-122.2586,5037
Ste. Genevieve,MO,United States,37.975,-90.05,5037
Progreso,TX,United States,26.0961,-97.9566,5037
Colville,WA,United States,48.5454,-117.8985,5037
Swoyersville,PA,United States,41.2977,-75.8799,5030
Valparaiso,FL,United States,30.4899,-86.5147,5029
Creedmoor,NC,United States,36.125,-78.678,5026
McMinns Lagoon,Northern Territory,Australia,-12.5329,131.05,5025
Sawmills,NC,United States,35.8176,-81.4763,5025
Palmetto,GA,United States,33.536,-84.6738,5021
Lindstrom,MN,United States,45.3858,-92.8437,5008
Franklin,NJ,United States,41.109,-74.5886,5008
Big Bear Lake,CA,United States,34.2429,-116.8939,5007
Concordia,KS,United States,39.5669,-97.6468,5004
Omak,WA,United States,48.4223,-119.5306,5004
Iowa Falls,IA,United States,42.5192,-93.2661,5002
Punakha,Punakha,Bhutan,27.5842,89.8641,5000
Wangdue Prodrang,Wangdi Phodrang,Bhutan,27.4333,89.9167,5000
Qasr Farafra,Al Wadi at Jadid,Egypt,27.0671,27.9666,5000
La Victoria,Alto Paraguay,Paraguay,-22.2896,-57.94,5000
Pinckneyville,IL,United States,38.0861,-89.327,4995
Ashland,MO,United States,38.8125,-92.2395,4995
Sea Cliff,NY,United States,40.8462,-73.6504,4995
Cheraw,SC,United States,34.6979,-79.914,4995
Crandall,TX,United States,32.628,-96.4269,4995
Bisbee,AZ,United States,31.398,-109.9318,4994
Manheim,PA,United States,40.1633,-76.396,4994
Buellton,CA,United States,34.6155,-120.1942,4990
Harrington Park,NJ,United States,40.9917,-73.9802,4990
Wahoo,NE,United States,41.2171,-96.6178,4987
Falcon Heights,MN,United States,44.9881,-93.1747,4984
Fellsmere,FL,United States,27.7212,-80.6099,4982
Denton,MD,United States,38.8794,-75.8245,4979
Alva,OK,United States,36.7896,-98.6649,4978
Colona,IL,United States,41.4734,-90.3324,4977
Island Park,NY,United States,40.6052,-73.6553,4976
Kenneth City,FL,United States,27.8161,-82.7146,4975
Grayson,GA,United States,33.8908,-83.9581,4975
South Barrington,IL,United States,42.089,-88.1572,4974
Leonardtown,MD,United States,38.3039,-76.6397,4974
St. Clairsville,OH,United States,40.0783,-80.8992,4973
Jasper,GA,United States,34.4662,-84.4359,4970
Mendham,NJ,United States,40.7673,-74.5978,4970
Muleshoe,TX,United States,34.2292,-102.7284,4970
Milan,IL,United States,41.4355,-90.5627,4968
King City,OR,United States,45.4012,-122.8069,4968
Rocky Mount,VA,United States,37.0044,-79.8848,4968
Munroe Falls,OH,United States,41.1396,-81.4361,4966
Brady,TX,United States,31.1154,-99.3459,4965
Madison,GA,United States,33.579,-83.476,4964
Hazard,KY,United States,37.2605,-83.1982,4964
Midfield,AL,United States,33.4553,-86.9224,4960
Vandergrift,PA,United States,40.5994,-79.5755,4958
Ironwood,MI,United States,46.4522,-90.1504,4957
Medical Lake,WA,United States,47.571,-117.6894,4957
Saltillo,MS,United States,34.3803,-88.6962,4955
McLendon-Chisholm,TX,United States,32.8471,-96.3912,4954
Vinton,IA,United States,42.1631,-92.0262,4951
Staunton,IL,United States,39.0117,-89.7907,4951
Artemovsk,Krasnoyarsk,Russia,54.3487,93.4355,4948
Midway,NC,United States,35.9751,-80.2204,4948
Baxley,GA,United States,31.7648,-82.3493,4945
Nashville,GA,United States,31.2057,-83.2464,4945
Richland Center,WI,United States,43.3405,-90.3834,4944
Wauchula,FL,United States,27.5469,-81.8101,4943
Breckenridge,CO,United States,39.4995,-106.0432,4940
Silverthorne,CO,United States,39.6599,-106.0891,4940
Ust-Kamchatsk,Kamchatka,Russia,56.2135,162.435,4939
Lonsdale,MN,United States,44.4776,-93.4242,4937
Cherokee Village,AR,United States,36.2913,-91.5694,4936
Nieuw Amsterdam,Commewijne,Suriname,5.91,-55.07,4935
Wadesboro,NC,United States,34.9638,-80.0747,4935
Ballston Spa,NY,United States,43.0056,-73.8545,4933
Edwardsville,PA,United States,41.2602,-75.9099,4932
Midland,NC,United States,35.2492,-80.5301,4930
Baldwin City,KS,United States,38.7775,-95.1875,4929
Turtle Creek,PA,United States,40.4086,-79.8215,4929
Daleville,AL,United States,31.2915,-85.7117,4926
Elk Ridge,UT,United States,40.0104,-111.678,4925
Brielle,NJ,United States,40.1055,-74.0637,4920
Circle Pines,MN,United States,45.1437,-93.1475,4919
Luverne,MN,United States,43.6536,-96.2151,4918
Sonora,CA,United States,37.9817,-120.3828,4917
Ardsley,NY,United States,41.0135,-73.8393,4916
Royersford,PA,United States,40.1863,-75.5389,4916
Sparta,TN,United States,35.9347,-85.4726,4915
Granite Falls,NC,United States,35.7972,-81.4244,4914
Rio Communities,NM,United States,34.6452,-106.7158,4907
Hinton,OK,United States,35.4932,-98.3547,4907
Bluefield,VA,United States,37.2352,-81.2747,4906
Clarkdale,AZ,United States,34.748,-112.0587,4904
Flemington,NJ,United States,40.5086,-74.8599,4902
Forsyth,GA,United States,33.0394,-83.9344,4901
Deer Park,WA,United States,47.9642,-117.4398,4898
Point Pleasant Beach,NJ,United States,40.0926,-74.0452,4897
Telford,PA,United States,40.3256,-75.3273,4896
Harlan,IA,United States,41.6495,-95.3268,4891
Port Allen,LA,United States,30.4438,-91.2074,4890
Wonder Lake,IL,United States,42.3834,-88.35,4889
Shenandoah,IA,United States,40.7582,-95.3721,4884
Chatsworth,GA,United States,34.7811,-84.7825,4883
Edgewater,CO,United States,39.7508,-105.0626,4882
South Hill,VA,United States,36.7257,-78.1289,4881
Columbia,KY,United States,37.1034,-85.3075,4880
Sulphur,OK,United States,34.5021,-96.9852,4880
Gibraltar,MI,United States,42.1054,-83.201,4873
Saranac Lake,NY,United States,44.3259,-74.1309,4871
Winfield,AL,United States,33.9347,-87.7913,4869
Desloge,MO,United States,37.8751,-90.5191,4869
New Castle,CO,United States,39.5776,-107.5265,4866
Littlestown,PA,United States,39.7455,-77.0857,4866
Penns Grove,NJ,United States,39.7277,-75.469,4865
Abbeville,SC,United States,34.1785,-82.3777,4863
La Joya,TX,United States,26.2579,-98.4764,4863
Indian Wells,CA,United States,33.6999,-116.3295,4862
South Bay,FL,United States,26.6884,-80.7355,4861
Ros Comain,Roscommon,Ireland,53.6333,-8.1833,4860
Aberdeen,MS,United States,33.8283,-88.5547,4860
Opuwo,Kunene,Namibia,-18.0596,13.82,4857
Puerto Lempira,Gracias a Dios,Honduras,15.262,-83.7716,4856
Osage Beach,MO,United States,38.1362,-92.647,4856
Wellington,OH,United States,41.1523,-82.2263,4851
Bullard,TX,United States,32.1442,-95.3175,4848
Betanzos,Potosí,Bolivia,-19.56,-65.45,4847
Cheboygan,MI,United States,45.6419,-84.4688,4847
Bloomfield,WI,United States,42.549,-88.3518,4847
Wamego,KS,United States,39.2053,-96.3101,4846
Coopersville,MI,United States,43.0655,-85.9338,4846
Demarest,NJ,United States,40.9541,-73.9549,4846
Lexington,OH,United States,40.6796,-82.5782,4846
Willits,CA,United States,39.405,-123.3489,4843
Keyser,WV,United States,39.4394,-78.9821,4843
Pittsboro,NC,United States,35.7278,-79.1689,4839
Forbes,New South Wales,Australia,-33.3896,148.02,4838
Cubal,Benguela,Angola,-13.0396,14.24,4837
Pevek,Chukchi Autonomous Okrug,Russia,69.7008,170.3133,4837
Marksville,LA,United States,31.1254,-92.0651,4835
Spring Lake Heights,NJ,United States,40.1495,-74.0462,4834
Holbrook,AZ,United States,34.9046,-110.1672,4833
Old Westbury,NY,United States,40.7865,-73.5975,4833
Granite Falls,WA,United States,48.0896,-121.9692,4829
Creve Coeur,IL,United States,40.6441,-89.5974,4828
Platte City,MO,United States,39.3597,-94.7563,4828
Luray,VA,United States,38.6642,-78.4545,4828
Moxee,WA,United States,46.564,-120.3966,4827
Westmont,PA,United States,40.3194,-78.9524,4825
Needles,CA,United States,34.8134,-114.6266,4824
Mount Pleasant,TN,United States,35.5481,-87.1869,4824
Carthage,MS,United States,32.7442,-89.5335,4821
Northvale,NJ,United States,41.0129,-73.9486,4821
Creston,British Columbia,Canada,49.1,-116.5167,4816
Fortville,IN,United States,39.9248,-85.8463,4814
Columbiana,AL,United States,33.1915,-86.6156,4812
Silverton,OH,United States,39.1884,-84.4009,4812
Hallsville,TX,United States,32.4992,-94.5678,4812
Dellwood,MO,United States,38.7563,-90.2766,4811
South Bound Brook,NJ,United States,40.5539,-74.5275,4811
Chittenango,NY,United States,43.0461,-75.8748,4810
West Milton,OH,United States,39.9591,-84.3262,4805
Beaufort,NC,United States,34.7227,-76.6512,4804
Fountain Hill,PA,United States,40.6028,-75.3961,4798
Windom,MN,United States,43.8736,-95.1191,4797
Glendive,MT,United States,47.1065,-104.7109,4796
Nata,Central,Botswana,-20.2095,26.19,4794
Sayre,OK,United States,35.2957,-99.6282,4793
Watertown,MN,United States,44.9602,-93.8439,4791
Flower Hill,NY,United States,40.8075,-73.6756,4791
Clinton,IN,United States,39.661,-87.4047,4790
Alfred,NY,United States,42.2543,-77.7896,4789
Richwood,TX,United States,29.0639,-95.4022,4789
Ottawa Hills,OH,United States,41.6671,-83.6398,4786
Lemoyne,PA,United States,40.2442,-76.8991,4785
Worland,WY,United States,44.0204,-107.9617,4785
Berryville,VA,United States,39.1477,-77.9802,4782
American Falls,ID,United States,42.7828,-112.8542,4781
Surf City,NC,United States,34.4373,-77.5349,4781
DeWitt,MI,United States,42.8388,-84.5838,4779
Elberton,GA,United States,34.1068,-82.8727,4778
Winchester,IN,United States,40.1721,-84.9771,4778
Turukhansk,Krasnoyarsk,Russia,65.8382,87.955,4774
Marseilles,IL,United States,41.2822,-88.6814,4773
Dilworth,MN,United States,46.8794,-96.6983,4772
Morgan's Point Resort,TX,United States,31.1546,-97.4592,4771
Palos Park,IL,United States,41.6662,-87.8296,4765
Benton,KY,United States,36.848,-88.3616,4765
Ashville,OH,United States,39.7243,-82.9575,4760
McRae-Helena,GA,United States,32.0636,-82.8969,4759
Higginsville,MO,United States,39.0657,-93.7268,4757
Green Tree,PA,United States,40.4171,-80.0543,4755
Tallassee,AL,United States,32.5327,-85.892,4753
Florence,MS,United States,32.1556,-90.1225,4753
Funafuti,,Tuvalu,-8.5167,179.2166,4749
Cochran,GA,United States,32.3873,-83.3514,4749
Centreville,MD,United States,39.0423,-76.0625,4745
Le Claire,IA,United States,41.5956,-90.377,4744
Erwin,NC,United States,35.3222,-78.6735,4739
Fairfield,IL,United States,38.3806,-88.3725,4738
Connell,WA,United States,46.6605,-118.8406,4735
Rockford,MN,United States,45.0912,-93.7452,4734
Canton,TX,United States,32.5542,-95.8635,4734
Hoopeston,IL,United States,40.4608,-87.6636,4731
Centralia,MO,United States,39.2108,-92.1343,4728
Uncia,Potosi,Bolivia,-18.47,-66.57,4723
Humboldt,IA,United States,42.7229,-94.225,4723
Crystal City,MO,United States,38.2228,-90.3815,4717
Wood Village,OR,United States,45.5358,-122.4205,4717
Berri,South Australia,Australia,-34.2829,140.6,4716
St. Clair,MO,United States,38.3466,-90.9936,4716
Camargo,Chuquisaca,Bolivia,-20.6396,-65.21,4715
Buhl,ID,United States,42.5984,-114.7595,4715
Salem,MO,United States,37.6396,-91.5349,4713
Coldwater,OH,United States,40.483,-84.6333,4712
Flora,IL,United States,38.6656,-88.4738,4711
Ovilla,TX,United States,32.5413,-96.8835,4709
East Troy,WI,United States,42.7852,-88.3956,4707
Piedmont,AL,United States,33.9276,-85.6153,4705
Aurora,NE,United States,40.8647,-98.0081,4704
Waterloo,NY,United States,42.9046,-76.859,4704
Sugarcreek,PA,United States,41.4402,-79.8288,4704
St. James,MN,United States,43.9834,-94.6254,4699
Valdese,NC,United States,35.7555,-81.5727,4699
Jenkintown,PA,United States,40.0963,-75.1298,4699
Coopertown,TN,United States,36.4142,-86.9658,4698
Utqia?vik,AK,United States,71.2539,-156.7982,4694
Weaverville,NC,United States,35.6993,-82.5557,4693
Lillington,NC,United States,35.4131,-78.8117,4692
Carmi,IL,United States,38.0862,-88.1721,4688
Beecher,IL,United States,41.35,-87.6173,4687
Chisholm,MN,United States,47.4875,-92.8794,4687
Shannon Hills,AR,United States,34.6176,-92.4022,4685
Folkston,GA,United States,30.8391,-82.0073,4684
Crystal Springs,MS,United States,31.99,-90.3553,4681
Ogallala,NE,United States,41.1296,-101.7207,4680
Oak Park Heights,MN,United States,45.0334,-92.8102,4678
Holts Summit,MO,United States,38.6473,-92.113,4677
Whiteville,NC,United States,34.3305,-78.7014,4677
Bagdarin,Buryat,Russia,54.4333,113.6,4676
Arnold,PA,United States,40.5789,-79.7653,4676
Randleman,NC,United States,35.8159,-79.8077,4674
Montoursville,PA,United States,41.2465,-76.9167,4666
Winnsboro,LA,United States,32.1647,-91.7206,4665
Klaksvík,Eysturoyar,Faroe Islands,62.2375,-6.539,4664
Ranlo,NC,United States,35.2899,-81.1292,4664
Westlake,LA,United States,30.261,-93.2635,4663
Hollister,MO,United States,36.6072,-93.232,4661
Cobram,Victoria,Australia,-35.9196,145.65,4659
East Palestine,OH,United States,40.8391,-80.5466,4658
Mount Ephraim,NJ,United States,39.8795,-75.0918,4654
Negaunee,MI,United States,46.4966,-87.5919,4653
Ahoskie,NC,United States,36.2841,-76.9901,4651
Rock Hill,MO,United States,38.6091,-90.3673,4649
Hokes Bluff,AL,United States,33.9897,-85.8629,4648
West Pittston,PA,United States,41.3296,-75.8,4648
Palikir,,Federated States of Micronesia,6.9166,158.15,4645
Hurstbourne,KY,United States,38.2394,-85.5914,4645
Mountain Grove,MO,United States,37.1342,-92.2663,4645
Edwardsville,KS,United States,39.0782,-94.8188,4641
California,PA,United States,40.0667,-79.912,4639
Hartwell,GA,United States,34.3496,-82.928,4638
Childersburg,AL,United States,33.2925,-86.3408,4637
Boiling Springs,NC,United States,35.2521,-81.6636,4637
Huxley,IA,United States,41.8966,-93.592,4634
Sangar,Sakha (Yakutia),Russia,63.9241,127.4739,4633
Rogersville,TN,United States,36.4083,-83.0042,4633
Parker,FL,United States,30.1284,-85.6002,4631
Carrizo Springs,TX,United States,28.5258,-99.8593,4628
Marathon,Ontario,Canada,48.7504,-86.3667,4627
Dawsonville,GA,United States,34.4337,-84.1244,4627
Southampton,NY,United States,40.8766,-72.4031,4627
Scone,New South Wales,Australia,-32.0796,150.8501,4624
Montebello,NY,United States,41.1308,-74.1101,4624
Loxley,AL,United States,30.6846,-87.7392,4623
Manitou Springs,CO,United States,38.8575,-104.9129,4622
Bridgeville,PA,United States,40.3582,-80.1076,4622
Cornwall,PA,United States,40.2611,-76.411,4622
Oconto,WI,United States,44.8927,-87.8685,4621
Buffalo,WY,United States,44.3385,-106.7153,4621
Fox River Grove,IL,United States,42.1955,-88.2148,4619
Lake Worth,TX,United States,32.813,-97.4305,4616
Tuscola,IL,United States,39.7959,-88.2755,4614
Sauk Centre,MN,United States,45.7365,-94.9527,4610
Ligonier,IN,United States,41.4619,-85.5959,4608
Mountain Lakes,NJ,United States,40.8909,-74.442,4608
Bremen,IN,United States,41.4488,-86.1507,4604
Eldon,MO,United States,38.3512,-92.5767,4602
Madisonville,TX,United States,30.954,-95.9093,4602
Breese,IL,United States,38.6138,-89.5237,4600
Sherman,IL,United States,39.8903,-89.6045,4599
Meadows Place,TX,United States,29.6509,-95.5869,4596
Fremont,MI,United States,43.4625,-85.9548,4595
Manlius,NY,United States,43.0014,-75.9822,4593
Grafton,WV,United States,39.3406,-80.0161,4589
Avalon,PA,United States,40.5012,-80.0685,4588
Jeanerette,LA,United States,29.9152,-91.6763,4587
Lexington,MO,United States,39.1803,-93.8691,4585
Brownsweg,Brokopondo,Suriname,5.02,-55.17,4582
Neptune City,NJ,United States,40.2005,-74.0333,4581
Devine,TX,United States,29.1458,-98.905,4580
Caldwell,TX,United States,30.5313,-96.6989,4579
Crossett,AR,United States,33.1228,-91.9581,4578
Soldotna,AK,United States,60.4853,-151.069,4577
Brisbane,CA,United States,37.6758,-122.3833,4577
Barnwell,SC,United States,33.2416,-81.3661,4577
Mansfield,LA,United States,32.0353,-93.6997,4575
China Grove,NC,United States,35.5725,-80.5748,4572
Lebanon,IL,United States,38.6007,-89.8097,4571
Mount Vernon,MO,United States,37.1048,-93.8187,4571
East Petersburg,PA,United States,40.1034,-76.3497,4571
Sioux Lookout,Ontario,Canada,50.263,-91.9166,4570
Delmar,MD,United States,38.4421,-75.5604,4569
Woodruff,SC,United States,34.7451,-82.0375,4569
Vilonia,AR,United States,35.0787,-92.2154,4568
Wellsville,NY,United States,42.1207,-77.9457,4566
Greendale,IN,United States,39.1477,-84.8299,4564
Prospect,KY,United States,38.3469,-85.6089,4564
Otavi,Otjozondjupa,Namibia,-19.64,17.342,4562
Tonantins,Amazonas,Brazil,-2.8727,-67.8019,4561
Whiteville,TN,United States,35.3179,-89.1497,4561
Shelbyville,IL,United States,39.4095,-88.8,4560
Dyersville,IA,United States,42.4815,-91.1166,4557
Brookland,AR,United States,35.8971,-90.5717,4556
Camanche,IA,United States,41.7927,-90.2762,4552
Mount Vernon,IA,United States,41.9237,-91.4238,4552
Diboll,TX,United States,31.1883,-94.7829,4551
Crescent Springs,KY,United States,39.0562,-84.5798,4550
New Boston,TX,United States,33.4611,-94.4191,4548
Farmville,NC,United States,35.595,-77.5906,4546
Ellisville,MS,United States,31.5973,-89.2103,4544
Raeford,NC,United States,34.9813,-79.2296,4544
Sunset Beach,NC,United States,33.8948,-78.505,4544
West Reading,PA,United States,40.3338,-75.9469,4543
La Grange,TX,United States,29.9126,-96.8763,4541
Dewey-Humboldt,AZ,United States,34.5174,-112.2497,4540
Mosinee,WI,United States,44.7918,-89.6843,4538
Morgan,UT,United States,41.0414,-111.6802,4536
Hearne,TX,United States,30.8771,-96.5952,4535
Fulton,MS,United States,34.2629,-88.4019,4534
Waynesboro,MS,United States,31.6776,-88.6338,4534
Newton Falls,OH,United States,41.1926,-80.968,4534
Scottsville,KY,United States,36.7493,-86.2076,4533
Berwick,LA,United States,29.7005,-91.2352,4531
Olympia Fields,IL,United States,41.522,-87.6916,4530
Lafayette,OR,United States,45.2469,-123.1119,4530
Jim Thorpe,PA,United States,40.8572,-75.7763,4529
Clintonville,WI,United States,44.6221,-88.7517,4529
Pocola,OK,United States,35.2515,-94.4679,4527
Jackson,AL,United States,31.5323,-87.8912,4525
South Tucson,AZ,United States,32.1955,-110.9692,4521
Vail,CO,United States,39.6378,-106.3625,4521
California,MO,United States,38.6303,-92.5671,4520
Nowthen,MN,United States,45.3431,-93.4496,4519
Fredericktown,MO,United States,37.563,-90.3035,4518
Nelsonville,OH,United States,39.4602,-82.2214,4518
Mills,WY,United States,42.8499,-106.3908,4517
Little Falls,NY,United States,43.0448,-74.8567,4516
Sellersville,PA,United States,40.3605,-75.3069,4515
Pittsburg,TX,United States,32.9992,-94.9668,4515
Belton,SC,United States,34.5238,-82.4927,4511
Watseka,IL,United States,40.7751,-87.7304,4510
La Verkin,UT,United States,37.2315,-113.2506,4510
Springhill,LA,United States,33.0019,-93.4615,4509
Dexter,MI,United States,42.3323,-83.881,4509
Hancock,MI,United States,47.1367,-88.5978,4507
Whiting,IN,United States,41.673,-87.484,4506
Hummelstown,PA,United States,40.2653,-76.7129,4505
Dardanelle,AR,United States,35.2263,-93.1659,4504
Huntingdon,TN,United States,36.0061,-88.4172,4504
Freeburg,IL,United States,38.4391,-89.9162,4501
Donora,PA,United States,40.1795,-79.8624,4500
West Wendover,NV,United States,40.7403,-114.0786,4499
Belleair,FL,United States,27.936,-82.8128,4495
Marlow,OK,United States,34.6311,-97.9567,4495
Newport,NC,United States,34.7707,-76.8791,4494
Robbins,IL,United States,41.6431,-87.7081,4493
Evansdale,IA,United States,42.4657,-92.2694,4490
Buena,NJ,United States,39.5292,-74.9452,4489
Cortland,IL,United States,41.9372,-88.6893,4488
West Jefferson,OH,United States,39.9494,-83.3084,4488
McLoud,OK,United States,35.4122,-97.1066,4488
Jessup,PA,United States,41.4522,-75.5413,4488
Narberth,PA,United States,40.0077,-75.2635,4488
Wapato,WA,United States,46.4436,-120.4215,4486
Edenton,NC,United States,36.0586,-76.599,4485
Prescott,WI,United States,44.7534,-92.789,4485
Wayland,MI,United States,42.6731,-85.6417,4484
Charleston,MO,United States,36.9169,-89.3339,4483
Selmer,TN,United States,35.1706,-88.5951,4482
Abra Pampa,Jujuy,Argentina,-22.7167,-65.7,4480
Perryville,MD,United States,39.573,-76.0649,4480
Aqtau,Mangghystau,Kazakhstan,43.6232,51.2365,4479
Cobleskill,NY,United States,42.679,-74.4852,4479
Forest Hills,TN,United States,36.07,-86.8362,4479
Hamburg,PA,United States,40.5562,-75.9824,4474
Sheffield,OH,United States,41.4569,-82.094,4471
Kimberly,AL,United States,33.777,-86.8002,4463
Canastota,NY,United States,43.0841,-75.7555,4462
Menands,NY,United States,42.6912,-73.7262,4461
Crestline,OH,United States,40.7834,-82.7477,4460
Victorica,La Pampa,Argentina,-36.2163,-65.45,4458
Indian River Shores,FL,United States,27.7101,-80.382,4458
Waverly,NE,United States,40.9117,-96.5338,4458
Georgetown,OH,United States,38.8683,-83.8993,4458
Oak Hill,TN,United States,36.0684,-86.7931,4457
Triana,AL,United States,34.5878,-86.7485,4456
Seat Pleasant,MD,United States,38.8947,-76.8995,4456
Gentry,AR,United States,36.2596,-94.4909,4449
Glendale,CO,United States,39.7031,-104.9362,4447
Archbold,OH,United States,41.5165,-84.3045,4447
New Lexington,OH,United States,39.7168,-82.2067,4447
Auburn,IL,United States,39.5763,-89.744,4444
Cochrane,Ontario,Canada,49.067,-81.0166,4441
Cochrane,Ais,Chile,-47.2663,-72.5499,4441
Honesdale,PA,United States,41.5757,-75.2508,4438
Eagar,AZ,United States,34.1068,-109.3012,4437
Viroqua,WI,United States,43.5605,-90.886,4437
Wolverine Lake,MI,United States,42.5533,-83.4864,4436
Kewaskum,WI,United States,43.5176,-88.2306,4435
Duncan,SC,United States,34.9292,-82.1476,4431
Haughton,LA,United States,32.5276,-93.5042,4430
Edinburgh,IN,United States,39.3509,-85.9625,4429
Lincoln,ND,United States,46.7689,-100.6977,4426
Middleville,MI,United States,42.7153,-85.4686,4424
Perry,OK,United States,36.2801,-97.3082,4424
Phoenix,OR,United States,42.2748,-122.8153,4422
Summerville,GA,United States,34.4788,-85.3491,4420
Falfurrias,TX,United States,27.2244,-98.1452,4420
Canton,NC,United States,35.5389,-82.8486,4418
Rio Bravo,TX,United States,27.3647,-99.4845,4418
Riverside,MO,United States,39.1722,-94.6325,4417
Ottawa,OH,United States,41.0198,-84.0353,4416
Ilulissat,Qaasuitsup Kommunia,Greenland,69.2167,-51.1,4413
Sykesville,MD,United States,39.3721,-76.9717,4412
Chelan,WA,United States,47.8443,-120.0136,4412
Tulia,TX,United States,34.5379,-101.7744,4408
Medford,WI,United States,45.1356,-90.3425,4406
Goodland,KS,United States,39.3485,-101.7138,4403
Harrogate,TN,United States,36.5752,-83.6462,4403
Stone Park,IL,United States,41.9032,-87.8807,4402
Pocomoke City,MD,United States,38.0632,-75.5592,4401
Benson,NC,United States,35.3871,-78.5409,4401
La Paz,Mendoza,Argentina,-33.4661,-67.55,4400
Russell,KS,United States,38.8875,-98.8514,4400
Minersville,PA,United States,40.6908,-76.2594,4400
Clayton,DE,United States,39.2741,-75.6315,4399
Chalfont,PA,United States,40.289,-75.2096,4396
Argo,AL,United States,33.691,-86.5053,4386
Egg Harbor City,NJ,United States,39.5637,-74.5959,4385
Kindersley,Saskatchewan,Canada,51.467,-109.1333,4383
Atlantic Highlands,NJ,United States,40.4118,-74.0198,4383
Kildeer,IL,United States,42.1814,-88.0489,4377
Bloomfield Hills,MI,United States,42.5814,-83.2464,4377
Southport,NC,United States,33.9333,-78.0085,4377
Sokolo,Ségou,Mali,14.7337,-6.1333,4374
Greenville,KY,United States,37.2105,-87.1776,4374
Gaylord,MI,United States,45.0213,-84.6818,4374
Palacios,TX,United States,28.7131,-96.2279,4374
Isle of Palms,SC,United States,32.8039,-79.7524,4370
Prairie du Sac,WI,United States,43.2939,-89.7352,4370
Bayside,WI,United States,43.1826,-87.9017,4369
Baldwin,WI,United States,44.9544,-92.3715,4366
Saryshaghan,Qaraghandy,Kazakhstan,46.1195,73.6191,4365
Caseyville,IL,United States,38.629,-90.0345,4359
Garden Ridge,TX,United States,29.6365,-98.2925,4359
La Center,WA,United States,45.8605,-122.6757,4357
Magnolia,NJ,United States,39.8562,-75.0364,4356
Barboursville,WV,United States,38.4064,-82.2953,4355
Beaver,PA,United States,40.6935,-80.3076,4352
Hunters Creek Village,TX,United States,29.7727,-95.4981,4352
Mount Orab,OH,United States,39.0293,-83.9267,4349
Paxton,IL,United States,40.4563,-88.1034,4348
Breckenridge Hills,MO,United States,38.7158,-90.3684,4348
Scott City,MO,United States,37.2245,-89.5376,4348
Louisville,TN,United States,35.8227,-84.0527,4347
Mulberry,FL,United States,27.9054,-81.9883,4346
Dansville,NY,United States,42.5625,-77.6969,4346
Wingate,NC,United States,34.986,-80.4474,4342
Bowling Green,MO,United States,39.3448,-91.2025,4341
New Roads,LA,United States,30.6959,-91.4538,4339
North Wilkesboro,NC,United States,36.1728,-81.1389,4338
Plain City,OH,United States,40.1075,-83.2736,4338
Weston Lakes,TX,United States,29.6573,-95.931,4338
Scottdale,PA,United States,40.1034,-79.5898,4337
Greenfield,OH,United States,39.3535,-83.3884,4336
Newport,VT,United States,44.9367,-72.2096,4336
Rose Hill,KS,United States,37.5703,-97.136,4332
Ludlow,KY,United States,39.0887,-84.5485,4332
Tazewell,VA,United States,37.1289,-81.5066,4332
Liverpool,Nova Scotia,Canada,44.04,-64.72,4331
Wadena,MN,United States,46.4472,-95.1267,4331
Highlands,NJ,United States,40.4042,-73.9882,4329
Franklin,NC,United States,35.1794,-83.3807,4328
Carlisle,IA,United States,41.5136,-93.4968,4326
Reedsport,OR,United States,43.6989,-124.1119,4321
Surfside Beach,SC,United States,33.6097,-78.9775,4321
La Cruz,Guanacaste,Costa Rica,11.0704,-85.63,4319
Al Qunaytirah,Golan,Syria,33.1257,35.8236,4318
Westville,NJ,United States,39.8707,-75.1299,4317
Broadway,VA,United States,38.6085,-78.8014,4317
Jourdanton,TX,United States,28.914,-98.5408,4304
Park Rapids,MN,United States,46.9164,-95.0579,4302
Lamar,MO,United States,37.4939,-94.2784,4302
Haleyville,AL,United States,34.2338,-87.6176,4301
Glassport,PA,United States,40.3258,-79.886,4301
Denver City,TX,United States,32.9679,-102.8322,4301
Attapu,Attapu,Laos,14.808,106.839,4297
Clarion,PA,United States,41.2094,-79.3801,4295
Comanche,TX,United States,31.9005,-98.6044,4294
Medford Lakes,NJ,United States,39.8536,-74.8117,4291
Bekiy,Toliary,Madagascar,-24.2162,45.3166,4286
Laureldale,PA,United States,40.3897,-75.9135,4286
Mathis,TX,United States,28.0909,-97.817,4285
Wayzata,MN,United States,44.97,-93.5182,4284
Spindale,NC,United States,35.3597,-81.9232,4284
Chariton,IA,United States,41.0174,-93.3096,4280
Melville,Saskatchewan,Canada,50.9333,-102.8,4279
Comandante Fontana,Formosa,Argentina,-25.3333,-59.6833,4277
Lonoke,AR,United States,34.7905,-91.9074,4277
Laurel,DE,United States,38.5715,-75.5711,4275
Sinking Spring,PA,United States,40.3247,-76.0225,4275
Waverly,TN,United States,36.0939,-87.7847,4275
DeMotte,IN,United States,41.1993,-87.1955,4274
Taylor,AZ,United States,34.4427,-110.0985,4272
Forest City,IA,United States,43.2571,-93.6366,4272
Hampton,IA,United States,42.742,-93.205,4272
Sullivan,IL,United States,39.5952,-88.6089,4272
Caro,MI,United States,43.4893,-83.4017,4272
Spring Valley Village,TX,United States,29.7898,-95.504,4272
Southside,AR,United States,35.7202,-91.6302,4271
Sparta,MI,United States,43.1567,-85.711,4271
Waverly,NY,United States,42.0127,-76.54,4270
El Maitén,Chubut,Argentina,-42.05,-71.1666,4269
George Town,,Cayman Islands,19.2804,-81.33,4268
Boardman,OR,United States,45.8365,-119.6928,4268
Lakewood,IL,United States,42.2245,-88.3867,4267
Batagay,Sakha (Yakutia),Russia,67.656,134.635,4266
Highland Beach,FL,United States,26.4116,-80.0644,4266
Columbus,MN,United States,45.2549,-93.1077,4266
Le Roy,NY,United States,42.978,-77.9909,4265
Kyaukphyu,Rakhine,Myanmar,19.429,93.5494,4261
Mount Olive,NC,United States,35.1998,-78.0661,4261
Saukville,WI,United States,43.3889,-87.9439,4260
Cold Spring,MN,United States,45.4583,-94.4282,4259
Wiggins,MS,United States,30.856,-89.139,4259
Bristow,OK,United States,35.8336,-96.3944,4258
Butler,MO,United States,38.2594,-94.3395,4257
Slaughterville,OK,United States,35.0946,-97.2828,4257
Boyertown,PA,United States,40.3323,-75.6375,4257
Larksville,PA,United States,41.264,-75.9309,4252
Goondiwindi,New South Wales,Australia,-28.5548,150.3253,4251
Cedarville,OH,United States,39.7484,-83.8122,4250
Slatington,PA,United States,40.7536,-75.6108,4250
Shenandoah,PA,United States,40.8171,-76.2007,4246
Lawrenceville,IL,United States,38.7263,-87.6873,4245
Greencastle,PA,United States,39.7907,-77.7267,4244
Osawatomie,KS,United States,38.4999,-94.9459,4241
Manjimup,Western Australia,Australia,-34.2333,116.15,4240
Narrogin,Western Australia,Australia,-32.9329,117.1666,4238
Pittsboro,IN,United States,39.8698,-86.4639,4235
Forty Fort,PA,United States,41.2801,-75.8732,4233
Ho-Ho-Kus,NJ,United States,40.9995,-74.0966,4232
Nash,TX,United States,33.4472,-94.1345,4230
Black River,Saint Elizabeth,Jamaica,18.031,-77.852,4229
Berne,IN,United States,40.6573,-84.9555,4227
Sullivan,IN,United States,39.0973,-87.4073,4223
Broken Bow,OK,United States,34.0289,-94.7414,4222
Le Sueur,MN,United States,44.4705,-93.9018,4221
Blanchester,OH,United States,39.295,-83.973,4221
Channel-Port aux Basques,Newfoundland and Labrador,Canada,47.567,-59.15,4220
Poffader,Northern Cape,South Africa,-29.1329,19.3834,4220
Danielson,CT,United States,41.8071,-71.8844,4219
Bradley Beach,NJ,United States,40.2016,-74.0121,4219
Williamston,SC,United States,34.6195,-82.4784,4219
Jacksboro,TX,United States,33.2258,-98.1592,4219
Geneva,AL,United States,31.0449,-85.8768,4217
Bellville,TX,United States,29.9466,-96.2588,4217
Unalaska,AK,United States,53.9103,-166.529,4214
Normandy,MO,United States,38.7071,-90.3009,4213
San Javier,Santa Cruz,Bolivia,-16.2896,-62.5,4210
Aldan,PA,United States,39.9224,-75.2881,4210
Portola Valley,CA,United States,37.3652,-122.2327,4204
Smithton,Tasmania,Australia,-40.8329,145.1167,4202
Cannon Falls,MN,United States,44.5173,-92.8893,4202
Omsukchan,Maga Buryatdan,Russia,62.5333,155.8,4201
Dawson,GA,United States,31.7719,-84.4435,4200
Walhalla,SC,United States,34.7695,-83.0555,4199
Svolvær,Nordland,Norway,68.2333,14.5667,4197
Ashburn,GA,United States,31.7092,-83.6524,4196
Lyons,GA,United States,32.2049,-82.3212,4195
Wellsville,UT,United States,41.6234,-111.9421,4194
Pinetop-Lakeside,AZ,United States,34.1484,-109.966,4191
Buchanan,MI,United States,41.8283,-86.366,4191
Apolo,La Paz,Bolivia,-14.7196,-68.42,4189
Camden,DE,United States,39.0992,-75.5569,4188
Peotone,IL,United States,41.3307,-87.7963,4187
Tarentum,PA,United States,40.6045,-79.76,4187
Novyy Uoyin,Buryat,Russia,56.135,111.7339,4184
Caddo Mills,TX,United States,33.0745,-96.2269,4183
Springtown,TX,United States,32.9693,-97.6804,4181
Whitesboro,TX,United States,33.6596,-96.9037,4181
Montesano,WA,United States,47.0147,-123.5857,4179
Dillon,MT,United States,45.2179,-112.6346,4176
Mauston,WI,United States,43.8,-90.0796,4176
Farmersville,TX,United States,33.1616,-96.3607,4175
Ellenville,NY,United States,41.7047,-74.3622,4174
Charleroi,PA,United States,40.1379,-79.8998,4174
Dallastown,PA,United States,39.8997,-76.6409,4174
Adamsville,AL,United States,33.6023,-86.9715,4172
Indian Head,MD,United States,38.5986,-77.1557,4170
Fayetteville,NY,United States,43.0308,-75.9984,4170
Eagle Lake,FL,United States,27.9743,-81.7554,4169
Euharlee,GA,United States,34.1436,-84.9328,4168
Kaplan,LA,United States,30.006,-92.2839,4165
Aumsville,OR,United States,44.8462,-122.8699,4164
Kutztown,PA,United States,40.5213,-75.7773,4164
Deer Lake,Newfoundland and Labrador,Canada,49.1744,-57.4269,4163
North East,MD,United States,39.608,-75.9417,4163
Ashdown,AR,United States,33.6745,-94.1266,4162
Mount Pleasant,PA,United States,40.1509,-79.5434,4161
White Bluff,TN,United States,36.1009,-87.2119,4161
Austin,IN,United States,38.74,-85.8106,4160
Paintsville,KY,United States,37.8203,-82.806,4160
Linden,MI,United States,42.8192,-83.7812,4160
Rice Lake,MN,United States,46.9089,-92.1322,4160
Farrell,PA,United States,41.2111,-80.4973,4160
Fairway,KS,United States,39.0245,-94.6287,4158
Lambertville,NJ,United States,40.3686,-74.943,4157
Springville,NY,United States,42.5081,-78.6694,4155
North Braddock,PA,United States,40.4017,-79.8537,4153
West Peoria,IL,United States,40.697,-89.6399,4152
Jena,LA,United States,31.6902,-92.1286,4151
Shrewsbury,NJ,United States,40.3265,-74.0574,4149
Sharpsville,PA,United States,41.259,-80.4818,4147
Lansford,PA,United States,40.833,-75.8844,4145
Danville,PA,United States,40.9617,-76.612,4140
Haskell,AR,United States,34.5092,-92.6419,4138
Hometown,IL,United States,41.7312,-87.7311,4138
Swansboro,NC,United States,34.6936,-77.1343,4137
Anna,IL,United States,37.4611,-89.2375,4136
Sebring,OH,United States,40.92,-81.0253,4135
Santo Tomas,Cusco,Peru,-14.46,-72.08,4134
Roosevelt Park,MI,United States,43.1981,-86.2733,4132
Fayette,AL,United States,33.6942,-87.8312,4128
Smithville,TX,United States,30.008,-97.1523,4126
Algonac,MI,United States,42.6209,-82.5339,4125
Akron,PA,United States,40.1578,-76.2034,4121
Algood,TN,United States,36.2,-85.4468,4117
Waverly,OH,United States,39.126,-82.9837,4114
Mitzik,Wouleu-Ntem,Gabon,0.7837,11.5666,4111
Crittenden,KY,United States,38.7885,-84.6019,4106
Trent Woods,NC,United States,35.082,-77.092,4106
Bongandanga,Équateur,Congo (Kinshasa),1.5104,21.05,4105
Riverdale,NJ,United States,40.9959,-74.3145,4105
Lowell,MI,United States,42.9346,-85.3462,4103
Pipestone,MN,United States,43.9959,-96.3111,4103
Throop,PA,United States,41.4382,-75.5927,4102
Hawkinsville,GA,United States,32.3012,-83.4789,4100
Jefferson,IA,United States,42.0177,-94.3794,4100
Hamilton,NY,United States,42.8285,-75.553,4100
Owego,NY,United States,42.1046,-76.2622,4096
Clay Center,KS,United States,39.3812,-97.1274,4094
Trenton,TN,United States,35.9732,-88.9452,4092
Bensonville,Montserrado,Liberia,6.4333,-10.6,4089
Elkin,NC,United States,36.2634,-80.8471,4088
Goodview,MN,United States,44.0688,-91.7146,4087
Chagrin Falls,OH,United States,41.431,-81.389,4087
Jersey Shore,PA,United States,41.2007,-77.2666,4087
Monongahela,PA,United States,40.1912,-79.9225,4087
Mary Esther,FL,United States,30.4117,-86.659,4084
North Muskegon,MI,United States,43.2522,-86.2708,4082
Winona,MS,United States,33.4903,-89.7293,4079
Bosque Farms,NM,United States,34.8536,-106.701,4076
Pittsfield,IL,United States,39.6005,-90.8101,4072
Brookfield,MO,United States,39.7853,-93.078,4072
Hazlehurst,GA,United States,31.8641,-82.5993,4071
Dimmitt,TX,United States,34.5479,-102.3068,4071
Monte Vista,CO,United States,37.5785,-106.1499,4070
Brus Laguna,Gracias a Dios,Honduras,15.7504,-84.48,4067
McCall,ID,United States,44.9084,-116.1125,4066
Stanley,NC,United States,35.3547,-81.0918,4065
Green Oaks,IL,United States,42.3,-87.911,4060
Grafton,ND,United States,48.4139,-97.4062,4059
Camdenton,MO,United States,38.0132,-92.7514,4058
Pennsburg,PA,United States,40.3936,-75.4964,4057
Friona,TX,United States,34.6394,-102.7231,4057
Monticello,IA,United States,42.2304,-91.1859,4056
Otsego,MI,United States,42.458,-85.6986,4054
Cross Plains,WI,United States,43.115,-89.6471,4052
Edgefield,SC,United States,33.7853,-81.9286,4051
Lancaster,KY,United States,37.617,-84.5818,4050
Pulaski,WI,United States,44.6682,-88.2343,4049
Fenton,MO,United States,38.5285,-90.4507,4048
Xinguara,Par,Brazil,-7.1006,-49.948,4047
Fleetwood,PA,United States,40.4565,-75.8216,4046
Quime,La Paz,Bolivia,-16.98,-67.22,4045
Rock Valley,IA,United States,43.2026,-96.289,4045
Falls City,NE,United States,40.0622,-95.599,4045
Erda,UT,United States,40.6181,-112.3089,4045
Nashville,AR,United States,33.9419,-93.8517,4043
North East,PA,United States,42.2134,-79.8334,4043
Westover,WV,United States,39.6338,-79.99,4043
Livingston,TN,United States,36.3866,-85.3261,4040
Amite City,LA,United States,30.7322,-90.5153,4037
St. Charles,MN,United States,43.9687,-92.0593,4037
Quitman,GA,United States,30.7845,-83.5605,4036
Dwight,IL,United States,41.0987,-88.4221,4034
Church Point,LA,United States,30.4037,-92.2145,4030
Madill,OK,United States,34.0871,-96.7747,4028
Austin,AR,United States,35.0059,-91.9896,4027
Araouane,Timbuktu,Mali,18.9,-3.5299,4026
St. Anthony,ID,United States,43.9661,-111.6845,4025
Sparta,IL,United States,38.1394,-89.7305,4024
Wheatland,CA,United States,39.0312,-121.39,4022
Bordentown,NJ,United States,40.1497,-74.7077,4021
Jonesboro,LA,United States,32.2335,-92.7106,4019
Barrington Hills,IL,United States,42.1386,-88.203,4018
Marine City,MI,United States,42.7143,-82.5028,4017
Moscow Mills,MO,United States,38.9435,-90.9247,4017
Lathrup Village,MI,United States,42.4921,-83.2273,4013
Trappe,PA,United States,40.1991,-75.4754,4009
Cisco,TX,United States,32.3874,-98.9819,4006
Basalt,CO,United States,39.3686,-107.0488,4005
Zumbrota,MN,United States,44.2952,-92.6729,4005
Carroll Valley,PA,United States,39.7502,-77.3869,4004
Baldwin,GA,United States,34.4978,-83.5426,4003
Colonial Beach,VA,United States,38.2644,-76.9937,4003
South Haven,MI,United States,42.4013,-86.2684,4001
San Antonio de los Cobres,Salta,Argentina,-24.1829,-66.35,4000
Manica,Manica,Mozambique,-18.9696,32.88,4000
Madeira Beach,FL,United States,27.7956,-82.7916,3999
Vergara,Treinta y Tres,Uruguay,-32.93,-53.95,3998
West Milwaukee,WI,United States,43.0124,-87.971,3997
Mayumba,Nyanga,Gabon,-3.4166,10.65,3996
Chester,NY,United States,41.3569,-74.2769,3996
Harlem,GA,United States,33.4353,-82.3161,3992
Rossville,GA,United States,34.9758,-85.2896,3991
Coquille,OR,United States,43.1803,-124.1842,3991
Colorado City,TX,United States,32.3995,-100.8583,3987
Metter,GA,United States,32.3945,-82.0624,3986
Clyde,TX,United States,32.4056,-99.5039,3985
Valley Grande,AL,United States,32.4869,-87.0328,3982
Morrison,IL,United States,41.8076,-89.9617,3981
Wills Point,TX,United States,32.7095,-96.005,3981
Troutman,NC,United States,35.7005,-80.8877,3980
Jarrell,TX,United States,30.8103,-97.6151,3980
Hanover,MN,United States,45.1578,-93.6628,3977
Proserpine,Queensland,Australia,-20.4162,148.5835,3976
Emerald Isle,NC,United States,34.6644,-77.0314,3966
Coleman,TX,United States,31.8314,-99.4222,3966
Williamstown,KY,United States,38.6398,-84.5725,3964
St-Augustin,Québec,Canada,51.2423,-58.647,3961
Grevenmacher,Grevenmacher,Luxembourg,49.7,6.3333,3958
Wabag,Enga,Papua New Guinea,-5.49,143.718,3958
Kiel,WI,United States,43.916,-88.0265,3956
Capitol Heights,MD,United States,38.8767,-76.9076,3952
Mbe,Nord,Cameroon,7.8504,13.6,3950
Jackson,LA,United States,30.8346,-91.2085,3950
Digby,Nova Scotia,Canada,44.6226,-65.7605,3949
Scandia,MN,United States,45.2515,-92.8334,3944
Millstadt,IL,United States,38.4575,-90.0859,3943
Raymond,WI,United States,42.7992,-88.0108,3943
Mitchell,IN,United States,38.7371,-86.4752,3942
Oaklyn,NJ,United States,39.9023,-75.0806,3940
South Russell,OH,United States,41.4338,-81.328,3939
Chilton,WI,United States,44.0302,-88.1617,3939
Magee,MS,United States,31.873,-89.734,3938
St. Bernard,OH,United States,39.1717,-84.4941,3938
Ridgway,PA,United States,41.4319,-78.7271,3938
Katanning,Western Australia,Australia,-33.6996,117.5501,3934
Cozad,NE,United States,40.8613,-99.9864,3933
Grant,MN,United States,45.0821,-92.9109,3932
Scott City,KS,United States,38.4789,-100.9031,3931
Vicksburg,MI,United States,42.123,-85.5383,3929
Kerma,Northern,Sudan,19.6337,30.4166,3928
Parkesburg,PA,United States,39.9601,-75.9162,3928
Winnfield,LA,United States,31.924,-92.6425,3927
Centerville,MN,United States,45.1675,-93.0552,3927
Cayuga Heights,NY,United States,42.4677,-76.4884,3925
Brookville,PA,United States,41.1617,-79.0827,3918
Carrollton,KY,United States,38.6796,-85.1658,3914
Walthourville,GA,United States,31.772,-81.6209,3913
Citronelle,AL,United States,31.0973,-88.2498,3910
Barnesville,OH,United States,39.9901,-81.1725,3908
Point Pleasant,WV,United States,38.8502,-82.132,3908
Jasper,Alberta,Canada,52.8833,-118.0834,3907
Finnsnes,Troms,Norway,69.2406,18.0086,3907
Ely,NV,United States,39.2649,-114.8709,3907
Shrewsbury,PA,United States,39.7713,-76.6799,3907
Castle Hills,TX,United States,29.5247,-98.5191,3907
Montrose,MN,United States,45.0665,-93.9203,3906
Belleville,MI,United States,42.2019,-83.4828,3904
St. James,MO,United States,38.0024,-91.6134,3903
Bluffton,OH,United States,40.892,-83.8878,3903
Shonzhy,Almaty,Kazakhstan,43.5421,79.4703,3902
Hay River,Northwest Territories,Canada,60.85,-115.7,3900
Westport,West Coast,New Zealand,-41.7638,171.6028,3900
Indian Head Park,IL,United States,41.7684,-87.8974,3900
Smithton,IL,United States,38.4143,-89.9901,3900
Rochester,IL,United States,39.7458,-89.5665,3899
Sullivan City,TX,United States,26.2752,-98.5644,3899
Cresco,IA,United States,43.3717,-92.1163,3897
Lancaster,WI,United States,42.8473,-90.7065,3896
Hohenwald,TN,United States,35.5515,-87.5539,3892
Spencer,OK,United States,35.5108,-97.3716,3890
Tennant Creek,Northern Territory,Australia,-19.65,134.2,3889
Elkins,AR,United States,36.0172,-94.0235,3889
Umatilla,FL,United States,28.927,-81.6642,3889
North Hudson,WI,United States,44.9958,-92.755,3888
Kittanning,PA,United States,40.8287,-79.5187,3887
Montpelier,OH,United States,41.5842,-84.5916,3886
Mullins,SC,United States,34.204,-79.2536,3885
Chandler,IN,United States,38.0373,-87.3741,3883
Frackville,PA,United States,40.7833,-76.2329,3883
Pomona,NY,United States,41.1892,-74.0542,3882
Bunnell,FL,United States,29.4187,-81.3195,3879
Marshall,IL,United States,39.3995,-87.6912,3879
Metamora,IL,United States,40.795,-89.3684,3871
Pine Island,MN,United States,44.1981,-92.6281,3871
Woodson Terrace,MO,United States,38.7286,-90.36,3871
Mount Pleasant,UT,United States,39.5407,-111.4559,3871
Burnham,IL,United States,41.6395,-87.545,3869
Dell Rapids,SD,United States,43.8248,-96.7146,3868
Del Mar,CA,United States,32.9639,-117.2598,3867
Woodlawn,OH,United States,39.2556,-84.4711,3867
Windsor,Nova Scotia,Canada,44.9806,-64.1291,3864
Juno Beach,FL,United States,26.8755,-80.0596,3863
Florence,CO,United States,38.3796,-105.1002,3862
Haslet,TX,United States,32.9665,-97.3378,3861
Harrington,DE,United States,38.9241,-75.5718,3860
Swanton,OH,United States,41.5849,-83.8852,3856
Lansing,NY,United States,42.4901,-76.4865,3855
Ciudad Cortés,Puntarenas,Costa Rica,8.9604,-83.53,3850
Saugerties,NY,United States,42.0742,-73.9419,3848
Honea Path,SC,United States,34.4476,-82.395,3848
Maiden,NC,United States,35.5915,-81.2315,3845
Vitim,Sakha (Yakutia),Russia,59.4515,112.5578,3843
South Blooming Grove,NY,United States,41.3737,-74.167,3840
Kimhyonggwon,Ryanggang,North Korea,40.8175,128.1553,3839
Northumberland,PA,United States,40.8972,-76.793,3839
Sapouy,Ziro,Burkina Faso,11.5544,-1.7736,3837
Vidalia,LA,United States,31.5668,-91.4404,3837
Esperanza,Sonora,Mexico,27.58,-109.93,3836
South Chicago Heights,IL,United States,41.4834,-87.6372,3835
Windber,PA,United States,40.2355,-78.8247,3835
Fairbury,NE,United States,40.1447,-97.1765,3832
Boyne City,MI,United States,45.213,-85.0124,3831
Fort Gibson,OK,United States,35.7822,-95.2601,3831
Baxter Springs,KS,United States,37.02,-94.735,3830
Spring City,PA,United States,40.1769,-75.5465,3830
Nichols Hills,OK,United States,35.5464,-97.5433,3826
Boonsboro,MD,United States,39.5106,-77.6647,3823
Merchantville,NJ,United States,39.9502,-75.0503,3823
Freeland,PA,United States,41.0212,-75.8963,3822
Dupo,IL,United States,38.5161,-90.2176,3821
Booneville,AR,United States,35.1393,-93.9175,3820
Rocky Ford,CO,United States,38.0499,-103.7221,3819
Ravenswood,WV,United States,38.9563,-81.762,3819
Roland,OK,United States,35.4141,-94.5149,3818
Unicoi,TN,United States,36.2218,-82.3292,3818
Coal Valley,IL,United States,41.4384,-90.4394,3816
Hephzibah,GA,United States,33.2923,-82.0957,3815
Oneida,TN,United States,36.5157,-84.5108,3815
Hanover,IN,United States,38.7075,-85.4672,3814
Irwin,PA,United States,40.3251,-79.6998,3813
Lindsborg,KS,United States,38.5771,-97.674,3811
Ball,LA,United States,31.4187,-92.4084,3811
Norwood Young America,MN,United States,44.7721,-93.9173,3811
Marshall,WI,United States,43.1705,-89.0626,3810
Baden,PA,United States,40.6397,-80.2225,3809
Upland,IN,United States,40.4628,-85.501,3808
Grayson,KY,United States,38.3339,-82.9358,3807
Richwood,LA,United States,32.4486,-92.0773,3807
Shenandoah,TX,United States,30.184,-95.4557,3807
Valdez,AK,United States,61.0836,-146.3172,3805
Amberley,OH,United States,39.2035,-84.4283,3805
Landis,NC,United States,35.5496,-80.6105,3803
Gooding,ID,United States,42.937,-114.7132,3802
Manning,SC,United States,33.6933,-80.2168,3802
Priceville,AL,United States,34.5296,-86.8822,3800
Mogadore,OH,United States,41.0525,-81.4073,3799
Stanley,WI,United States,44.9594,-90.9437,3798
Portland,MI,United States,42.8698,-84.8989,3797
Elmira Heights,NY,United States,42.1267,-76.8256,3797
Arcadia,WI,United States,44.2486,-91.4916,3796
Lake View,AL,United States,33.2883,-87.1327,3794
Lowell,NC,United States,35.2758,-81.1049,3794
Zelienople,PA,United States,40.7857,-80.1387,3791
Bayport,MN,United States,45.0148,-92.7789,3788
Mora,MN,United States,45.877,-93.2903,3787
Columbus,TX,United States,29.7045,-96.5589,3786
Lewisburg,WV,United States,37.8094,-80.4326,3785
New Lebanon,OH,United States,39.744,-84.3942,3784
Bunker Hill Village,TX,United States,29.7648,-95.5317,3784
La Ronge,Saskatchewan,Canada,55.1,-105.3,3783
Centre,AL,United States,34.1531,-85.6717,3782
Georgetown,IN,United States,38.2988,-85.9631,3781
Clifton,AZ,United States,33.0296,-109.284,3780
Waukon,IA,United States,43.2685,-91.4785,3777
Rochester,WI,United States,42.7329,-88.2503,3776
Weston,WV,United States,39.0388,-80.4622,3776
Port St. Joe,FL,United States,29.8176,-85.3091,3775
Horicon,WI,United States,43.445,-88.6403,3773
Byron,IL,United States,42.1218,-89.2668,3772
Williamston,MI,United States,42.6833,-84.2836,3772
Sewickley,PA,United States,40.5397,-80.1789,3772
Stilwell,OK,United States,35.8147,-94.6316,3771
Leakesville,MS,United States,31.1492,-88.5559,3767
Hudson,NC,United States,35.8477,-81.4867,3767
Perito Moreno,Santa Cruz,Argentina,-46.6,-70.9334,3766
Rosemont,IL,United States,41.989,-87.8717,3766
Catskill,NY,United States,42.2149,-73.8587,3763
Bellaire,OH,United States,40.0165,-80.7473,3763
Mattawa,WA,United States,46.7364,-119.9053,3761
Montgomery,NY,United States,41.5213,-74.2387,3760
Carter Lake,IA,United States,41.2885,-95.9169,3759
Denver,PA,United States,40.2341,-76.1412,3758
Golf Manor,OH,United States,39.1878,-84.447,3754
Angels,CA,United States,38.071,-120.5517,3752
Southgate,KY,United States,39.0641,-84.4706,3752
Gravette,AR,United States,36.4283,-94.3685,3750
Red Bud,IL,United States,38.2075,-90.0024,3750
Ridgeland,SC,United States,32.4688,-80.9211,3749
Plainwell,MI,United States,42.4447,-85.6423,3747
Imlay City,MI,United States,43.0171,-83.0771,3744
Deer Lake,Ontario,Canada,52.617,-94.0666,3743
Bishop,CA,United States,37.3664,-118.3958,3742
Edgecliff Village,TX,United States,32.6561,-97.3406,3742
Alexander,AR,United States,34.6186,-92.4512,3740
Deephaven,MN,United States,44.932,-93.5291,3740
Riverwoods,IL,United States,42.1729,-87.8949,3737
South Toms River,NJ,United States,39.9391,-74.207,3736
Laguna Vista,TX,United States,26.1059,-97.2963,3736
Hebron,IN,United States,41.3251,-87.2019,3735
Benton City,WA,United States,46.2637,-119.479,3733
Teeli,Tuva,Russia,51.0333,90.2333,3732
Romeo,MI,United States,42.8046,-83.0026,3731
West Liberty,IA,United States,41.573,-91.2626,3728
Woodstown,NJ,United States,39.6502,-75.3262,3728
Waynesburg,PA,United States,39.8983,-80.1855,3728
Delta,UT,United States,39.3633,-112.5438,3728
Frontenac,MO,United States,38.6301,-90.419,3727
Ulaan-Uul,Dornogovi,Mongolia,44.3337,111.2333,3726
Heyburn,ID,United States,42.56,-113.7621,3726
Brentwood,MD,United States,38.9439,-76.957,3725
Sloan,NY,United States,42.8922,-78.7915,3725
Shavano Park,TX,United States,29.5844,-98.5562,3722
Prestonsburg,KY,United States,37.6816,-82.7659,3721
Jamestown,NC,United States,35.9984,-79.9346,3721
Leo-Cedarville,IN,United States,41.2206,-85.0219,3720
Chipley,FL,United States,30.7756,-85.54,3718
Yellow Springs,OH,United States,39.7984,-83.892,3718
South Glens Falls,NY,United States,43.2944,-73.6336,3717
Manila,AR,United States,35.8849,-90.1654,3714
Houston,MS,United States,33.8962,-89.0035,3713
Kitty Hawk,NC,United States,36.0701,-75.7172,3713
Taylor Lake Village,TX,United States,29.5748,-95.0553,3713
Pine City,MN,United States,45.841,-92.9665,3711
Echols County consolidated government,GA,United States,30.714,-82.8974,3709
Hardin,MT,United States,45.7422,-107.6082,3709
Bloomer,WI,United States,45.1028,-91.4915,3708
Chersky,Sakha (Yakutia),Russia,68.7501,161.33,3707
Long Prairie,MN,United States,45.9747,-94.8614,3707
Gamewell,NC,United States,35.864,-81.5978,3704
Richfield,OH,United States,41.2331,-81.6439,3704
Minerva,OH,United States,40.7306,-81.1022,3701
Harrisburg,OR,United States,44.2703,-123.1626,3701
Gatlinburg,TN,United States,35.725,-83.4938,3701
Granger,WA,United States,46.3453,-120.1927,3700
Fairview,NC,United States,35.156,-80.5244,3699
Wrightstown,WI,United States,44.3271,-88.1756,3699
Stanford,KY,United States,37.5307,-84.657,3698
Silt,CO,United States,39.548,-107.6527,3697
Golela,Shiselweni,eSwatini,-27.2962,31.9,3695
Seymour,Victoria,Australia,-37.0342,145.1273,3693
Leland,MS,United States,33.4048,-90.8909,3693
Etowah,TN,United States,35.3381,-84.5282,3690
Rutherfordton,NC,United States,35.3641,-81.9613,3685
Eastover,NC,United States,35.0953,-78.7862,3684
Camden,TN,United States,36.0663,-88.1046,3683
Tuckerton,NJ,United States,39.5922,-74.3331,3681
San Joaquin,CA,United States,36.6056,-120.1899,3679
South Point,OH,United States,38.4222,-82.5791,3679
St. Augusta,MN,United States,45.4502,-94.1938,3678
Gaspé,Québec,Canada,48.8373,-64.4934,3677
St. Joseph,IL,United States,40.1147,-88.0356,3677
Middlebury,IN,United States,41.6706,-85.7087,3676
Wintersville,OH,United States,40.378,-80.7099,3676
Beaver,UT,United States,38.2759,-112.6381,3676
Milton,DE,United States,38.7751,-75.3099,3675
Larned,KS,United States,38.1834,-99.1013,3675
Howe,TX,United States,33.5075,-96.6155,3673
Mezen,Arkhangel'sk,Russia,65.8522,44.24,3672
Johnson,AR,United States,36.1339,-94.1743,3672
Palana,Kamchatka,Russia,59.084,159.95,3671
Cedar Springs,MI,United States,43.2204,-85.5544,3671
Tabor City,NC,United States,34.1545,-78.8732,3670
Perham,MN,United States,46.5996,-95.5771,3666
Netcong,NJ,United States,40.8992,-74.7008,3665
Anthony,TX,United States,31.9867,-106.5986,3663
Barron,WI,United States,45.4022,-91.8444,3663
Dumas,AR,United States,33.8834,-91.4856,3662
Albia,IA,United States,41.0265,-92.8038,3661
Wilkesboro,NC,United States,36.1424,-81.1769,3661
Sidney,NY,United States,42.3083,-75.3978,3660
Pendleton,SC,United States,34.6422,-82.7791,3657
Greenhills,OH,United States,39.267,-84.5194,3656
Spencerport,NY,United States,43.1884,-77.8074,3655
Combined Locks,WI,United States,44.262,-88.3095,3654
Highland Falls,NY,United States,41.3646,-73.9689,3647
Blackshear,GA,United States,31.2908,-82.2529,3646
Newcomerstown,OH,United States,40.2753,-81.596,3646
Eastland,TX,United States,32.4022,-98.8177,3645
Manti,UT,United States,39.2665,-111.6353,3645
Russell,KY,United States,38.513,-82.696,3644
Independence,MN,United States,45.0186,-93.7198,3644
Carefree,AZ,United States,33.8232,-111.9133,3642
Indian Rocks Beach,FL,United States,27.8958,-82.8462,3640
Nome,AK,United States,64.5057,-165.4153,3639
Forsyth,IL,United States,39.9261,-88.9641,3639
Oglesby,IL,United States,41.2932,-89.071,3639
Minoa,NY,United States,43.0742,-76.0083,3638
Oakland,FL,United States,28.5521,-81.6367,3635
Washington,GA,United States,33.7323,-82.7436,3634
Cockrell Hill,TX,United States,32.7382,-96.8886,3633
Watkinsville,GA,United States,33.8597,-83.4048,3631
Warsaw,NY,United States,42.7428,-78.1408,3629
Lake Delton,WI,United States,43.592,-89.7831,3629
Deer Park,IL,United States,42.1663,-88.0862,3628
Zyryanka,Sakha (Yakutia),Russia,65.736,150.89,3627
Islandia,NY,United States,40.8069,-73.1711,3627
Wellford,SC,United States,34.958,-82.0953,3627
Atikokan,Ontario,Canada,48.7504,-91.6166,3625
Chandler,TX,United States,32.3069,-95.4737,3625
Emmetsburg,IA,United States,43.1148,-94.6796,3623
Omro,WI,United States,44.039,-88.737,3623
St. Paul,MO,United States,38.8488,-90.7405,3622
Morton,MS,United States,32.3455,-89.6591,3621
Jasper,TN,United States,35.0683,-85.6212,3621
Gunnison,UT,United States,39.1569,-111.8135,3621
Grangeville,ID,United States,45.9258,-116.1219,3617
Gouverneur,NY,United States,44.3366,-75.466,3617
Dandridge,TN,United States,36.0301,-83.4298,3617
West Columbia,TX,United States,29.1419,-95.6495,3616
De-Kastri,Khabarovsk,Russia,51.4666,140.7833,3615
Yomou,Nzerekore,Guinea,7.5704,-9.27,3614
Hartford,SD,United States,43.6195,-96.937,3614
Winnsboro,TX,United States,32.9559,-95.2903,3614
Hugoton,KS,United States,37.1745,-101.3447,3613
Elgin,OK,United States,34.7859,-98.2966,3612
Cotulla,TX,United States,28.4364,-99.2367,3612
Ketchum,ID,United States,43.6877,-114.3801,3611
Melrose,MN,United States,45.677,-94.8148,3611
Waterloo,WI,United States,43.1835,-88.99,3611
Groesbeck,TX,United States,31.5256,-96.5281,3610
Hot Springs,SD,United States,43.4195,-103.4651,3609
Eldorado,IL,United States,37.8117,-88.4416,3607
Greensboro,GA,United States,33.5636,-83.1891,3605
West Point,GA,United States,32.8985,-85.1415,3605
San Diego,TX,United States,27.7609,-98.2389,3605
Lewes,DE,United States,38.7786,-75.1437,3604
Wind Gap,PA,United States,40.849,-75.291,3601
Paoli,IN,United States,38.5567,-86.4704,3600
Palmyra,MO,United States,39.7978,-91.5265,3600
Knox,IN,United States,41.291,-86.6212,3599
El Dorado Springs,MO,United States,37.8697,-94.02,3595
High Bridge,NJ,United States,40.6701,-74.8902,3592
Whitesboro,NY,United States,43.124,-75.2967,3591
Ozark,AR,United States,35.5019,-93.8484,3590
Godley,TX,United States,32.4589,-97.5329,3589
Black River Falls,WI,United States,44.2985,-90.8428,3587
Wrightsville,GA,United States,32.7268,-82.7191,3586
North Wildwood,NJ,United States,39.0059,-74.7975,3585
Georgetown,Maccarthy Island,The Gambia,13.551,-14.767,3584
Perry,NY,United States,42.7178,-78.0053,3584
Thomasville,AL,United States,31.915,-87.7372,3583
Northwoods,MO,United States,38.7035,-90.2824,3583
Franklinton,LA,United States,30.8482,-90.1459,3581
Ballinger,TX,United States,31.7391,-99.9554,3581
Slippery Rock,PA,United States,41.0695,-80.0579,3579
O'Neill,NE,United States,42.4615,-98.647,3575
Stanhope,NJ,United States,40.9134,-74.7036,3575
Fairbury,IL,United States,40.7462,-88.5156,3574
Sweeny,TX,United States,29.0464,-95.6985,3570
Aledo,IL,United States,41.1986,-90.7464,3569
Port Vue,PA,United States,40.3379,-79.8741,3568
Fulton,IL,United States,41.8652,-90.1587,3567
Centerville,TN,United States,35.8262,-87.4383,3567
Eagle Grove,IA,United States,42.6663,-93.9024,3566
Oregon,IL,United States,42.0127,-89.3358,3566
Merton,WI,United States,43.1437,-88.3123,3566
Flat Rock,NC,United States,35.2668,-82.4516,3563
McGehee,AR,United States,33.6278,-91.395,3555
Leesburg,GA,United States,31.7321,-84.1685,3553
Nowata,OK,United States,36.6993,-95.6375,3551
Bennett,CO,United States,39.7417,-104.4287,3549
Reno,TX,United States,33.6666,-95.4798,3544
Lake Clarke Shores,FL,United States,26.6456,-80.0753,3542
Broken Bow,NE,United States,41.4052,-99.6408,3542
New Palestine,IN,United States,39.7294,-85.8943,3541
Cleveland,GA,United States,34.597,-83.7607,3539
Piggott,AR,United States,36.3872,-90.1989,3538
Osage,IA,United States,43.2827,-92.8113,3537
Lloyd Harbor,NY,United States,40.9215,-73.4434,3537
Northfield,OH,United States,41.3389,-81.5268,3536
Teague,TX,United States,31.6295,-96.2808,3536
West Point,VA,United States,37.5523,-76.8018,3536
Princess Anne,MD,United States,38.2051,-75.6964,3534
Mount Gilead,OH,United States,40.554,-82.8279,3533
Clifton,TX,United States,31.782,-97.5819,3532
Two Harbors,MN,United States,47.03,-91.6757,3531
Paulding,OH,United States,41.1427,-84.5827,3531
Manchester,GA,United States,32.8591,-84.6344,3528
Plainview,MN,United States,44.1647,-92.1692,3527
Dehibat,Tataouine,Tunisia,32.017,10.7,3525
Mission Hills,KS,United States,39.014,-94.6176,3525
Somerville,TN,United States,35.2322,-89.3754,3525
Avondale Estates,GA,United States,33.7687,-84.2647,3524
Malden,MO,United States,36.601,-89.9975,3524
Elba,AL,United States,31.4172,-86.0771,3522
Mahanoy City,PA,United States,40.8126,-76.1382,3520
Manor,PA,United States,40.3459,-79.6693,3520
Moundville,AL,United States,32.9965,-87.6275,3516
Seymour,WI,United States,44.5144,-88.3273,3515
Crystal River,FL,United States,28.8955,-82.6019,3514
Toledo,OR,United States,44.6197,-123.9337,3514
Gray,GA,United States,33.002,-83.5409,3513
Rural Hall,NC,United States,36.2245,-80.2969,3513
Milbank,SD,United States,45.2194,-96.6337,3512
Llano,TX,United States,30.751,-98.6765,3511
Wheatland,WY,United States,42.0517,-104.9595,3509
Aurora,IN,United States,39.0698,-84.9047,3508
Montgomery,MN,United States,44.4451,-93.5798,3508
Eagle Lake,TX,United States,29.5873,-96.3286,3508
Heflin,AL,United States,33.6474,-85.5693,3507
Auburn,NE,United States,40.3894,-95.8436,3507
Lake Park,NC,United States,35.0845,-80.6344,3504
Hillsboro,MO,United States,38.233,-90.5672,3502
Myrtle Creek,OR,United States,43.0241,-123.2784,3501
Ligonha,Nampula,Mozambique,-15.1757,37.74,3500
Kane,PA,United States,41.663,-78.809,3499
Lyons,KS,United States,38.3461,-98.2047,3498
Beaver Dam,KY,United States,37.4038,-86.8736,3498
Orange,OH,United States,41.4426,-81.4717,3495
Santa Bárbara,BHo-B,Chile,-37.67,-72.02,3494
Coplay,PA,United States,40.6707,-75.4955,3494
Muttontown,NY,United States,40.8254,-73.5363,3492
Norton,VA,United States,36.9315,-82.626,3492
Carey,OH,United States,40.9458,-83.3861,3491
Hainesville,IL,United States,42.3362,-88.0734,3489
Reno,TX,United States,32.9488,-97.566,3489
Hatfield,PA,United States,40.2771,-75.2989,3486
Post,TX,United States,33.1909,-101.3815,3486
Port Richey,FL,United States,28.275,-82.725,3485
Pleasant Valley,WV,United States,39.453,-80.1554,3483
Tolono,IL,United States,39.9913,-88.2625,3482
Sleepy Eye,MN,United States,44.2989,-94.7236,3482
Hazlehurst,MS,United States,31.8639,-90.3928,3479
Oakwood,OH,United States,41.3673,-81.5037,3479
Midway,FL,United States,30.5027,-84.4606,3478
Carrollton,MO,United States,39.3636,-93.4951,3478
Riverton,IL,United States,39.8461,-89.5364,3475
Sauk City,WI,United States,43.2733,-89.7325,3475
Hesston,KS,United States,38.1401,-97.427,3473
Goldendale,WA,United States,45.8191,-120.8234,3473
Alma,GA,United States,31.5433,-82.4756,3472
Wallace,NC,United States,34.7379,-77.9906,3472
Durand,MI,United States,42.9128,-83.9891,3470
Le Roy,IL,United States,40.3394,-88.7611,3467
Lockland,OH,United States,39.2279,-84.4565,3464
Williams,AZ,United States,35.2466,-112.1833,3463
Buffalo,MO,United States,37.6452,-93.0966,3462
Pen Argyl,PA,United States,40.8678,-75.2539,3462
Northern Cambria,PA,United States,40.6571,-78.7777,3461
Elma,WA,United States,47.0052,-123.4108,3460
Srednekolymsk,Sakha (Yakutia),Russia,67.45,153.71,3459
Monte Sereno,CA,United States,37.2404,-121.9882,3459
Hahira,GA,United States,30.9965,-83.3815,3459
Wadsworth,IL,United States,42.4507,-87.9251,3459
West Point,NE,United States,41.8377,-96.7059,3458
Loxahatchee Groves,FL,United States,26.7209,-80.2772,3452
Jewett City,CT,United States,41.6072,-71.9798,3451
Ponce Inlet,FL,United States,29.0928,-80.9317,3450
West Liberty,KY,United States,37.918,-83.2674,3450
Oxford,MI,United States,42.8214,-83.2535,3449
Port Aransas,TX,United States,27.8209,-97.0892,3446
Magdalena,El Beni,Bolivia,-13.2601,-64.0528,3445
Mariemont,OH,United States,39.1425,-84.379,3441
Mifflinburg,PA,United States,40.9196,-77.0474,3441
Johnson Creek,WI,United States,43.0791,-88.7711,3441
Germantown Hills,IL,United States,40.7706,-89.4689,3440
Benson,MN,United States,45.3152,-95.6054,3437
Avon,NY,United States,42.9128,-77.7465,3437
Moreland Hills,OH,United States,41.4418,-81.4357,3437
Tiptonville,TN,United States,36.3761,-89.4753,3437
Ringgold,GA,United States,34.9137,-85.1215,3435
Eveleth,MN,United States,47.4749,-92.5496,3434
Pelham,GA,United States,31.1266,-84.1515,3432
Gothenburg,NE,United States,40.9247,-100.1539,3430
Mount Angel,OR,United States,45.0695,-122.7972,3429
Peralta,NM,United States,34.8283,-106.686,3428
Wellsboro,PA,United States,41.7455,-77.3037,3427
Moulton,AL,United States,34.4883,-87.2827,3426
Red Oak,NC,United States,36.0613,-77.9038,3425
West Orange,TX,United States,30.0791,-93.7598,3425
Annandale,MN,United States,45.2599,-94.1213,3424
Malvern,PA,United States,40.0331,-75.5154,3424
Union City,IN,United States,40.1993,-84.8206,3423
New Hampton,IA,United States,43.0562,-92.3147,3422
Hicksville,OH,United States,41.2944,-84.7647,3422
Dublin,TX,United States,32.0878,-98.3389,3422
Dewey,OK,United States,36.7904,-95.9337,3419
Frederick,OK,United States,34.35,-98.988,3419
Forks,WA,United States,47.9528,-124.3903,3418
Newburgh,IN,United States,37.9493,-87.4055,3416
Madison,OH,United States,41.7723,-81.053,3416
North Wales,PA,United States,40.2112,-75.2744,3416
Burgaw,NC,United States,34.5515,-77.923,3415
Welch,WV,United States,37.4281,-81.5915,3414
Darregueira,Ciudad de Buenos Aires,Argentina,-37.6996,-63.1666,3412
Marysville,KS,United States,39.8437,-96.6389,3405
Kenedy,TX,United States,28.8088,-97.8537,3403
Yuma,CO,United States,40.1225,-102.7156,3401
Kaberamaido,Kaberamaido,Uganda,1.7389,33.1594,3400
Parker,AZ,United States,34.034,-114.2281,3400
Oliver Springs,TN,United States,36.0399,-84.3285,3398
Gibson City,IL,United States,40.4668,-88.3792,3396
Frostproof,FL,United States,27.7489,-81.5265,3393
Rochester,PA,United States,40.7025,-80.2837,3393
North Baltimore,OH,United States,41.1798,-83.6683,3392
Pickens,SC,United States,34.8857,-82.7102,3391
Paw Paw,MI,United States,42.2142,-85.8922,3389
Story City,IA,United States,42.1857,-93.5869,3388
Clifton Forge,VA,United States,37.8233,-79.8252,3388
Peshtigo,WI,United States,45.0569,-87.7441,3387
Blanchard,LA,United States,32.6027,-93.8831,3385
Hartville,OH,United States,40.9615,-81.3351,3385
Annetta,TX,United States,32.7013,-97.6694,3385
Tomahawk,WI,United States,45.479,-89.7118,3385
Ossian,IN,United States,40.8769,-85.1687,3382
Holton,KS,United States,39.4699,-95.7326,3382
Water Valley,MS,United States,34.162,-89.6301,3381
Mineral Springs,NC,United States,34.9442,-80.6864,3379
Huntsville,AR,United States,36.0987,-93.7332,3378
North Plains,OR,United States,45.5975,-122.9947,3378
Bukachacha,Chita,Russia,52.9833,116.9166,3372
Frontenac,KS,United States,37.4588,-94.7008,3372
Hubbard,OR,United States,45.1815,-122.8083,3372
Ferris,TX,United States,32.5367,-96.6755,3370
Saddle River,NJ,United States,41.0237,-74.0926,3368
Waller,TX,United States,30.0724,-95.9316,3368
Ugolnye Kopi,Chukchi Autonomous Okrug,Russia,64.7333,177.7,3367
Ashland,NE,United States,41.0399,-96.3725,3367
Tusculum,TN,United States,36.175,-82.7454,3367
Beach City,TX,United States,29.7389,-94.8465,3366
Shadyside,OH,United States,39.9719,-80.751,3365
Brillion,WI,United States,44.1735,-88.0678,3365
New Baden,IL,United States,38.5368,-89.7072,3364
Hortonville,WI,United States,44.3358,-88.6366,3364
St. Johns,AZ,United States,34.5004,-109.3769,3362
Crane,TX,United States,31.3918,-102.3503,3362
Waldron,AR,United States,34.9033,-94.0948,3361
Chattahoochee Hills,GA,United States,33.5811,-84.7459,3361
Sheridan,IN,United States,40.1309,-86.2185,3361
Evergreen,AL,United States,31.4332,-86.9761,3359
Beloit,KS,United States,39.4647,-98.1083,3358
Hobart,OK,United States,35.0246,-99.0876,3358
Yountville,CA,United States,38.3935,-122.3655,3356
Cleves,OH,United States,39.1646,-84.7414,3355
Spencer,NC,United States,35.699,-80.4264,3354
Williamsburg,IA,United States,41.6689,-92.0132,3351
Hideaway,TX,United States,32.4947,-95.4565,3349
Lukulu,Western,Zambia,-14.3896,23.24,3349
Gander,Newfoundland and Labrador,Canada,48.95,-54.55,3345
Rush City,MN,United States,45.6874,-92.9653,3344
Nesquehoning,PA,United States,40.8781,-75.822,3344
Wisconsin Dells,WI,United States,43.6384,-89.7758,3344
Summersville,WV,United States,38.287,-80.8415,3344
Muldrow,OK,United States,35.4034,-94.5975,3341
Ebensburg,PA,United States,40.4881,-78.7265,3337
Blackstone,VA,United States,37.0818,-78.0028,3336
Mannford,OK,United States,36.1329,-96.3304,3335
Dilley,TX,United States,28.6675,-99.1765,3333
Vanhynsdorp,Western Cape,South Africa,-31.6166,18.7333,3331
Breckenridge,MN,United States,46.2659,-96.5846,3331
Hamburg,NJ,United States,41.1488,-74.5734,3331
Altavista,VA,United States,37.1234,-79.2834,3331
Weaver,AL,United States,33.7591,-85.8094,3330
Tupper Lake,NY,United States,44.2298,-74.4619,3328
Lowville,NY,United States,43.7866,-75.4878,3327
Newcastle,WY,United States,43.8503,-104.1965,3326
Hanceville,AL,United States,34.064,-86.7644,3324
Haworth,NJ,United States,40.9627,-73.9975,3322
Lordstown,OH,United States,41.171,-80.8663,3321
Goldsby,OK,United States,35.1239,-97.4866,3321
Marianna,AR,United States,34.7736,-90.7675,3314
Orofino,ID,United States,46.4849,-116.253,3313
Robins,IA,United States,42.0787,-91.674,3312
Millersburg,OR,United States,44.6789,-123.0725,3311
Milford,IA,United States,43.3417,-95.1457,3309
Hodgenville,KY,United States,37.5634,-85.7312,3309
Etna,PA,United States,40.4952,-79.9496,3309
Liberty,SC,United States,34.791,-82.7014,3309
Rio Dell,CA,United States,40.4956,-124.1152,3308
Johnston City,IL,United States,37.821,-88.9293,3308
Gluckstadt,MS,United States,32.5284,-90.103,3308
Puerto Deseado,Santa Cruz,Argentina,-47.75,-65.9,3305
Krasnogorsk,Sakhalin,Russia,48.4616,142.09,3304
Essexville,MI,United States,43.6123,-83.842,3304
Bandon,OR,United States,43.1147,-124.4155,3304
Bol,Lac,Chad,13.459,14.7147,3303
Paris,AR,United States,35.2908,-93.7342,3302
Mopipi,Central,Botswana,-21.1795,24.88,3301
Lawnside,NJ,United States,39.8673,-75.0289,3301
Delta,OH,United States,41.5761,-84.0096,3301
Mayfield,OH,United States,41.5472,-81.4343,3300
Ohioville,PA,United States,40.6847,-80.4837,3300
Ellsworth,WI,United States,44.7362,-92.4802,3298
Salmon,ID,United States,45.1744,-113.8948,3295
Green Level,NC,United States,36.1228,-79.345,3293
Welsh,LA,United States,30.2356,-92.8124,3289
Farmerville,LA,United States,32.7751,-92.4005,3286
Pottsville,AR,United States,35.2306,-93.0608,3285
Springfield,GA,United States,32.3616,-81.2982,3284
Gallipolis,OH,United States,38.8201,-82.191,3284
Thiensville,WI,United States,43.2354,-87.9768,3284
Kirkenes,Finnmark,Norway,69.725,30.0516,3282
Hominy,OK,United States,36.4219,-96.393,3280
Grantville,GA,United States,33.2371,-84.8301,3278
Clare,MI,United States,43.826,-84.7618,3278
Palmyra,NY,United States,43.0609,-77.2297,3275
Newbern,TN,United States,36.1169,-89.2714,3274
Sebba,Yagha,Burkina Faso,13.4364,0.5304,3273
Springdale,PA,United States,40.5408,-79.781,3273
Jackson,MN,United States,43.6257,-94.9886,3272
Chincoteague,VA,United States,37.9493,-75.3526,3271
Shelby,MT,United States,48.5021,-111.862,3270
Perkins,OK,United States,35.9798,-97.0313,3270
Louisburg,NC,United States,36.0987,-78.3008,3269
Jefferson,OR,United States,44.7166,-123.006,3267
Berwyn Heights,MD,United States,38.9929,-76.9135,3265
Elizabethtown,NC,United States,34.622,-78.6068,3265
Carthage,NY,United States,43.9829,-75.603,3264
Winnsboro,SC,United States,34.3702,-81.0906,3264
Blissfield,MI,United States,41.831,-83.8642,3263
Macungie,PA,United States,40.5159,-75.5541,3263
Avalon,CA,United States,33.3433,-118.3176,3261
Melbourne Beach,FL,United States,28.0669,-80.5596,3261
Mount Oliver,PA,United States,40.4113,-79.9856,3261
Ingram,PA,United States,40.4448,-80.0685,3259
Cashmere,WA,United States,47.5181,-120.467,3259
Mingo Junction,OH,United States,40.3253,-80.6194,3257
Grand Saline,TX,United States,32.6781,-95.7116,3256
Nyssa,OR,United States,43.8779,-116.9956,3253
Orchard City,CO,United States,38.8181,-107.9673,3251
Eagle Lake,MN,United States,44.1635,-93.882,3251
Howards Grove,WI,United States,43.8297,-87.8203,3251
Galena,IL,United States,42.4221,-90.4278,3250
Windsor,NC,United States,35.993,-76.9399,3250
Millvale,PA,United States,40.4817,-79.9738,3250
Inman,SC,United States,35.0458,-82.0885,3249
Louisiana,MO,United States,39.4415,-91.062,3248
Penbrook,PA,United States,40.278,-76.8483,3244
Yorkville,WI,United States,42.7201,-88.0014,3244
Trafford,PA,United States,40.3846,-79.7576,3243
Turangi,Waikato,New Zealand,-38.9889,175.8142,3240
Bermuda Run,NC,United States,36.0043,-80.4291,3239
Henrietta,TX,United States,33.8143,-98.1928,3239
Zhigansk,Sakha (Yakutia),Russia,66.7697,123.3711,3237
Valley,NE,United States,41.3118,-96.3555,3236
Mount Penn,PA,United States,40.3286,-75.8897,3235
Hogansville,GA,United States,33.167,-84.9028,3234
Athens,PA,United States,41.9375,-76.514,3231
Attica,IN,United States,40.2874,-87.2452,3230
Cassville,MO,United States,36.6783,-93.8681,3230
La Paloma,Rocha,Uruguay,-34.67,-54.17,3230
Crestview Hills,KY,United States,39.0243,-84.5699,3227
Raymond,WA,United States,46.6837,-123.7395,3227
Louang Namtha,Louang Namtha,Laos,20.95,101.4167,3225
Fordyce,AR,United States,33.8182,-92.417,3225
Qaqortoq,Kommune Kujalleq,Greenland,60.7289,-46.0364,3224
Nevada City,CA,United States,39.2596,-121.0333,3224
Rayville,LA,United States,32.471,-91.7574,3224
Mobridge,SD,United States,45.541,-100.4349,3224
Onalaska,TX,United States,30.8238,-95.1107,3224
Ely,MN,United States,47.9056,-91.8507,3223
Cleveland,OK,United States,36.3109,-96.4722,3223
Fort Chipewyan,Alberta,Canada,58.7171,-111.15,3222
Centerville,PA,United States,40.0325,-79.9595,3222
Sherwood,WI,United States,44.1769,-88.275,3222
Somerset,WI,United States,45.1257,-92.673,3220
Early,TX,United States,31.7422,-98.9366,3218
Syracuse,IN,United States,41.4219,-85.7498,3217
Algoma,WI,United States,44.6057,-87.448,3217
Boscobel,WI,United States,43.1471,-90.7051,3217
Groningen,Saramacca,Suriname,5.797,-55.481,3216
Commercial Point,OH,United States,39.7891,-83.0195,3215
South Jacksonville,IL,United States,39.6994,-90.224,3213
Ravena,NY,United States,42.4755,-73.8112,3213
Brodhead,WI,United States,42.6168,-89.3756,3212
DeCordova,TX,United States,32.4291,-97.6931,3206
Khatanga,Taymyr,Russia,72.0411,102.465,3205
Bunkie,LA,United States,30.9537,-92.1881,3205
Sugar Creek,MO,United States,39.1395,-94.4085,3204
Plymouth,NC,United States,35.8585,-76.7482,3204
Monmouth Beach,NJ,United States,40.3359,-73.9856,3204
Blairsville,PA,United States,40.4325,-79.2599,3203
Willcox,AZ,United States,32.2518,-109.8357,3202
Williston,FL,United States,29.3939,-82.4423,3201
Tallapoosa,GA,United States,33.7367,-85.2874,3201
Derby,Western Australia,Australia,-17.3,123.9666,3199
Lodi,WI,United States,43.3155,-89.5399,3199
Cuba,MO,United States,38.0671,-91.4057,3198
Bethel Acres,OK,United States,35.3114,-97.0451,3198
Carlyle,IL,United States,38.6223,-89.3754,3197
Garnett,KS,United States,38.2859,-95.2412,3197
Bushnell,FL,United States,28.6869,-82.1144,3196
Caballococha,Loreto,Peru,-3.9163,-70.5083,3195
Lake Providence,LA,United States,32.802,-91.1752,3194
Yerington,NV,United States,38.9555,-119.1101,3194
Algona,WA,United States,47.282,-122.2505,3191
Hiawatha,KS,United States,39.8517,-95.538,3190
New York Mills,NY,United States,43.1007,-75.2931,3190
Nocona,TX,United States,33.7836,-97.7302,3190
Burnettown,SC,United States,33.5211,-81.8647,3189
Blanding,UT,United States,37.6231,-109.513,3189
Wallburg,NC,United States,36.0131,-80.1669,3188
Warrior,AL,United States,33.8149,-86.8157,3187
Millersburg,OH,United States,40.5534,-81.9168,3186
Byrnes Mill,MO,United States,38.439,-90.5736,3185
Red Bay,AL,United States,34.4361,-88.1365,3184
Selbyville,DE,United States,38.4622,-75.2148,3184
Jefferson,OH,United States,41.7384,-80.7688,3184
Stanton,KY,United States,37.8492,-83.8556,3183
Solon,IA,United States,41.8068,-91.4989,3182
West Lake Hills,TX,United States,30.2916,-97.8142,3181
Parowan,UT,United States,37.8326,-112.8296,3181
Sinnamary,Guinaa,France,5.38,-52.96,3180
Glasgow,MT,United States,48.199,-106.6321,3180
Mount Shasta,CA,United States,41.3209,-122.3155,3179
Dundee,OR,United States,45.2758,-123.0074,3179
Lytle,TX,United States,29.2346,-98.7937,3178
Soda Springs,ID,United States,42.6579,-111.5861,3171
Combes,TX,United States,26.2465,-97.7268,3171
Mékambo,Ogoou,Gabon,1.0171,13.9333,3170
Unadilla,GA,United States,32.2573,-83.7359,3169
Libby,MT,United States,48.3864,-115.5567,3169
Brightwaters,NY,United States,40.7164,-73.2615,3169
Jones,OK,United States,35.5667,-97.2889,3169
Troy,TX,United States,31.194,-97.3004,3169
Corydon,IN,United States,38.2129,-86.1256,3168
Shelburne,Nova Scotia,Canada,43.7656,-65.3194,3167
Virden,IL,United States,39.5061,-89.7711,3167
Blue Earth,MN,United States,43.641,-94.1003,3163
West Burlington,IA,United States,40.8216,-91.1755,3161
Hickman,NE,United States,40.625,-96.6296,3161
Green Forest,AR,United States,36.3347,-93.431,3160
Delhi,NY,United States,42.2774,-74.9155,3159
Masontown,PA,United States,39.8487,-79.9087,3159
Ava,MO,United States,36.9562,-92.666,3157
East Greenville,PA,United States,40.4057,-75.506,3157
Union Springs,AL,United States,32.1395,-85.7146,3154
Livingston,AL,United States,32.5955,-88.1869,3152
Hoosick Falls,NY,United States,42.9009,-73.35,3151
Park Hills,KY,United States,39.0671,-84.5327,3149
Smithsburg,MD,United States,39.6547,-77.5799,3149
Wesleyville,PA,United States,42.1369,-80.0123,3148
Oakridge,OR,United States,43.7451,-122.465,3147
Barbourville,KY,United States,36.8657,-83.8832,3145
Fort Edward,NY,United States,43.2686,-73.5826,3145
Homedale,ID,United States,43.6159,-116.939,3144
Morganfield,KY,United States,37.6889,-87.8814,3143
Nags Head,NC,United States,35.9475,-75.6257,3142
Red Springs,NC,United States,34.8061,-79.1811,3142
Castroville,TX,United States,29.3599,-98.8547,3141
Southern Shores,NC,United States,36.1167,-75.733,3138
Minden,NE,United States,40.4982,-98.967,3136
Rockwood,MI,United States,42.0703,-83.2417,3135
Cache,OK,United States,34.6276,-98.6195,3135
Port Washington North,NY,United States,40.843,-73.7001,3134
Summit Hill,PA,United States,40.825,-75.8462,3134
Ellsworth,KS,United States,38.7326,-98.2286,3133
Maybrook,NY,United States,41.488,-74.2125,3132
Sleepy Hollow,IL,United States,42.0903,-88.3137,3131
Bloomingdale,GA,United States,32.125,-81.3084,3129
McDonald,OH,United States,41.1636,-80.7233,3129
Burlington,CO,United States,39.3042,-102.2715,3128
McSherrystown,PA,United States,39.8035,-77.0199,3128
Woodbury Heights,NJ,United States,39.8133,-75.1506,3127
Brackenridge,PA,United States,40.608,-79.74,3127
Calais,ME,United States,45.143,-67.2175,3126
Zillah,WA,United States,46.4084,-120.2727,3122
Franklin,MI,United States,42.5188,-83.303,3121
Malabar,FL,United States,27.9871,-80.5824,3120
Tybee Island,GA,United States,32.0102,-80.8559,3119
Corning,AR,United States,36.4137,-90.5836,3118
Wyoming,PA,United States,41.3057,-75.8429,3118
Gladwin,MI,United States,43.984,-84.4872,3117
East Dundee,IL,United States,42.0974,-88.2481,3115
San Saba,TX,United States,31.1974,-98.7194,3115
Indialantic,FL,United States,28.0862,-80.5683,3114
Anna Regina,Cuyuni-Mazaruni,Guyana,7.2704,-58.5001,3113
Gillespie,IL,United States,39.1254,-89.8173,3112
Karnes City,TX,United States,28.8854,-97.9005,3112
Tuxedo,NY,United States,41.242,-74.1717,3111
Lebanon,VA,United States,36.8995,-82.0785,3110
Myerstown,PA,United States,40.3721,-76.3056,3109
Newton,MS,United States,32.3301,-89.1475,3108
Moonachie,NJ,United States,40.8413,-74.0577,3108
Iowa,LA,United States,30.2414,-93.013,3106
Iona,ID,United States,43.5276,-111.9314,3105
North Barrington,IL,United States,42.2069,-88.1289,3105
Whitehall,MI,United States,43.4005,-86.3396,3105
Carmel-by-the-Sea,CA,United States,36.5529,-121.9219,3104
Vinton,LA,United States,30.1954,-93.5822,3103
Statham,GA,United States,33.9628,-83.6038,3102
Presidio,TX,United States,29.5603,-104.3653,3102
Lincoln Heights,OH,United States,39.2435,-84.457,3101
Oostburg,WI,United States,43.6241,-87.7881,3101
Wilder,KY,United States,39.0413,-84.4815,3100
Denmark,SC,United States,33.3137,-81.1338,3099
Buur Gaabo,Jubbada Hoose,Somalia,-1.2009,41.852,3096
Greenwood,LA,United States,32.4315,-93.9599,3095
Carrollton,OH,United States,40.5787,-81.0908,3095
Strasburg,PA,United States,39.9845,-76.1862,3094
Windermere,FL,United States,28.5025,-81.5377,3092
Mount Morris,MI,United States,43.1177,-83.6987,3092
Potterville,MI,United States,42.6291,-84.745,3092
Central City,NE,United States,41.113,-98.0003,3090
Cactus,TX,United States,36.0444,-102.008,3090
Sunset,LA,United States,30.4059,-92.0624,3088
Needville,TX,United States,29.395,-95.8382,3088
Proctor,MN,United States,46.7408,-92.2281,3087
Great Neck Estates,NY,United States,40.7865,-73.7402,3087
Ladysmith,WI,United States,45.461,-91.0976,3087
Walsenburg,CO,United States,37.6306,-104.7817,3085
Wewoka,OK,United States,35.1441,-96.4968,3084
Checotah,OK,United States,35.4824,-95.5228,3083
Bishop,TX,United States,27.5853,-97.7974,3082
Fairport Harbor,OH,United States,41.7476,-81.2728,3081
Buena Vista,CO,United States,38.832,-106.1387,3080
Hokitika,West Coast,New Zealand,-42.7072,171.01,3078
Iuka,MS,United States,34.8074,-88.1969,3077
Homer,NY,United States,42.6372,-76.1854,3077
Clyde Hill,WA,United States,47.6304,-122.218,3077
La Villa,TX,United States,26.2963,-97.9269,3075
Hollywood Park,TX,United States,29.5992,-98.4855,3074
Kingstree,SC,United States,33.6672,-79.8287,3072
Bean Station,TN,United States,36.3384,-83.2852,3071
Everson,WA,United States,48.9125,-122.3537,3071
Simpsonville,KY,United States,38.2169,-85.3496,3068
Granite Quarry,NC,United States,35.6131,-80.4487,3068
Saluda,SC,United States,34.0012,-81.7716,3068
Wormleysburg,PA,United States,40.2606,-76.9103,3067
Piney Point Village,TX,United States,29.7565,-95.5154,3067
Baldwyn,MS,United States,34.5055,-88.6428,3066
Luangwa,Tete,Mozambique,-15.6196,30.41,3065
Madison,IL,United States,38.6863,-90.1018,3065
Shady Cove,OR,United States,42.6053,-122.8194,3064
National Park,NJ,United States,39.8673,-75.1856,3063
Wildwood Crest,NJ,United States,38.9715,-74.8373,3063
Ust-Maya,Sakha (Yakutia),Russia,60.4566,134.5433,3062
Tishomingo,OK,United States,34.239,-96.6824,3062
Sharpsburg,PA,United States,40.4932,-79.9215,3062
Timberville,VA,United States,38.6327,-78.7737,3062
Clare,South Australia,Australia,-33.8329,138.6,3061
Lexington,MN,United States,45.1382,-93.1714,3059
Mansfield,PA,United States,41.8062,-77.0784,3058
Haskell,TX,United States,33.1598,-99.732,3058
Chickamauga,GA,United States,34.8775,-85.2883,3057
Arroyos y Esteros,Cordillera,Paraguay,-25.05,-57.09,3055
Hilliard,FL,United States,30.6866,-81.9212,3055
Lucedale,MS,United States,30.9312,-88.5959,3055
Tipton,IA,United States,41.7701,-91.1283,3054
Westville,IL,United States,40.044,-87.6389,3054
Double Oak,TX,United States,33.0625,-97.1074,3054
Milaca,MN,United States,45.7567,-93.6513,3053
Doylestown,OH,United States,40.97,-81.6957,3053
West Union,OH,United States,38.7917,-83.5441,3051
Okemah,OK,United States,35.4293,-96.3003,3051
North Sioux City,SD,United States,42.5309,-96.4996,3048
Talty,TX,United States,32.6944,-96.4008,3048
Tama,IA,United States,41.9651,-92.5738,3046
Walbridge,OH,United States,41.5861,-83.4874,3043
Ripley,WV,United States,38.8216,-81.7093,3043
Mount Pocono,PA,United States,41.1225,-75.3578,3042
Orchard Park,NY,United States,42.7622,-78.7414,3041
Wellsville,OH,United States,40.6039,-80.6557,3041
Ball Ground,GA,United States,34.3391,-84.3681,3039
Little Flock,AR,United States,36.3833,-94.1373,3037
Spearman,TX,United States,36.1982,-101.1943,3037
Pima,AZ,United States,32.8919,-109.8443,3036
Upland,PA,United States,39.8562,-75.3796,3036
Elkton,VA,United States,38.4107,-78.6161,3036
Garner,IA,United States,43.1,-93.6031,3035
Staples,MN,United States,46.3722,-94.815,3035
Churchill,PA,United States,40.4388,-79.8416,3035
Lead,SD,United States,44.3528,-103.7671,3035
Beulah,ND,United States,47.2668,-101.7707,3034
Kalama,WA,United States,46.0171,-122.8419,3033
Iron River,MI,United States,46.0959,-88.6366,3032
Richmond,UT,United States,41.9231,-111.8078,3032
Momence,IL,United States,41.1636,-87.6635,3031
In Amguel,Tamanghasset,Algeria,23.6939,5.1647,3030
Deer Lodge,MT,United States,46.3983,-112.7332,3030
Polk City,FL,United States,28.1805,-81.83,3028
Holmes Beach,FL,United States,27.5106,-82.7155,3027
Central Coast,New South Wales,Australia,-33.42,151.3,3026
Georgetown,IL,United States,39.9774,-87.6354,3026
Edgewood,PA,United States,40.4313,-79.884,3026
Charagua,Santa Cruz,Bolivia,-19.7996,-63.2199,3025
Chaffee,MO,United States,37.1812,-89.6612,3025
Abaí,Caazapá,Paraguay,-26.0296,-55.94,3024
David City,NE,United States,41.2533,-97.1264,3024
Heavener,OK,United States,34.892,-94.6078,3024
Calera,OK,United States,33.9308,-96.4291,3023
Inuvik,Northwest Territories,Canada,68.35,-133.7,3022
Corunna,MI,United States,42.9834,-84.1159,3022
Taoudenni,Timbuktu,Mali,22.6666,-3.9834,3019
Yadkinville,NC,United States,36.1316,-80.6593,3018
Cut Bank,MT,United States,48.6341,-112.3301,3017
Olney,TX,United States,33.3641,-98.7585,3017
Bicknell,IN,United States,38.7743,-87.3078,3016
Clever,MO,United States,37.0315,-93.4709,3015
North Catasauqua,PA,United States,40.6636,-75.4739,3015
Nashville,IL,United States,38.3536,-89.378,3013
Brownstown,IN,United States,38.8791,-86.0477,3013
Sloatsburg,NY,United States,41.162,-74.1909,3012
New Holstein,WI,United States,43.9492,-88.0949,3012
Prescott,AR,United States,33.8043,-93.3912,3011
Snowmass Village,CO,United States,39.2169,-106.944,3011
Wendell,ID,United States,42.7747,-114.703,3010
Lakeland,GA,United States,31.0408,-83.0747,3008
Cornwall-on-Hudson,NY,United States,41.4335,-74.0151,3008
Moose Lake,MN,United States,46.4503,-92.761,3004
Madison,FL,United States,30.4715,-83.4135,3003
East Syracuse,NY,United States,43.0638,-76.0698,3002
Orwigsburg,PA,United States,40.6542,-76.104,3002
Canton,SD,United States,43.3031,-96.5856,3001
Bar Nunn,WY,United States,42.922,-106.3474,3001
Port Douglas,Queensland,Australia,-16.4846,145.4587,3000
San Lorenzo,Tarija,Bolivia,-21.4799,-64.77,3000
Summerset,SD,United States,44.1933,-103.3422,3000
Minster,OH,United States,40.3948,-84.3789,2999
Ferriday,LA,United States,31.6342,-91.5562,2998
Qala i Naw,Badghis,Afghanistan,34.983,63.1333,2997
Delphi,IN,United States,40.5834,-86.6668,2997
Hamilton,TX,United States,31.7004,-98.1197,2997
Grottoes,VA,United States,38.2697,-78.8259,2996
Tonkawa,OK,United States,36.6706,-97.315,2995
Biscayne Park,FL,United States,25.8817,-80.1811,2993
Lula,GA,United States,34.3981,-83.6619,2993
Chatfield,MN,United States,43.8445,-92.1829,2993
Sherrill,NY,United States,43.0704,-75.5992,2992
Kenhorst,PA,United States,40.3068,-75.9438,2992
Poteet,TX,United States,29.0373,-98.5728,2992
Baltimore,OH,United States,39.846,-82.6046,2991
Mountville,PA,United States,40.0407,-76.4349,2991
Roslyn,NY,United States,40.7998,-73.6504,2990
Oconto Falls,WI,United States,44.8753,-88.1455,2989
Flemingsburg,KY,United States,38.4246,-83.7405,2988
Pitcairn,PA,United States,40.4078,-79.7764,2987
Lac La Biche,Alberta,Canada,54.7719,-111.9647,2986
Paddock Lake,WI,United States,42.5705,-88.1068,2986
Saranpaul,Khanty-Mansiy,Russia,64.2505,60.97,2985
Bamberg,SC,United States,33.3001,-81.0312,2985
Mandalgovi,Dundgovi,Mongolia,45.75,106.266,2984
Chattahoochee,FL,United States,30.6983,-84.8306,2984
Greenwood Lake,NY,United States,41.2211,-74.2876,2983
Williams Bay,WI,United States,42.5788,-88.5457,2981
Kotzebue,AK,United States,66.8771,-162.5035,2979
Sisters,OR,United States,44.2924,-121.553,2979
New Bremen,OH,United States,40.4355,-84.3778,2978
Bad Axe,MI,United States,43.8049,-82.9983,2977
Cadiz,OH,United States,40.2566,-80.9926,2977
South Pittsburg,TN,United States,35.0112,-85.7182,2976
Mabaruma,Barima-Waini,Guyana,8.2,-59.78,2972
Fairfield,TX,United States,31.7174,-96.1705,2972
Oak Ridge North,TX,United States,30.157,-95.4421,2968
Bal Harbour,FL,United States,25.8933,-80.1232,2967
Licking,MO,United States,37.5005,-91.8611,2967
Lake Helen,FL,United States,28.9839,-81.2311,2964
Dadeville,AL,United States,32.8261,-85.7762,2960
Millen,GA,United States,32.8069,-81.942,2960
Emmitsburg,MD,United States,39.7052,-77.3213,2959
Vandalia,MO,United States,39.3081,-91.4895,2959
General Conesa,RRo Negro,Argentina,-40.1,-64.4333,2958
Shady Shores,TX,United States,33.1621,-97.035,2957
Amery,WI,United States,45.3046,-92.3634,2956
Kingwood,WV,United States,39.472,-79.6822,2956
Williamstown,WV,United States,39.3983,-81.4546,2955
Marietta,PA,United States,40.057,-76.5517,2954
Atoka,OK,United States,34.3864,-96.1311,2953
Dresden,TN,United States,36.2799,-88.6991,2953
Troy,NC,United States,35.3646,-79.8919,2952
Filer,ID,United States,42.5651,-114.6061,2951
Carthage,NC,United States,35.3223,-79.4109,2951
Ocilla,GA,United States,31.5986,-83.2498,2949
Lakewood,NY,United States,42.0991,-79.3201,2948
Genoa City,WI,United States,42.5065,-88.3193,2948
Brookville,NY,United States,40.8079,-73.5701,2947
Green Island,NY,United States,42.7479,-73.6925,2947
Wales,WI,United States,43.0058,-88.3704,2947
El Lago,TX,United States,29.5715,-95.0452,2945
Brandenburg,KY,United States,37.997,-86.1803,2944
Eunice,NM,United States,32.4361,-103.149,2944
Girard,PA,United States,42.0041,-80.3192,2944
Hackberry,TX,United States,33.1497,-96.9183,2944
Vivian,LA,United States,32.8711,-93.9862,2942
Stamford,TX,United States,33.0462,-99.597,2942
Jemison,AL,United States,32.9707,-86.7331,2941
Springfield,KY,United States,37.6939,-85.2229,2941
Afton,MN,United States,44.8988,-92.8191,2941
Ocean View,DE,United States,38.5265,-75.1097,2937
Jacksonville,OR,United States,42.3126,-122.9692,2936
Shallowater,TX,United States,33.6901,-101.9893,2932
Mountain View,AR,United States,35.8616,-92.1097,2931
Fort Branch,IN,United States,38.2458,-87.5732,2931
Ferrysburg,MI,United States,43.0875,-86.227,2931
Fowlerville,MI,United States,42.6594,-84.0737,2931
Wilton,IA,United States,41.5891,-91.0255,2930
Picton,Malborough,New Zealand,-41.2805,174.0166,2928
Dodge Center,MN,United States,44.0285,-92.8522,2928
New Hope,AL,United States,34.538,-86.4124,2927
Samaipata,Santa Cruz,Bolivia,-18.18,-63.77,2926
Pawhuska,OK,United States,36.6691,-96.3312,2926
Guyton,GA,United States,32.3323,-81.3904,2925
Chandler,OK,United States,35.7128,-96.8362,2924
Rushville,IL,United States,40.12,-90.5665,2923
Bethany,MO,United States,40.2682,-94.0298,2923
Pampa del Infierno,Chaco,Argentina,-26.5166,-61.1666,2921
River Bend,NC,United States,35.0689,-77.1499,2921
Padilla,Chuquisaca,Bolivia,-19.2996,-64.31,2920
Westfield,NY,United States,42.3218,-79.5748,2920
Chester Heights,PA,United States,39.8926,-75.469,2918
Owens Cross Roads,AL,United States,34.5855,-86.455,2917
Mohnton,PA,United States,40.2875,-75.9869,2917
Cuthbert,GA,United States,31.7707,-84.7936,2915
Lutcher,LA,United States,30.0631,-90.7117,2914
Taft,TX,United States,27.98,-97.3928,2914
Sublimity,OR,United States,44.8294,-122.7923,2912
Winner,SD,United States,43.3776,-99.8551,2912
Youngwood,PA,United States,40.2443,-79.5807,2910
Rogers City,MI,United States,45.4177,-83.8048,2909
Woodlynne,NJ,United States,39.9165,-75.0955,2909
Lakemore,OH,United States,41.0227,-81.4234,2905
Fairfax,IA,United States,41.9255,-91.7778,2904
Philippi,WV,United States,39.1473,-80.0504,2904
Soperton,GA,United States,32.3783,-82.594,2899
Windsor,VA,United States,36.8112,-76.7384,2899
Platteville,CO,United States,40.2228,-104.8336,2898
Montezuma,GA,United States,32.2973,-84.0191,2898
Kenova,WV,United States,38.4022,-82.5821,2897
Lake City,GA,United States,33.6065,-84.3412,2896
Nicholls,GA,United States,31.5204,-82.6381,2896
Dixmoor,IL,United States,41.633,-87.6672,2895
Oronogo,MO,United States,37.1917,-94.4639,2895
Longreach,Queensland,Australia,-23.4496,144.25,2894
Marion,KY,United States,37.3317,-88.0812,2894
Freemansburg,PA,United States,40.628,-75.3399,2894
Lillooet,British Columbia,Canada,50.6837,-121.9333,2893
DeWitt,AR,United States,34.2874,-91.3383,2893
Knob Noster,MO,United States,38.7673,-93.5636,2891
Nautla,Veracruz,Mexico,20.2166,-96.7834,2890
Arcola,IL,United States,39.6836,-88.3009,2890
Kingman,KS,United States,37.6477,-98.116,2890
Wise,VA,United States,36.9769,-82.5811,2890
Glen Rose,TX,United States,32.2468,-97.7481,2887
Atkins,AR,United States,35.2409,-92.9496,2884
Womelsdorf,PA,United States,40.367,-76.1868,2884
Akron,NY,United States,43.018,-78.4978,2883
Walton,NY,United States,42.1698,-75.1305,2883
Brighton,TN,United States,35.4813,-89.7354,2881
Wimberley,TX,United States,29.9848,-98.0906,2881
Bath,PA,United States,40.7292,-75.3906,2879
Buckner,MO,United States,39.1325,-94.1968,2877
Clarksville,TX,United States,33.611,-95.0563,2876
Winnebago,IL,United States,42.2671,-89.234,2875
Bayfield,CO,United States,37.2341,-107.5952,2872
Osceola,WI,United States,45.3193,-92.6959,2872
Columbus,KS,United States,37.1716,-94.8441,2870
East Prairie,MO,United States,36.7789,-89.3841,2870
La Grange,NC,United States,35.3065,-77.7899,2868
Florida,NY,United States,41.3306,-74.3542,2867
Chevy Chase,MD,United States,38.9819,-77.0832,2866
Lindsay,OK,United States,34.8405,-97.6099,2866
Union City,PA,United States,41.8977,-79.8432,2866
Greenfield,MN,United States,45.0941,-93.6908,2865
Cherry Valley,IL,United States,42.2352,-88.9751,2864
Heyworth,IL,United States,40.3144,-88.9923,2864
Lake City,PA,United States,42.0177,-80.3463,2864
Seven Fields,PA,United States,40.6867,-80.0639,2862
Bishopville,SC,United States,34.2201,-80.2474,2862
Van,TX,United States,32.5239,-95.6376,2862
Williston,SC,United States,33.4017,-81.4219,2861
Manistique,MI,United States,45.9597,-86.251,2860
Quarryville,PA,United States,39.8955,-76.162,2859
Hillsville,VA,United States,36.7616,-80.7367,2856
Indian Hills,KY,United States,38.2882,-85.6709,2854
Mountain Iron,MN,United States,47.5367,-92.6166,2854
Homestead,PA,United States,40.4073,-79.9099,2853
Brazoria,TX,United States,29.0447,-95.5647,2853
Abingdon,IL,United States,40.8038,-90.4009,2851
LaGrange,OH,United States,41.2404,-82.1135,2850
Woodbury,TN,United States,35.8247,-86.0724,2849
Rancho Viejo,TX,United States,26.0358,-97.5554,2848
Mondovi,WI,United States,44.5703,-91.6669,2848
Elm Springs,AR,United States,36.2062,-94.2379,2847
DeQuincy,LA,United States,30.449,-93.4457,2847
Almont,MI,United States,42.9208,-83.0435,2847
Vienna,GA,United States,32.0927,-83.7868,2845
Abbeville,GA,United States,31.9926,-83.3065,2844
Windsor,MO,United States,38.5323,-93.5229,2844
Marietta,OK,United States,33.9362,-97.1247,2841
Medina,WA,United States,47.6265,-122.2429,2841
Pennington,NJ,United States,40.3249,-74.7888,2840
Pembroke,GA,United States,32.1445,-81.6169,2839
Mount Morris,NY,United States,42.7237,-77.8752,2839
Villalonga,Ciudad de Buenos Aires,Argentina,-39.8829,-62.5833,2838
Norway,MI,United States,45.7986,-87.914,2837
Orocue,Casanare,Colombia,4.7946,-71.34,2835
Monticello,GA,United States,33.2959,-83.6866,2833
Eufaula,OK,United States,35.2921,-95.5864,2833
Townsend,DE,United States,39.4048,-75.6991,2832
Lake Orion,MI,United States,42.7837,-83.2443,2832
Albany,MN,United States,45.6267,-94.5632,2832
Pembroke,NC,United States,34.6766,-79.1934,2832
Pearisburg,VA,United States,37.3287,-80.7273,2832
Williamson,WV,United States,37.6741,-82.2711,2831
Weipa,Queensland,Australia,-12.6666,141.8666,2830
Bedford,PA,United States,40.0151,-78.503,2830
Bridgeville,DE,United States,38.7252,-75.6029,2829
Stroud,OK,United States,35.7689,-96.6501,2829
Havana,IL,United States,40.2951,-90.0578,2827
Donalsonville,GA,United States,31.0397,-84.8784,2826
Bonifay,FL,United States,30.7813,-85.6888,2825
Honeoye Falls,NY,United States,42.9547,-77.5911,2825
Hypoluxo,FL,United States,26.5673,-80.0518,2823
Providence,KY,United States,37.3991,-87.7517,2822
Wilson's Mills,NC,United States,35.5862,-78.363,2820
Mongbwalu,Orientale,Congo (Kinshasa),1.9504,30.0333,2819
Poplarville,MS,United States,30.8397,-89.5301,2818
Mamou,LA,United States,30.6349,-92.4179,2817
Harveys Lake,PA,United States,41.3647,-76.0447,2817
Onawa,IA,United States,42.0265,-96.0909,2816
Graymoor-Devondale,KY,United States,38.2732,-85.6166,2816
Maurice,LA,United States,30.1041,-92.1211,2816
Knoxville,IL,United States,40.9069,-90.2857,2815
Lakeside Park,KY,United States,39.0342,-84.5668,2815
Osage City,KS,United States,38.6341,-95.821,2814
Abernathy,TX,United States,33.8268,-101.8521,2814
Ithaca,MI,United States,43.2911,-84.5957,2813
Vinton,TX,United States,31.9595,-106.5935,2813
Waynesville,OH,United States,39.5319,-84.0909,2812
New Britain,PA,United States,40.2996,-75.1781,2812
Alamo,GA,United States,32.1476,-82.7798,2811
Kailu,Nei Mongol,China,43.5837,121.2,2809
Ygatimí,Canindeyú,Paraguay,-24.0796,-55.5,2809
Mount Morris,IL,United States,42.0483,-89.4293,2809
Grundy Center,IA,United States,42.3637,-92.774,2806
Aspinwall,PA,United States,40.4928,-79.9031,2806
Fayette,MO,United States,39.1473,-92.6857,2805
West Grove,PA,United States,39.8202,-75.8285,2805
Federalsburg,MD,United States,38.6923,-75.7725,2804
Voorheesville,NY,United States,42.6537,-73.9343,2804
Eatonville,WA,United States,46.8682,-122.2696,2804
Fayetteville,WV,United States,38.0641,-81.1087,2804
Lake Success,NY,United States,40.7639,-73.7111,2803
New Tazewell,TN,United States,36.4381,-83.6052,2803
Walworth,WI,United States,42.5305,-88.5939,2803
Montgomery City,MO,United States,38.9739,-91.5026,2801
Davis,OK,United States,34.4294,-97.1744,2800
Madrid,IA,United States,41.8757,-93.8205,2799
Oak Harbor,OH,United States,41.5051,-83.135,2799
Kewaunee,WI,United States,44.4636,-87.5217,2798
Owensville,MO,United States,38.3484,-91.4974,2796
Russell Springs,KY,United States,37.0507,-85.0805,2794
Caledonia,MN,United States,43.6341,-91.5004,2794
Manchester,PA,United States,40.0612,-76.7194,2788
Sag Harbor,NY,United States,40.9943,-72.2885,2785
Westmoreland,TN,United States,36.5654,-86.244,2784
Schulenburg,TX,United States,29.682,-96.9075,2783
Forsyth,MO,United States,36.6853,-93.1027,2782
Clinton,NJ,United States,40.6368,-74.9152,2781
Riverton,NJ,United States,40.0119,-75.0147,2781
Ford City,PA,United States,40.7696,-79.533,2781
Bono,AR,United States,35.9111,-90.8008,2780
Wallaroo,South Australia,Australia,-33.9329,137.6333,2779
Lodi,OH,United States,41.0388,-82.0099,2779
Pottsboro,TX,United States,33.7703,-96.6713,2779
Evansville,WY,United States,42.876,-106.2678,2778
Loudonville,OH,United States,40.634,-82.2323,2775
Kingston Springs,TN,United States,36.0819,-87.109,2775
Hallam,PA,United States,40.0024,-76.6042,2774
Towanda,PA,United States,41.7709,-76.4465,2774
Rising Sun,MD,United States,39.7014,-76.0602,2773
Colfax,WA,United States,46.9016,-117.3453,2773
Bloomfield,IA,United States,40.7491,-92.417,2772
Hudson,IA,United States,42.4349,-92.4513,2772
Cokato,MN,United States,45.0767,-94.1875,2770
Wernersville,PA,United States,40.3304,-76.0827,2770
Santa Rosa,NM,United States,34.9361,-104.675,2769
New Richmond,OH,United States,38.9738,-84.2815,2769
Montgomery,TX,United States,30.3931,-95.6941,2769
Bellows Falls,VT,United States,43.1346,-72.4591,2769
Barnesville,MN,United States,46.6503,-96.4165,2766
Munsey Park,NY,United States,40.799,-73.6799,2765
Portageville,MO,United States,36.4295,-89.6993,2764
Frisco,CO,United States,39.5785,-106.091,2763
Port Burwell,Newfoundland and Labrador,Canada,60.2665,-64.7411,2762
Jasper,FL,United States,30.4559,-82.9342,2762
Eutaw,AL,United States,32.8462,-87.9003,2761
Sibley,IA,United States,43.4015,-95.743,2761
Fennimore,WI,United States,42.9794,-90.6492,2759
Cape May,NJ,United States,38.9411,-74.8984,2757
Ponder,TX,United States,33.1717,-97.2965,2757
Refugio,TX,United States,28.3074,-97.275,2757
Mattawan,MI,United States,42.2156,-85.7958,2756
Stigler,OK,United States,35.2589,-95.1168,2756
Morton,PA,United States,39.9116,-75.3268,2756
St. Clair,PA,United States,40.7211,-76.1903,2756
Hallettsville,TX,United States,29.4431,-96.9435,2756
Milton,WV,United States,38.438,-82.146,2755
West Branch,IA,United States,41.6662,-91.3442,2754
Breezy Point,MN,United States,46.6091,-94.2073,2754
Strasburg,OH,United States,40.6006,-81.5294,2753
Big Lake,TX,United States,31.1941,-101.4534,2753
Luxemburg,WI,United States,44.5447,-87.7066,2753
Galena,KS,United States,37.0752,-94.6355,2752
Kerewan,Lower River,The Gambia,13.494,-16.095,2751
Gramercy,LA,United States,30.0619,-90.6936,2751
Spring Lake,NJ,United States,40.1538,-74.0269,2751
Middlefield,OH,United States,41.4605,-81.0712,2750
Centerville,IN,United States,39.822,-84.9993,2749
Loris,SC,United States,34.0575,-78.8884,2749
St. Marys,KS,United States,39.1942,-96.0642,2748
Hlatikulu,Shiselweni,eSwatini,-27.0,31.4167,2748
Monterey,TN,United States,36.1446,-85.2643,2746
Clarion,IA,United States,42.732,-93.7298,2745
Eminence,KY,United States,38.3637,-85.1769,2744
Newton,IL,United States,38.9873,-88.1644,2743
Saint-Georges,Amapá,France,3.9105,-51.81,2742
Madison,WV,United States,38.0642,-81.7949,2742
Thermopolis,WY,United States,43.6476,-108.2145,2742
Nuquí,Chocó,Colombia,5.6852,-77.2745,2741
Swedesboro,NJ,United States,39.7459,-75.3109,2741
Mangum,OK,United States,34.8786,-99.5039,2740
Kalona,IA,United States,41.4874,-91.7018,2739
Cazenovia,NY,United States,42.9279,-75.8513,2739
Pioneer Village,KY,United States,38.0563,-85.6793,2738
Edgewood,FL,United States,28.4815,-81.3701,2737
Canton,MO,United States,40.1299,-91.5258,2736
Friday Harbor,WA,United States,48.5339,-123.019,2736
Seward,AK,United States,60.1248,-149.3916,2735
El Paso,IL,United States,40.7405,-89.0182,2735
Lagrange,IN,United States,41.6482,-85.4181,2735
Warsaw,NC,United States,34.9996,-78.0927,2735
Sands Point,NY,United States,40.8534,-73.7036,2735
Marion,AL,United States,32.632,-87.3173,2734
Colorado City,AZ,United States,36.9701,-112.9853,2734
Barclayville,GrandKru,Liberia,4.8,-8.1667,2733
Gosnell,AR,United States,35.9649,-89.9686,2733
Covington,IN,United States,40.1415,-87.3906,2733
Verona,MS,United States,34.1897,-88.7205,2732
Abita Springs,LA,United States,30.4735,-90.0203,2731
Keego Harbor,MI,United States,42.6083,-83.3458,2729
Hartford,AL,United States,31.1053,-85.6912,2726
Pleasant Valley,MO,United States,39.2172,-94.4809,2726
New Town,ND,United States,47.9891,-102.4883,2725
Tom Price,Western Australia,Australia,-22.6935,117.7931,2723
Luzerne,PA,United States,41.2869,-75.8968,2723
North Kingsville,OH,United States,41.9254,-80.6757,2721
Springdale,SC,United States,33.96,-81.1121,2720
Sutter Creek,CA,United States,38.3924,-120.799,2718
Franklinton,NC,United States,36.1011,-78.4551,2718
Thomaston,NY,United States,40.7875,-73.7152,2718
Coxsackie,NY,United States,42.3576,-73.808,2717
New Cordell,OK,United States,35.2969,-98.9838,2716
Montpelier,ID,United States,42.326,-111.2988,2715
Wentworth,NC,United States,36.4012,-79.7569,2715
Monticello,FL,United States,30.5422,-83.8722,2714
Cohasset,MN,United States,47.2424,-93.6642,2714
Versailles,OH,United States,40.2223,-84.4827,2714
Cadiz,KY,United States,36.8615,-87.8172,2713
Highspire,PA,United States,40.2086,-76.7855,2713
Savanna,IL,United States,42.0938,-90.1391,2712
Burns,OR,United States,43.5883,-119.0613,2710
Philipsburg,PA,United States,40.8929,-78.2167,2710
Lithopolis,OH,United States,39.8146,-82.8174,2708
Lovettsville,VA,United States,39.2698,-77.6404,2707
Rock Rapids,IA,United States,43.4267,-96.1664,2706
Liberty,NC,United States,35.855,-79.5693,2704
Strafford,MO,United States,37.269,-93.118,2703
Lakehurst,NJ,United States,40.0131,-74.3204,2703
Kulpmont,PA,United States,40.7954,-76.4721,2703
Centreville,AL,United States,32.959,-87.132,2701
Vassar,MI,United States,43.3708,-83.5775,2698
Cajah's Mountain,NC,United States,35.8507,-81.5362,2698
Bonners Ferry,ID,United States,48.6936,-116.317,2697
Landrum,SC,United States,35.1751,-82.1857,2697
Pawnee,IL,United States,39.5937,-89.5846,2696
Tobaccoville,NC,United States,36.2256,-80.3588,2696
Roseau,MN,United States,48.8444,-95.7625,2692
Follansbee,WV,United States,40.337,-80.5972,2692
Aiguá,Maldonado,Uruguay,-34.2,-54.75,2692
Dallas,PA,United States,41.3315,-75.9729,2691
Charleston,AR,United States,35.2945,-94.0483,2690
Oakbrook Terrace,IL,United States,41.8536,-87.969,2690
Hamilton,IL,United States,40.3915,-91.3613,2689
Piperton,TN,United States,35.0528,-89.6096,2689
Balcones Heights,TX,United States,29.4902,-98.5491,2689
Luverne,AL,United States,31.7189,-86.2691,2688
Hillsboro,KS,United States,38.3527,-97.1996,2688
East Lansdowne,PA,United States,39.944,-75.2608,2687
Entre Ríos,Tarija,Bolivia,-21.53,-64.19,2685
Sandusky,MI,United States,43.4202,-82.833,2685
Granite Falls,MN,United States,44.8073,-95.5423,2685
Monroe,UT,United States,38.623,-112.1196,2685
Pine Lawn,MO,United States,38.6953,-90.2756,2683
Sauðárkrókur,Akrahreppur,Iceland,65.7464,-19.639,2682
Diamond,IL,United States,41.2852,-88.2507,2682
East Tawas,MI,United States,44.2908,-83.4838,2680
Lomira,WI,United States,43.5942,-88.4432,2680
Butler,IN,United States,41.4271,-84.8723,2679
Edcouch,TX,United States,26.2937,-97.9631,2677
Norton,KS,United States,39.8362,-99.8916,2676
Mountain View,MO,United States,36.9937,-91.7019,2674
Belleville,WI,United States,42.864,-89.5396,2674
Bushnell,IL,United States,40.5516,-90.5047,2673
Foley,MN,United States,45.6636,-93.9095,2673
Marysville,PA,United States,40.3376,-76.9321,2673
Victor,NY,United States,42.9821,-77.4098,2672
Fillmore,UT,United States,38.9642,-112.3386,2671
Royston,GA,United States,34.2858,-83.1118,2670
Merredin,Western Australia,Australia,-31.4828,118.2667,2668
Sylva,NC,United States,35.3754,-83.2185,2668
Garland,UT,United States,41.7363,-112.1629,2668
Warden,WA,United States,46.9673,-119.0528,2667
Ault,CO,United States,40.5892,-104.7394,2666
Lena,IL,United States,42.3786,-89.8217,2665
Green Park,MO,United States,38.5232,-90.3378,2664
Chapleau,Ontario,Canada,47.8337,-83.4,2663
Dublin,VA,United States,37.1055,-80.6897,2663
Fairview,OK,United States,36.2706,-98.477,2661
Westworth Village,TX,United States,32.7619,-97.4233,2661
Marshville,NC,United States,34.9862,-80.369,2660
South Bloomfield,OH,United States,39.717,-82.9933,2660
Brent,AL,United States,32.9449,-87.1721,2659
Fairmount,IN,United States,40.4173,-85.6477,2659
Bethel,OH,United States,38.9629,-84.0846,2659
Chewelah,WA,United States,48.2826,-117.7169,2659
Alturas,CA,United States,41.4891,-120.5513,2657
Missouri Valley,IA,United States,41.5593,-95.9026,2656
Hudson Oaks,TX,United States,32.7509,-97.7002,2656
Monroe City,MO,United States,39.6544,-91.7325,2655
Newtown,OH,United States,39.1236,-84.3507,2655
Stanton,TX,United States,32.1317,-101.7925,2654
Dennison,OH,United States,40.3977,-81.3273,2653
West Wyoming,PA,United States,41.3216,-75.8578,2653
Dayton,OR,United States,45.2199,-123.0781,2650
Pearl River,LA,United States,30.3714,-89.7504,2648
Hartford,KY,United States,37.4534,-86.8898,2647
Mistassini,Québec,Canada,50.4171,-73.8666,2645
Hawarden,IA,United States,43.0013,-96.4829,2644
Corinth,NY,United States,43.2457,-73.8303,2644
Brookville,IN,United States,39.4233,-85.0102,2643
Trenton,IL,United States,38.6083,-89.6852,2642
Clearwater,KS,United States,37.51,-97.4975,2642
Ravenel,SC,United States,32.7763,-80.2319,2642
Versailles,MO,United States,38.4334,-92.846,2639
Christopher,IL,United States,37.971,-89.053,2637
Glenwood,MN,United States,45.6647,-95.3873,2637
Tipton,MO,United States,38.6551,-92.7813,2637
Burns Lake,British Columbia,Canada,54.217,-125.7666,2635
Lake Point,UT,United States,40.6834,-112.2656,2635
Dillsburg,PA,United States,40.1115,-77.0325,2634
Valentine,NE,United States,42.8755,-100.5471,2631
New Hope,PA,United States,40.3614,-74.9568,2631
Sylvania,GA,United States,32.7472,-81.6407,2630
Evendale,OH,United States,39.2509,-84.4267,2630
Lake City,AR,United States,35.8194,-90.4539,2628
Leadville,CO,United States,39.2473,-106.2935,2628
St. Leo,FL,United States,28.3361,-82.2582,2628
La Fayette,AL,United States,32.8994,-85.4008,2625
Williamsburg,OH,United States,39.0581,-84.0483,2624
Gimli,Manitoba,Canada,50.6333,-97.0,2623
New Madrid,MO,United States,36.5864,-89.5512,2623
Fredericktown,OH,United States,40.4785,-82.5495,2619
Mitchellville,IA,United States,41.6672,-93.3659,2617
Hoisington,KS,United States,38.5181,-98.7774,2617
Rockledge,PA,United States,40.0823,-75.0898,2617
Loogootee,IN,United States,38.6757,-86.9141,2616
Maine,WI,United States,45.058,-89.6813,2616
Rørvik,Nord-Trøndelag,Norway,64.868,11.2053,2615
Good Hope,AL,United States,34.1107,-86.8671,2615
Hallowell,ME,United States,44.2872,-69.818,2613
McLeansboro,IL,United States,38.0903,-88.5386,2610
Homer,LA,United States,32.7938,-93.0591,2610
Red Lodge,MT,United States,45.1933,-109.2501,2610
Hampton,SC,United States,32.8676,-81.1094,2610
Hoxie,AR,United States,36.036,-90.9736,2609
Santa Claus,IN,United States,38.1161,-86.9272,2609
Harriman,NY,United States,41.3091,-74.1441,2609
Delmont,PA,United States,40.4144,-79.5729,2607
Watonga,OK,United States,35.8475,-98.4027,2606
West Newton,PA,United States,40.2072,-79.7712,2605
Ashley,PA,United States,41.2127,-75.8994,2603
Palisade,CO,United States,39.1079,-108.3573,2602
Ingalls,IN,United States,39.959,-85.8058,2602
St. Henry,OH,United States,40.4203,-84.6315,2602
Brusly,LA,United States,30.3942,-91.2516,2599
Tularosa,NM,United States,33.075,-106.0173,2599
East Williston,NY,United States,40.7608,-73.6336,2599
Covington,OH,United States,40.117,-84.3507,2598
Pelican Rapids,MN,United States,46.5703,-96.0859,2597
Sumner,IL,United States,38.7154,-87.8667,2596
Combine,TX,United States,32.5901,-96.5172,2595
Jonestown,TX,United States,30.4817,-97.932,2595
Alden,NY,United States,42.8989,-78.4946,2594
Belle Meade,TN,United States,36.0994,-86.8563,2594
Osceola,IN,United States,41.6657,-86.0787,2593
Burlington,KS,United States,38.1933,-95.7454,2593
Forest Heights,MD,United States,38.8038,-77.0117,2593
Rockville,IN,United States,39.7665,-87.2295,2592
Wabasha,MN,United States,44.3711,-92.0457,2592
Salina,UT,United States,38.9388,-111.8652,2592
Louisa,KY,United States,38.1116,-82.6152,2591
Palmhurst,TX,United States,26.2583,-98.2953,2591
Eldora,IA,United States,42.3605,-93.1013,2589
Yorkville,NY,United States,43.1124,-75.274,2588
Palmer Lake,CO,United States,39.1158,-104.9092,2587
Mangonia Park,FL,United States,26.7586,-80.0761,2586
Derry,PA,United States,40.3334,-79.3011,2586
West,TX,United States,31.8031,-97.0946,2586
Rhinebeck,NY,United States,41.9288,-73.9103,2584
Hayward,WI,United States,46.0066,-91.4897,2584
Bordertown,South Australia,Australia,-36.3162,140.7666,2583
Lithonia,GA,United States,33.713,-84.1062,2583
Silver Creek,NY,United States,42.5412,-79.169,2583
White Salmon,WA,United States,45.7284,-121.4854,2583
Yardley,PA,United States,40.2403,-74.8389,2582
Clayton,NM,United States,36.446,-103.1489,2581
Maynardville,TN,United States,36.247,-83.8057,2581
Brooklyn,IN,United States,39.5445,-86.3699,2580
Arcadia,LA,United States,32.5508,-92.9214,2580
Ruidoso Downs,NM,United States,33.3312,-105.5968,2579
Rivercess,River Cess,Liberia,5.465,-9.578,2578
Pleasant Ridge,MI,United States,42.4715,-83.1445,2577
Alburtis,PA,United States,40.5066,-75.6002,2577
Seymour,TX,United States,33.5952,-99.2585,2576
Bellevue,ID,United States,43.469,-114.2551,2575
Round Lake Heights,IL,United States,42.3846,-88.1059,2575
Brinkley,AR,United States,34.8898,-91.1898,2574
Weed,CA,United States,41.4121,-122.381,2574
Chumbicha,Catamarca,Argentina,-28.8666,-66.2333,2572
Mkokotoni,Kaskazini-Unguja,Tanzania,-5.879,39.26,2572
Wellton,AZ,United States,32.6401,-114.2152,2572
Superior,AZ,United States,33.2716,-111.1242,2571
White Pine,TN,United States,36.1013,-83.2857,2571
Pelican Bay,TX,United States,32.9228,-97.5189,2571
Garoowe,Nugaal,Somalia,8.4,48.5,2568
Trinity,AL,United States,34.5974,-87.0814,2567
Tilton,IL,United States,40.095,-87.6421,2566
Vergennes,VT,United States,44.1677,-73.2553,2566
Lake Arthur,LA,United States,30.08,-92.6774,2565
Reidsville,GA,United States,32.0873,-82.1248,2563
Escobares,TX,United States,26.4126,-98.96,2563
Mineral Point,WI,United States,42.8632,-90.1814,2563
Kemah,TX,United States,29.5286,-95.02,2562
Greenport,NY,United States,41.1024,-72.3668,2561
Huasco,Atacama,Chile,-28.4696,-71.22,2558
Paynesville,MN,United States,45.3785,-94.7216,2558
Buckeye Lake,OH,United States,39.9364,-82.4814,2558
Poynette,WI,United States,43.3922,-89.4048,2558
Mount Vernon,TX,United States,33.1774,-95.2244,2557
Dupont,PA,United States,41.3238,-75.7419,2556
Palmer,TX,United States,32.4251,-96.6671,2555
Bethlehem,WV,United States,40.0444,-80.6881,2553
Weatherly,PA,United States,40.942,-75.8209,2551
Delhi,LA,United States,32.4528,-91.49,2550
Center Point,IA,United States,42.1846,-91.7799,2549
Gervais,OR,United States,45.108,-122.8964,2547
Andrews,SC,United States,33.4495,-79.566,2546
Star Valley,AZ,United States,34.2547,-111.2207,2545
Mosheim,TN,United States,36.1956,-82.9656,2544
Horseshoe Bend,AR,United States,36.2187,-91.7383,2543
Clarkson Valley,MO,United States,38.6253,-90.593,2543
Newaygo,MI,United States,43.4173,-85.7995,2542
Village of Grosse Pointe Shores,MI,United States,42.4513,-82.8704,2542
Potosi,MO,United States,37.9337,-90.775,2540
La Pine,OR,United States,43.6868,-121.4853,2540
Athabasca,Alberta,Canada,54.717,-113.2666,2539
Thunderbolt,GA,United States,32.0357,-81.0492,2539
Peapack and Gladstone,NJ,United States,40.7158,-74.6541,2538
Jesup,IA,United States,42.4745,-92.0656,2537
Davis Junction,IL,United States,42.1146,-89.0903,2537
New Lisbon,WI,United States,43.8753,-90.1624,2537
Provideniya,Chukchi Autonomous Okrug,Russia,64.4235,-173.2258,2536
Belvidere,NJ,United States,40.8298,-75.0733,2536
Stonewall,LA,United States,32.2713,-93.8074,2535
Swepsonville,NC,United States,36.0288,-79.3561,2535
Drumright,OK,United States,35.9899,-96.5974,2535
Ísafjörður,Vestfirðir,Iceland,66.0833,-23.15,2534
Blasdell,NY,United States,42.7965,-78.8324,2534
Juneau,WI,United States,43.4029,-88.7033,2534
Lisbon,OH,United States,40.7751,-80.7628,2533
Junction,TX,United States,30.4908,-99.7732,2531
Four Oaks,NC,United States,35.4456,-78.4176,2530
Sumiton,AL,United States,33.7493,-87.0469,2528
Mayer,MN,United States,44.8889,-93.8945,2528
Lawson,MO,United States,39.433,-94.2203,2526
Telluride,CO,United States,37.9402,-107.8182,2525
Clinton,AR,United States,35.579,-92.4557,2524
Avoca,PA,United States,41.3382,-75.7422,2524
Millersburg,PA,United States,40.5432,-76.9529,2522
Reed City,MI,United States,43.8728,-85.507,2521
Spring Lake,MI,United States,43.0735,-86.1941,2521
Osseo,MN,United States,45.1179,-93.3992,2521
Skaneateles,NY,United States,42.9473,-76.4285,2520
Gobernador Gregores,Santa Cruz,Argentina,-48.7666,-70.25,2519
Floydada,TX,United States,33.9835,-101.3368,2519
Calvert City,KY,United States,37.0464,-88.3955,2517
Le Center,MN,United States,44.3866,-93.7311,2517
Wolf Point,MT,United States,48.0931,-105.6414,2517
Baltasar Brum,Artigas,Uruguay,-30.73,-57.32,2517
Lake Lotawana,MO,United States,38.9038,-94.2584,2515
Penndel,PA,United States,40.1552,-74.9147,2515
Deerfield,WI,United States,43.0492,-89.0762,2515
Lavaca,AR,United States,35.3302,-94.1829,2514
Lake Placid,FL,United States,27.3026,-81.3715,2514
Beverly,NJ,United States,40.0648,-74.9219,2514
Donegal,Donegal,Ireland,54.65,-8.1167,2513
Bald Knob,AR,United States,35.3125,-91.5713,2513
Dalton Gardens,ID,United States,47.7334,-116.7679,2513
Dayton,WA,United States,46.3168,-117.9768,2510
Darlington,WI,United States,42.6766,-90.1201,2509
Grifton,NC,United States,35.38,-77.4425,2507
Panorama Village,TX,United States,30.3826,-95.4934,2507
Chokurdakh,Sakha (Yakutia),Russia,70.6183,147.8946,2506
South Hutchinson,KS,United States,38.0231,-97.9448,2506
Pagedale,MO,United States,38.6802,-90.3081,2506
Pageland,SC,United States,34.7701,-80.3857,2504
Lake Crystal,MN,United States,44.1054,-94.2191,2502
Daingerfield,TX,United States,33.0305,-94.7259,2502
Winneconne,WI,United States,44.1113,-88.712,2502
Chesterfield,IN,United States,40.113,-85.5943,2501
Curwensville,PA,United States,40.9729,-78.5186,2501
Nelson House,Manitoba,Canada,55.8005,-98.85,2500
Puerto Williams,Magallanes y Antartica Chilena,Chile,-54.9333,-67.6167,2500
Nagchu,Xizang,China,31.48,92.05,2500
Maradah,Ajdabiya,Libya,29.2337,19.2166,2500
Capitol Hill,,Northern Mariana Islands,15.2113,145.7506,2500
Mariscal Estigarribia,Boqueran,Paraguay,-22.03,-60.61,2500
Nauta,Loreto,Peru,-4.57,-73.78,2500
Brewster,NY,United States,41.3962,-73.6163,2500
Lewiston,NY,United States,43.1719,-79.0407,2500
Bourke,New South Wales,Australia,-30.1,145.9333,2475
Fuerte Olimpo,Alto Paraguay,Paraguay,-21.0696,-57.9,2475
Rankin Inlet,Nunavut,Canada,62.8167,-92.0953,2472
Scottsdale,Tasmania,Australia,-41.1495,147.5167,2468
Palopo,Sulawesi Selatan,Indonesia,-3.0999,120.2363,2444
José Batlle y Ordóñez,Lavalleja,Uruguay,-33.47,-55.12,2438
Tarabuco,Chuquisaca,Bolivia,-19.18,-64.92,2428
Baures,El Beni,Bolivia,-13.58,-63.5801,2422
Severo Kurilsk,Sakhalin,Russia,50.6905,156.085,2422
Uspallata,Mendoza,Argentina,-32.5931,-69.346,2390
El Dorado,Bol,Venezuela,6.7333,-61.6333,2383
Karungu,Nyanza,Kenya,-0.8496,34.15,2376
Yuscarán,El Paraíso,Honduras,13.944,-86.851,2371
María Elena,Antofagasta,Chile,-22.35,-69.67,2370
Coroico,La Paz,Bolivia,-16.1896,-67.72,2361
Dondo,Cuanza Norte,Angola,-9.69,14.43,2353
Queenstown,Tasmania,Australia,-42.0829,145.55,2352
Juradó,Chocó,Colombia,7.1217,-77.7564,2351
Puerto San Julián,Santa Cruz,Argentina,-49.3,-67.7167,2347
Sohano,North Solomons,Papua New Guinea,-5.4297,154.6711,2338
Boffa,Boke,Guinea,10.185,-14.043,2332
Maltahöhe,Hardap,Namibia,-24.84,16.94,2329
Muconda,Lunda Sul,Angola,-10.5996,21.32,2324
Port Hardy,British Columbia,Canada,50.7171,-127.5,2295
Toltén,La Araucanpa,Chile,-39.2166,-73.2123,2293
Egilsstaðir,Austur-Hérað,Iceland,65.2674,-14.395,2265
Egvekinot,Chukchi Autonomous Okrug,Russia,66.3221,-179.1837,2248
Roura,Guinaa,France,4.73,-52.33,2229
Mwenga,Sud-Kivu,Congo (Kinshasa),-3.0382,28.4325,2216
El Manteco,Bol,Venezuela,7.3504,-62.5333,2215
Stanley,,Falkland Islands,-51.7,-57.85,2213
Puerto Villamil,Gal,Ecuador,-0.9333,-91.0167,2200
Biggar,Saskatchewan,Canada,52.0504,-107.9833,2192
Sorata,La Paz,Bolivia,-15.79,-68.6601,2190
Kumaka,Upper Demerara-Berbice,Guyana,3.9004,-58.38,2190
Wiarton,Ontario,Canada,44.7337,-81.1333,2182
Wawa,Ontario,Canada,48.0004,-84.7833,2174
Kaikoura,Canterbury,New Zealand,-42.4012,173.6897,2172
Hudson Bay,Saskatchewan,Canada,52.8504,-102.3833,2157
Plumtree,Matabeleland South,Zimbabwe,-20.4795,27.82,2148
Pozo Colorado,Presidente Hayes,Paraguay,-23.43,-58.86,2135
Onverwacht,Para,Suriname,5.6,-55.2,2105
Mejillones,Antofagasta,Chile,-23.1,-70.45,2041
Evensk,Maga Buryatdan,Russia,61.95,159.2333,2024
Konza,Rift Valley,Kenya,-1.7496,37.12,2004
Yazdan,South Khorasan,Iran,33.5065,60.8938,2000
Matagami,Québec,Canada,49.7504,-77.6333,1966
Leikanger,Sogn og Fjordane,Norway,61.1833,6.85,1965
Marka,Shabeellaha Hoose,Somalia,1.7766,44.8533,1958
Katwe,Kasese,Uganda,-0.1296,29.92,1957
Amapá,Amapi,Brazil,2.05,-50.8,1947
Lehututu,Kgalagadi,Botswana,-23.9696,21.87,1942
Abunã,Rondinia,Brazil,-9.6954,-65.3597,1929
Saskylakh,Sakha (Yakutia),Russia,71.9166,114.0833,1920
Charleville,Queensland,Australia,-26.4,146.25,1900
Coro Coro,La Paz,Bolivia,-17.1696,-68.45,1884
Taedong,P'yongan-bukto,North Korea,40.6171,125.4501,1884
Arviat,Nunavut,Canada,61.1086,-94.0586,1868
Paamiut,Kommuneqarfik Sermersooq,Greenland,62.0041,-49.6351,1862
Beringovskiy,Chukchi Autonomous Okrug,Russia,63.0655,179.3067,1861
Te Anau,Southland,New Zealand,-45.4074,167.7585,1857
La Palma,Darién,Panama,8.3982,-78.1402,1845
Tasiilaq,,Greenland,65.6019,-37.6337,1829
Paso Río Mayo,Chubut,Argentina,-45.6834,-70.2666,1825
Sixaola,Limón,Costa Rica,9.5204,-82.62,1823
Yamba,New South Wales,Australia,-29.423,153.3533,1806
Attawapiskat,Ontario,Canada,52.9166,-82.4333,1802
Al Bayda,Al Jabal al Akhdar,Libya,32.7604,21.62,1794
Tumby Bay,South Australia,Australia,-34.3829,136.0833,1791
Novy Port,Yamal-Nenets,Russia,67.6983,72.9283,1790
Borgarnes,Vesturland,Iceland,64.5695,-21.8623,1783
Mount Barker,Western Australia,Australia,-34.6328,117.6666,1781
Puerto Villarroel,Cochabamba,Bolivia,-16.87,-64.78,1778
Red Lake,Ontario,Canada,51.0337,-93.8333,1765
Nokaneng,North-West,Botswana,-19.6696,22.27,1763
Al Jaghbub,Al Butnan,Libya,29.7504,24.5166,1744
Nasir,Upper Nile,South Sudan,8.6004,33.0666,1741
Moosonee,Ontario,Canada,51.2806,-80.658,1725
El Qasr,Al Wadi at Jadid,Egypt,25.7004,28.8833,1716
Höfn,Sveitarfélagið Hornafjörður,Iceland,64.2723,-15.2139,1695
Peterborough,South Australia,Australia,-32.9662,138.8333,1689
Totness,Coronie,Suriname,5.8904,-56.32,1685
Omboué,Ogooué-Maritime,Gabon,-1.5662,9.25,1667
Labutta,Ayeyarwady,Myanmar,16.1619,94.7014,1667
Tofino,British Columbia,Canada,49.0986,-125.8621,1655
Hudur,Bakool,Somalia,4.1833,43.8667,1639
Igloolik,Nunavut,Canada,69.2565,-81.7936,1612
Trancas,Tucumtn,Argentina,-26.2167,-65.2833,1599
Wagin,Western Australia,Australia,-33.2996,117.35,1598
Inukjuak,Québec,Canada,58.47,-78.136,1597
Little Current,Ontario,Canada,45.967,-81.9333,1595
Ceduna,South Australia,Australia,-32.0991,133.6623,1586
Baker Lake,Nunavut,Canada,64.317,-96.0167,1584
Chiradzulu,Chiradzulu,Malawi,-15.7,35.1833,1580
Pond Inlet,Nunavut,Canada,72.685,-78.0001,1549
Alto Rio Sanguer,Chubut,Argentina,-45.0333,-70.8333,1548
Kalbarri,Western Australia,Australia,-27.6662,114.1667,1537
Iracoubo,Guinaa,France,5.4804,-53.22,1536
Manja,Toliary,Madagascar,-21.4329,44.3333,1536
Geita,Mwanza,Tanzania,-2.8662,32.1666,1536
Oktyabrsky,Kamchatka,Russia,52.6636,156.2387,1534
Kipili,Rukwa,Tanzania,-7.4329,30.6,1533
Sierra Colorado,RRo Negro,Argentina,-40.5829,-67.8,1522
Ust Kuyga,Sakha (Yakutia),Russia,70.0171,135.6,1517
Eldikan,Sakha (Yakutia),Russia,60.8,135.1833,1516
Penola,South Australia,Australia,-37.383,140.8167,1514
Chibemba,HuOla,Angola,-15.7496,14.08,1502
Meningie,South Australia,Australia,-35.6995,139.3333,1501
San Vicente del Caguán,Caqueti,Colombia,2.0704,-74.64,1500
Tajarhi,Murzuq,Libya,24.3704,14.4708,1500
Alexander Bay,Northern Cape,South Africa,-28.6083,16.5033,1500
Bu'aale,Jubbada Dhexe,Somalia,1.0833,42.5833,1490
Cap-Chat,Québec,Canada,49.1,-66.6833,1484
Cambridge Bay,Nunavut,Canada,69.117,-105.0333,1477
Lokhwabe,Kgalagadi,Botswana,-24.1696,21.83,1473
Thessalon,Ontario,Canada,46.25,-83.55,1464
Gingin,Western Australia,Australia,-31.3496,115.9,1446
Ayoun el Atrous,Hodh el Gharbi,Mauritania,16.6666,-9.6167,1423
Machinga,Machinga,Malawi,-14.9667,35.5167,1418
Chibia,HuOla,Angola,-15.1896,13.69,1411
Tsau,North-West,Botswana,-20.1596,22.46,1409
Ouyen,Victoria,Australia,-35.0662,142.3167,1400
Bella Bella,British Columbia,Canada,52.1484,-128.1173,1400
Verkhoyansk,Sakha (Yakutia),Russia,67.5447,133.385,1388
Cobalt,Ontario,Canada,47.3837,-79.6833,1372
Jaqué,Darién,Panama,7.519,-78.166,1357
Qasigiannguit,Qaasuitsup Kommunia,Greenland,68.8193,-51.1785,1341
Qardho,Bari,Somalia,9.5004,49.166,1341
Nyimba,Eastern,Zambia,-14.5495,30.81,1336
Cape Dorset,Nunavut,Canada,64.3125,-76.5386,1326
Pangnirtung,Nunavut,Canada,66.1333,-65.75,1320
Dawson City,Yukon,Canada,64.0666,-139.4167,1319
Lubutu,Maniema,Congo (Kinshasa),-0.7329,26.5833,1313
Fulacunda,Quinara,Guinea Bissau,11.773,-15.195,1311
Cangamba,Moxico,Angola,-13.6996,19.86,1307
Tarutung,Sumatera Utara,Indonesia,2.0171,98.9667,1305
Chumikan,Khabarovsk,Russia,54.7114,135.3145,1305
Kugluktuk,Nunavut,Canada,67.7987,-115.1253,1302
Uummannaq,,Greenland,70.675,-52.1229,1299
Geraldton,Ontario,Canada,49.7166,-86.9666,1290
Ayan,Khabarovsk,Russia,56.4542,138.1673,1286
Gillam,Manitoba,Canada,56.35,-94.7,1281
Kuujjuaq,Québec,Canada,58.1,-68.4,1273
Villa Rumipal,CRrdoba,Argentina,-32.1833,-64.4833,1269
Ñacunday,Alto Paranp,Paraguay,-26.02,-54.7699,1250
Lake Louise,Alberta,Canada,51.4337,-116.1833,1248
Kuujjuarapik,Québec,Canada,55.2815,-77.7658,1243
Lavrentiya,Chukchi Autonomous Okrug,Russia,65.5833,-171.025,1242
Longyearbyen,Svalbard,Svalbard and Jan Mayen Islands,78.2167,15.55,1232
Las Lajas,Neuqutn,Argentina,-38.5163,-70.3666,1218
Port Denison,Western Australia,Australia,-29.2828,114.9166,1213
Quissico,Inhambane,Mozambique,-24.7257,34.766,1210
Halls Creek,Western Australia,Australia,-18.2667,127.7667,1209
Celeken,Balkan,Turkmenistan,39.4362,53.1226,1206
Nipigon,Ontario,Canada,49.017,-88.25,1204
Cloncurry,Queensland,Australia,-20.7,140.5,1202
San Rafael,Santa Cruz,Bolivia,-16.7795,-60.6799,1201
Capitan Pablo Lagerenza,Alto Paraguay,Paraguay,-19.9161,-60.7833,1200
Buluko,Nord-Kivu,Congo (Kinshasa),-0.757,28.528,1192
Winton,Queensland,Australia,-22.3996,143.0333,1157
Oatlands,Tasmania,Australia,-42.2996,147.3666,1157
Santo António,,Sao Tome and Principe,1.645,7.412,1156
Nain,Newfoundland and Labrador,Canada,56.5474,-61.686,1151
Los Blancos,Salta,Argentina,-23.5996,-62.6,1145
Kaabong,Kaabong,Uganda,3.5204,34.12,1137
Upernavik,Qaasuitsup Kommunia,Greenland,72.7094,-56.1417,1129
Puerto Acosta,La Paz,Bolivia,-15.4996,-69.1667,1123
Mirbat,Dhofar,Oman,16.9924,54.6918,1120
Dikson,Taymyr,Russia,73.507,80.5451,1113
Gjoa Haven,Nunavut,Canada,68.6333,-95.9167,1109
Ravensthorpe,Western Australia,Australia,-33.5829,120.0333,1101
Susques,Jujuy,Argentina,-23.4167,-66.4833,1093
Klyuchi,Kamchatka,Russia,56.3,160.85,1089
Exmouth,Western Australia,Australia,-21.9311,114.1233,1085
Fort McPherson,Northwest Territories,Canada,67.4915,-134.895,1069
Barcaldine,Queensland,Australia,-23.5662,145.2834,1068
Argentia,Newfoundland and Labrador,Canada,47.3004,-53.99,1063
Streaky Bay,South Australia,Australia,-32.8119,134.2149,1060
Omolon,Chukchi Autonomous Okrug,Russia,65.25,160.5,1050
Fulin,Sichuan,China,29.35,102.7167,1049
Soroti,Soroti,Uganda,1.7104,33.6,1038
Norman Wells,Northwest Territories,Canada,65.2837,-126.85,1027
Besalampy,Mahajanga,Madagascar,-16.7495,44.4833,1022
Sica Sica,La Paz,Bolivia,-17.33,-67.73,1006
Norseman,Western Australia,Australia,-32.2,121.7666,1004
Churchill,Manitoba,Canada,58.766,-94.166,1000
Naujaat,Nunavut,Canada,66.5295,-86.2829,1000
Altata,Sinaloa,Mexico,24.636,-107.9162,1000
San Juan de Nicaragua,Nicaragua,Nicaragua,10.9204,-83.7,1000
Yélimané,Kayes,Mali,15.1337,-10.5666,988
Cacolo,Lunda Sul,Angola,-10.1496,19.26,984
Juina,Mato Grosso,Brazil,-11.3996,-59.5,980
General Eugenio Alejandrino Garay,Boqueran,Paraguay,-20.52,-62.21,972
Principe da Beira,Rondinia,Brazil,-12.4167,-64.4166,956
Cuevo,Santa Cruz,Bolivia,-20.45,-63.53,953
Govorovo,Sakha (Yakutia),Russia,70.2114,125.9933,943
Tarapoto,San Mart,Peru,-6.51,-76.48,936
Dirj,Ghadamis,Libya,30.1679,10.4567,931
Yulara,Northern Territory,Australia,-25.2405,130.9889,930
Tuktoyaktuk,Northwest Territories,Canada,69.4548,-133.0492,929
Berens River,Manitoba,Canada,52.3666,-97.0333,892
Chelyuskin,Taymyr,Russia,77.717,104.25,885
Hoskins,West New Britain,Papua New Guinea,-5.4746,150.41,871
Shamattawa,Manitoba,Canada,55.8504,-92.0833,870
Luanza,Katanga,Congo (Kinshasa),-8.6996,28.7,861
Baddeck,Nova Scotia,Canada,46.1,-60.754,852
Coral Harbour,Nunavut,Canada,64.1538,-83.1766,834
Vatican City,Lazio,Vatican,41.9033,12.4534,832
Georgetown,Queensland,Australia,-18.3,143.5333,818
La Scie,Newfoundland and Labrador,Canada,49.967,-55.583,817
Watson Lake,Yukon,Canada,60.1166,-128.8,802
Wyndham,Western Australia,Australia,-15.374,128.3601,800
Calulo,Cuanza Sul,Angola,-9.9996,14.9,795
Bávaro,La Altagracia,Dominican Republic,18.717,-68.45,795
Uelen,Chukchi Autonomous Okrug,Russia,66.1541,-169.8106,776
Taloyoak,Nunavut,Canada,69.5333,-93.5333,774
Mohembo,North-West,Botswana,-18.2996,21.8,757
Yerema,Irkutsk,Russia,60.3808,107.7794,745
Comallo,RRo Negro,Argentina,-41.0333,-70.2666,741
Natashquan,Québec,Canada,50.1913,-61.8107,722
Satadougou,Kayes,Mali,12.617,-11.4066,706
Rodeo,San Juan,Argentina,-30.2156,-69.14,701
Serebryansk,East Kazakhstan,Kazakhstan,49.6999,83.4249,701
Zhaltyr,Aqmola,Kazakhstan,51.6324,69.8328,694
Pannawonica,Western Australia,Australia,-21.6366,116.325,686
Buchans,Newfoundland and Labrador,Canada,48.817,-56.8666,685
Linxi,Nei Mongol,China,43.5171,118.0333,679
Djanet,Illizi,Algeria,24.5529,9.4823,666
Pine Creek,Northern Territory,Australia,-13.8162,131.8167,665
Meekatharra,Western Australia,Australia,-26.6,118.4833,654
Hall Beach,Nunavut,Canada,68.7675,-81.2361,654
Massangena,Gaza,Mozambique,-21.5373,32.9564,650
Kimba,South Australia,Australia,-33.1496,136.4334,636
Calatrava,Litoral,Equatorial Guinea,1.1164,9.4186,628
Qaanaaq,Qaasuitsup Kommunia,Greenland,77.4835,-69.3322,616
Las Plumas,Chubut,Argentina,-43.4163,-67.25,605
Arctic Bay,Nunavut,Canada,73.0333,-85.1666,604
Dibaya,Kasao-Occidental,Congo (Kinshasa),-6.5095,22.87,603
Panda,Inhambane,Mozambique,-24.0629,34.7303,602
Boulia,Queensland,Australia,-22.8996,139.9,600
Ype Jhu,Canindey,Paraguay,-23.91,-55.46,600
Tunduru,Ruvuma,Tanzania,-11.0896,37.37,600
Fort Good Hope,Northwest Territories,Canada,66.2666,-128.6333,597
Mingan,Québec,Canada,50.3018,-64.0173,588
Tinogasta,Catamarca,Argentina,-28.0666,-67.5666,587
Alofi,Niue aggregation,Niue,-19.066,-169.9136,581
Onslow,Western Australia,Australia,-21.6576,115.0963,573
Sabaya,Oruro,Bolivia,-19.0163,-68.3833,573
Mikhalkino,Koryak,Russia,69.4244,161.4811,570
Ubomba,KwaZulu-Natal,South Africa,-27.5661,32.0833,564
Quilpie,Queensland,Australia,-26.6166,144.25,560
Gastre,Chubut,Argentina,-42.283,-69.2333,557
Kangerlussuaq,Qeqqata Kommunia,Greenland,67.0141,-50.7099,556
Chiramba,Sofala,Mozambique,-16.8921,34.6559,556
Llica,Potosi,Bolivia,-19.8496,-68.25,553
Lata,Temotu,Solomon Islands,-10.738,165.8567,553
Kangirsuk,Québec,Canada,60.0248,-69.9991,549
Mereeg,Galguduud,Somalia,3.7666,47.3,548
Sandspit,British Columbia,Canada,53.2404,-131.8333,538
Cowell,South Australia,Australia,-33.6829,136.9166,537
Calucinga,BiO,Angola,-11.3196,16.2,531
Andamooka,South Australia,Australia,-30.431,137.1656,528
Punta Prieta,Baja California,Mexico,28.9337,-114.1666,527
Doline,Northwest Territories,Canada,65.1833,-123.4167,525
Atafu,Tokelau aggregation,Tokelau,-8.5486,-172.4977,524
Fort Smith,Alberta,Canada,60.0,-111.8833,518
Caluula,Bari,Somalia,11.967,50.75,513
Tournavista,HuRnuco,Peru,-8.9322,-74.7052,511
Cartwright,Newfoundland and Labrador,Canada,53.7014,-57.0121,505
Chitado,Cunene,Angola,-17.3196,13.92,500
Telsen,Chubut,Argentina,-42.3996,-66.95,500
Holman,Northwest Territories,Canada,70.7334,-117.75,500
Yakossi,Mbomou,Central African Republic,5.617,23.3167,500
Tmassa,Murzuq,Libya,26.3666,15.8,500
Cuangar,Kavango,Namibia,-17.6095,18.62,500
Puerto Pinasco,Presidente Hayes,Paraguay,-22.64,-57.79,500
Oymyakon,Sakha (Yakutia),Russia,63.4214,142.7698,500
Bir Lehlou,,Western Sahara,26.1192,-9.6525,500
Mys Shmidta,Chukchi Autonomous Okrug,Russia,68.9337,-179.5,492
Lynn Lake,Manitoba,Canada,56.85,-101.05,482
Schefferville,Québec,Canada,54.8,-66.8167,471
Ittoqqortoormiit,Kommuneqarfik Sermersooq,Greenland,70.4834,-21.9667,469
Sélibaby,Guidimaka,Mauritania,15.167,-12.1833,460
Eidsvold,Queensland,Australia,-25.3662,151.1333,459
Trout River,Newfoundland and Labrador,Canada,49.4837,-58.1166,452
Woomera,South Australia,Australia,-31.1496,136.8,450
Kullorsuaq,,Greenland,74.5781,-57.225,450
Forteau,Newfoundland and Labrador,Canada,51.4504,-56.95,448
Fort Resolution,Northwest Territories,Canada,61.1666,-113.683,448
Fada,Bet,Chad,17.1847,21.5902,448
Xangongo,Cunene,Angola,-16.74,14.97,447
Dhuusa Mareeb,Galguduud,Somalia,5.742,46.508,447
Wilcannia,New South Wales,Australia,-31.5662,143.3833,442
Hopedale,Newfoundland and Labrador,Canada,55.45,-60.2167,442
Pukatawagan,Manitoba,Canada,55.7333,-101.3166,431
Mount Magnet,Western Australia,Australia,-28.0662,117.8167,424
Hughenden,Queensland,Australia,-20.85,144.2,421
Tsavo,Coast,Kenya,-2.9828,38.4666,414
Sherlovaya Gora,Chita,Russia,50.5306,116.3006,411
Comondante Luis Piedrabuena,Santa Cruz,Argentina,-49.9745,-68.9035,410
Korf,Kamchatka,Russia,60.3321,165.8183,400
Nizhneyansk,Sakha (Yakutia),Russia,71.4333,136.0666,400
Trepassey,Newfoundland and Labrador,Canada,46.737,-53.3633,398
Espungabera,Manica,Mozambique,-20.4501,32.77,393
Kimmirut,Nunavut,Canada,62.85,-69.8833,385
Chonchi,Los Lagos,Chile,-42.61,-73.81,381
Toconao,Antofagasta,Chile,-23.1829,-68.0166,378
Chesterfield Inlet,Nunavut,Canada,63.3383,-90.7001,374
Moroto,Moroto,Uganda,2.5403,34.64,371
Akjoujt,Inchiri,Mauritania,19.747,-14.391,370
Río Verde,Magallanes y Antartica Chilena,Chile,-52.65,-71.4666,358
Kaltukatjara,Northern Territory,Australia,-25.7884,128.9973,355
Lethem,Upper Demerara-Berbice,Guyana,3.39,-59.8,352
Eastmain,Québec,Canada,52.2333,-78.5167,335
Laverton,Western Australia,Australia,-28.627,122.404,316
Oban,Southland,New Zealand,-46.8877,168.1666,310
Manyoni,Singida,Tanzania,-5.7796,34.9,310
Basse-terre,Guadeloupe,France,16.0104,-61.7055,307
Dease Lake,British Columbia,Canada,58.4503,-130.0333,303
Waitangi,Chatham Is. aggregation,Chatham Islands,-44.0263,-176.3696,300
Umm al Abid,Sabha,Libya,27.517,15.0333,300
Bugrino,Nenets,Russia,68.8079,49.3042,300
Shoyna,Nenets,Russia,67.8666,44.1334,300
Cazombo,Moxico,Angola,-11.8896,22.9,298
Put Lenina,Sakha (Yakutia),Russia,68.5166,107.8,298
Enurmino,Chukchi Autonomous Okrug,Russia,66.95,-171.8166,297
Richmond,Queensland,Australia,-20.7163,143.1333,296
Paulatuk,Northwest Territories,Canada,69.3833,-123.9833,294
Yaupi,Morona Santiago,Ecuador,-2.8543,-77.9363,293
Ikela,Cquateur,Congo (Kinshasa),-1.1829,23.2666,291
Kulusuk,Kommuneqarfik Sermersooq,Greenland,65.5666,-37.1833,286
Chevery,Québec,Canada,50.4813,-59.6098,284
Birdsville,Queensland,Australia,-25.8996,139.3666,283
Fort Simpson,Northwest Territories,Canada,61.85,-121.3333,283
Amderma,Nenets,Russia,69.763,61.6677,282
Brochet,Manitoba,Canada,57.8832,-101.6666,278
Cat Lake,Ontario,Canada,51.717,-91.8,277
Gubkin,Belgorod,Russia,51.2743,37.3843,272
Radisson,Québec,Canada,53.7836,-77.6166,270
Ivanhoe,New South Wales,Australia,-32.8996,144.3,265
Port-Menier,Québec,Canada,49.8226,-64.348,263
Morawa,Western Australia,Australia,-29.2163,116.0,259
Resolute,Nunavut,Canada,74.6833,-94.9,250
Villa O'Higgins,Santa Cruz,Chile,-48.4669,-72.593,250
Tasiusaq,,Greenland,73.369,-56.0598,250
Theodore,Queensland,Australia,-24.9495,150.0833,246
Timbedra,Hodh ech Chargui,Mauritania,16.2504,-8.1666,245
Nimule,East Equatoria,South Sudan,3.6,32.05,242
Kenge,Bandundu,Congo (Kinshasa),-4.8296,16.8999,241
Adelaide River,Northern Territory,Australia,-13.2495,131.1,237
Kanyato,Kigoma,Tanzania,-4.4565,30.2614,232
Abau,Central,Papua New Guinea,-10.0426,148.565,230
Leonara,Western Australia,Australia,-28.8815,121.328,227
St. Anthony,Newfoundland and Labrador,Canada,51.3837,-55.5999,224
Gingoog,Misamis Oriental,Philippines,8.8304,125.13,218
I-n-Amenas,Illizi,Algeria,28.0503,9.55,216
Kingston South East,South Australia,Australia,-36.8328,139.8501,206
Zouar,Bet,Chad,20.4587,16.5278,204
Nuussuaq,Qaasuitsup Kommunia,Greenland,74.121,-57.0674,204
Thargomindah,Queensland,Australia,-28.0,143.8167,203
Mapai,Gaza,Mozambique,-22.8427,31.9631,201
Burketown,Queensland,Australia,-17.7161,139.5666,200
Meander River,Alberta,Canada,59.0333,-117.683,200
Kangersuatsiaq,,Greenland,72.3796,-55.5491,200
Charaña,La Paz,Bolivia,-17.5996,-69.4666,197
Port Hope Simpson,Newfoundland and Labrador,Canada,52.5333,-56.3,197
Kalima,Maniema,Congo (Kinshasa),-2.5096,26.43,194
Three Springs,Western Australia,Australia,-29.5333,115.75,190
Sayhut al Ghamirah,Al Mahrah,Yemen,15.2105,51.2454,189
Camooweal,Queensland,Australia,-19.9167,138.1167,187
Southern Cross,Western Australia,Australia,-31.2161,119.3167,187
Quipungo,HuOla,Angola,-14.8295,14.55,186
Oxford House,Manitoba,Canada,54.9504,-95.2666,184
Bicheno,Tasmania,Australia,-41.8784,148.2886,177
Lusanga,Bandundu,Congo (Kinshasa),-5.5829,16.5167,177
Vilanculos,Inhambane,Mozambique,-21.9995,35.3166,177
Hurdiyo,Bari,Somalia,10.582,51.1233,176
Tsiigehtchic,Northwest Territories,Canada,67.4333,-133.75,175
Androka,Toliary,Madagascar,-25.0219,44.0749,174
Karumba,Queensland,Australia,-17.4833,140.8334,173
Vikhorevka,Irkutsk,Russia,56.0931,101.2427,166
Windorah,Queensland,Australia,-25.4332,142.6502,158
Al Qunfudhah,Makkah,Saudi Arabia,19.1264,41.0789,157
Ivugivik,Québec,Canada,62.4166,-77.9,156
Stony Rapids,Saskatchewan,Canada,59.2666,-105.8333,152
Luiana,Cuando Cubango,Angola,-17.3695,23.0,150
La Esmeralda,Amazonas,Venezuela,3.1738,-65.5466,150
Cuito Caunavale,Cuando Cubango,Angola,-15.1596,19.17,149
Bafwasende,Orientale,Congo (Kinshasa),1.0838,27.2666,149
Progress,Amur,Russia,49.7504,129.6167,146
Narsarsuaq,Kommune Kujalleq,Greenland,61.1666,-45.4166,145
Bedourie,Queensland,Australia,-24.3496,139.4666,142
Telukbutun,Kepulauan Riau,Indonesia,4.217,108.2,140
Bifoum,Moyen-Ogooul,Gabon,-0.3329,10.3832,134
Alert,Nunavut,Canada,82.4833,-62.25,125
Fort Severn,Ontario,Canada,55.9833,-87.65,125
Rigolet,Newfoundland and Labrador,Canada,54.1766,-58.4473,124
Lansdowne House,Ontario,Canada,52.2166,-87.8833,120
Fox Bay,,Falkland Islands,-51.9506,-60.087,120
Sharbaqty,Pavlodar,Kazakhstan,52.4999,78.1499,107
Salluit,Québec,Canada,62.1826,-75.6595,106
Lutselke,Northwest Territories,Canada,62.4001,-110.7333,102
Mucusso,Cuando Cubango,Angola,-18.0195,21.43,100
Churchill Falls,Newfoundland and Labrador,Canada,53.5264,-63.9807,100
Dulan,Gansu,China,36.1666,98.2666,100
Nyingchi,Xizang,China,29.5333,94.4167,100
Ituni,Upper Takutu-Upper Essequibo,Guyana,5.43,-58.25,100
Burylbaytal,Zhambyl,Kazakhstan,44.9387,74.0303,100
El Agheila,Ajdabiya,Libya,30.257,19.2,100
Lemsid,LaRyoune - Boujdour - Sakia El Hamra,Morocco,26.5482,-13.8482,100
Mukhomornoye,Chukchi Autonomous Okrug,Russia,66.4171,173.3333,100
Vorontsovo,Taymyr,Russia,71.6983,83.5642,100
Grytviken,,South Georgia and the Islands,-54.2806,-36.508,99
Uranium City,Saskatchewan,Canada,59.5666,-108.6166,89
Burwash Landing,Yukon,Canada,61.3504,-139.0,73
Piso Firme,Santa Cruz,Bolivia,-13.683,-61.8666,72
Savissivik,,Greenland,76.0195,-65.1125,66
Kingoonya,South Australia,Australia,-30.8996,135.3,50
As Sidr,Surt,Libya,30.6704,18.2666,50
Nuevo Rocafuerte,Loreto,Peru,-0.9329,-75.4,40
Lumbala Nguimbo,Moxico,Angola,-14.0996,21.44,25
Grise Fiord,Nunavut,Canada,76.4417,-82.95,23
Cuya,Tarapace,Chile,-19.1167,-70.1333,20
Kovda,Murmansk,Russia,66.6903,32.8702,20
Erldunda,Northern Territory,Australia,-25.2333,133.2,10
Newcastle Waters,Northern Territory,Australia,-17.5528,133.4672,10
Puerto Heath,La Paz,Bolivia,-12.4996,-68.6666,10
Villa Martin,Potosi,Bolivia,-20.7665,-67.7833,10
Uruará,Par,Brazil,-3.8296,-54.03,10
Island Lake,Manitoba,Canada,53.9666,-94.7666,10
Big Beaver House,Ontario,Canada,52.95,-89.8833,10
Lagunas,Tarapac,Chile,-20.9829,-69.6833,10
Berenice,Al Bahr al Ahmar,Egypt,23.946,35.4842,10
Timmiarmiut,Kommune Kujalleq,Greenland,62.5333,-42.2167,10
Nord,Nationalparken,Greenland,81.7166,-17.8,10
Qeqertasuaq,Qaasuitsup Kommunia,Greenland,69.2442,-53.5652,10
Zillah,Al Jufrah,Libya,28.5504,17.5834,10
Magta Lajar,Brakna,Mauritania,17.0004,-13.5,10
Bir Mogrein,Tiris Zemmour,Mauritania,25.2333,-11.5833,10
Chegga,Tiris Zemmour,Mauritania,25.3804,-5.78,10
Sierra Mojada,Coahuila,Mexico,27.2876,-103.2872,10
Hodrogo,Dzavhan,Mongolia,48.9664,96.7833,10
Dawra,LaRyoune - Boujdour - Sakia El Hamra,Morocco,27.4629,-12.9922,10
Djado,Agadez,Niger,21.015,12.3075,10
El Porvenir,Kuna Yala,Panama,9.5417,-78.972,10
Andoas,Loreto,Peru,-2.9021,-76.4025,10
Gueppi,Loreto,Peru,-0.1166,-75.23,10
Puca Urco,Loreto,Peru,-2.3328,-71.9167,10
Soldado Bartra,Loreto,Peru,-2.5161,-75.7666,10
Nyukzha,Amur,Russia,56.5312,121.6131,10
Krasino,Arkhangel'sk,Russia,70.7314,54.4208,10
Matočkin Šar,Arkhangel'sk,Russia,73.27,56.4497,10
Rusanovo,Arkhangel'sk,Russia,70.5981,56.3723,10
Zvëzdnyj,Chukchi Autonomous Okrug,Russia,70.9566,-179.59,10
Yessey,Evenk,Russia,68.4837,102.1666,10
Ulkan,Irkutsk,Russia,55.9004,107.7833,10
Bol'sheretsk,Kamchatka,Russia,52.439,156.3594,10
Il'pyrskiy,Kamchatka,Russia,59.9674,164.172,10
Manily,Kamchatka,Russia,62.55,165.3,10
Pakhachi,Kamchatka,Russia,60.5816,169.05,10
Utkholok,Kamchatka,Russia,57.5504,157.2333,10
Khakhar,Khabarovsk,Russia,57.6666,135.43,10
Tukchi,Khabarovsk,Russia,57.367,139.5,10
Laryak,Khanty-Mansiy,Russia,61.1012,80.2514,10
Numto,Khanty-Mansiy,Russia,63.6667,71.3333,10
Peregrebnoye,Khanty-Mansiy,Russia,62.967,65.0859,10
Komsa,Krasnoyarsk,Russia,61.868,89.2577,10
Podkamennaya Tunguska,Krasnoyarsk,Russia,61.5995,90.1236,10
Karamken,Maga Buryatdan,Russia,60.2004,151.1666,10
Omchak,Maga Buryatdan,Russia,61.6333,147.9167,10
Siglan,Maga Buryatdan,Russia,59.0337,152.4166,10
Strelka,Maga Buryatdan,Russia,61.867,152.2502,10
Indiga,Nenets,Russia,67.6898,49.0166,10
Varnek,Nenets,Russia,69.7301,60.0636,10
Chagda,Sakha (Yakutia),Russia,60.1,133.9,10
Khorgo,Sakha (Yakutia),Russia,73.4833,113.63,10
Menkere,Sakha (Yakutia),Russia,67.9886,123.3505,10
Natara,Sakha (Yakutia),Russia,68.4106,123.9255,10
Olenyok,Sakha (Yakutia),Russia,68.525,112.45,10
Sagastyr,Sakha (Yakutia),Russia,73.3779,126.5924,10
Shalaurova,Sakha (Yakutia),Russia,73.2204,143.1833,10
Terbyas,Sakha (Yakutia),Russia,64.3761,120.5469,10
Trofimovsk,Sakha (Yakutia),Russia,72.5997,127.0337,10
Tunguskhaya,Sakha (Yakutia),Russia,64.9004,125.25,10
Ust-Olenyok,Sakha (Yakutia),Russia,72.9978,119.7729,10
Zemlya Bunge,Sakha (Yakutia),Russia,74.8983,142.105,10
Zhilinda,Sakha (Yakutia),Russia,70.1337,114.0,10
Agapa,Taymyr,Russia,71.4504,89.25,10
Mikhaylova,Taymyr,Russia,75.095,86.9824,10
Starorybnoye,Taymyr,Russia,72.7666,104.8,10
Gyda,Yamal-Nenets,Russia,70.8814,78.4661,10
Chuquicamata,Antofagasta,Chile,-22.32,-68.93,0
Fortin Falcon,Presidente Hayes,Paraguay,-23.0503,-59.8499,-99
Kazachye,Sakha (Yakutia),Russia,70.7333,136.2166,-99
